serialNo,name,date,amount,category
1,Cafe,2020-05-25,3715.63,Food
2,Online Course,2020-05-24,9260.64,Education
3,Stationery,2020-05-11,5274.41,Education
4,Movie,2020-05-15,2315.50,Entertainment
5,Cruise,2020-05-01,8915.19,Travel
6,Medicine,2020-05-07,3584.06,Medical
7,Metro,2020-05-16,4746.50,Transportation
8,Insurance,2020-05-04,3670.03,Medical
9,Dress,2020-05-06,6256.70,Clothing
10,Taxi,2020-05-12,6094.81,Travel
11,Train,2020-05-20,2944.22,Transportation
12,Roaming,2020-05-15,4482.79,Communication
13,Phone Bill,2020-05-27,3237.85,Communication
14,Workshop,2020-05-28,941.16,Education
15,Jacket,2020-05-16,1026.50,Clothing
16,Mortgage,2020-05-24,1471.35,Home
17,Delivery,2020-05-04,3441.00,Food
18,Hospital Bill,2020-05-19,6155.77,Medical
19,Amusement Park,2020-05-11,2158.04,Entertainment
20,Bicycle,2020-05-14,5616.37,Transportation
21,Calling Card,2020-05-09,338.36,Communication
22,Belt,2020-05-28,9828.37,Clothing
23,Vegetables,2020-05-11,3745.69,Food
24,Accessories,2020-05-01,4319.36,Others
25,Notebook,2020-05-21,7439.08,Education
26,Water Bill,2020-05-25,8845.64,Home
27,Fitness Class,2020-05-09,1717.97,Sports
28,Running,2020-05-14,7283.09,Sports
29,Bus,2020-05-04,651.92,Transportation
30,Meat,2020-05-27,4689.45,Food
31,Storage,2020-05-13,857.34,Others
32,Jacket,2020-05-11,1020.73,Clothing
33,Fitness Class,2020-05-26,7875.78,Sports
34,Donation,2020-05-10,1313.34,Others
35,Online Course,2020-05-20,6834.47,Education
36,Fuel,2020-05-11,9162.74,Travel
37,Stationery,2020-05-15,113.36,Education
38,Taxi,2020-05-04,1302.95,Travel
39,Dress,2020-05-12,9875.04,Clothing
40,Train,2020-05-15,1354.22,Transportation
41,Mobile Recharge,2020-05-27,6990.39,Communication
42,Fruits,2020-05-12,1676.95,Food
43,Basketball,2020-05-27,704.92,Sports
44,Furniture,2020-05-18,5620.23,Home
45,Game,2020-05-02,3901.97,Entertainment
46,Travel Insurance,2020-05-23,5538.33,Travel
47,Fast Food,2020-05-27,1410.76,Food
48,Fuel,2020-05-13,9506.35,Travel
49,Taxi,2020-05-10,4450.76,Travel
50,Bank Fee,2020-05-22,2340.10,Others
51,Backpack,2020-05-18,1770.21,Education
52,Security,2020-05-22,8698.32,Others
53,Parking,2020-05-24,9957.98,Transportation
54,Train,2020-05-28,1287.77,Transportation
55,Bus,2020-05-26,9836.58,Transportation
56,Fitness Class,2020-05-17,9854.93,Sports
57,Hat,2020-05-20,690.89,Clothing
58,Toll,2020-05-22,6137.04,Travel
59,Snacks,2020-05-12,6296.92,Food
60,Train,2020-05-20,795.12,Travel
61,Internet,2020-05-19,7825.46,Home
62,Notebook,2020-05-08,1883.54,Education
63,Notebook,2020-05-10,3176.25,Education
64,Bus,2020-05-02,4194.63,Transportation
65,Online Course,2020-05-03,675.13,Education
66,Jeans,2020-05-11,4578.89,Clothing
67,Game,2020-05-15,9265.66,Entertainment
68,Scarf,2020-05-03,7370.69,Clothing
69,Notebook,2020-05-07,8219.39,Education
70,Notebook,2020-05-18,4439.84,Education
71,Shoes,2020-05-09,5016.12,Clothing
72,Train,2020-05-08,2272.07,Transportation
73,Train,2020-05-03,5121.06,Transportation
74,Online Course,2020-05-07,8699.84,Education
75,Scarf,2020-05-08,3365.20,Clothing
76,Jeans,2020-05-27,8774.19,Clothing
77,Therapy,2020-05-24,7338.94,Medical
78,Fuel,2020-05-10,3460.47,Transportation
79,Internet,2020-05-24,4473.31,Communication
80,Gift,2020-05-19,2914.46,Others
81,Bus,2020-05-16,2387.45,Transportation
82,Eye Exam,2020-05-07,3935.36,Medical
83,SIM Card,2020-05-02,9413.62,Communication
84,Fast Food,2020-05-02,2062.34,Food
85,Metro,2020-05-19,7015.60,Transportation
86,Backpack,2020-05-02,7358.65,Education
87,Scarf,2020-05-03,6276.87,Clothing
88,Fuel,2020-05-19,6315.71,Transportation
89,Vaccination,2020-05-22,1243.42,Medical
90,Scarf,2020-05-23,8035.54,Clothing
91,Fast Food,2020-05-01,7027.04,Food
92,Jeans,2020-05-24,7341.64,Clothing
93,Mobile Recharge,2020-05-28,9189.12,Communication
94,Fuel,2020-05-09,1332.91,Travel
95,Cafe,2020-05-24,6387.78,Food
96,Postage,2020-05-13,7143.09,Communication
97,Gas,2020-05-26,9784.21,Home
98,Vegetables,2020-05-14,5976.97,Food
99,Dress,2020-05-15,8032.60,Clothing
100,Maintenance,2020-05-20,4155.01,Home
101,Internet,2020-06-05,1086.32,Communication
102,Books,2020-06-21,2110.63,Education
103,Fuel,2020-06-04,9230.80,Transportation
104,Game,2020-06-20,8988.13,Entertainment
105,Electricity,2020-06-07,4735.23,Home
106,Lottery,2020-06-22,951.03,Others
107,Hotel,2020-06-06,9080.51,Travel
108,Calling Card,2020-06-16,8606.08,Communication
109,Belt,2020-06-03,8797.62,Clothing
110,Drinks,2020-06-09,3993.02,Food
111,Sports Event,2020-06-24,4048.07,Entertainment
112,Jeans,2020-06-12,2160.05,Clothing
113,Taxi,2020-06-12,8197.93,Transportation
114,Train,2020-06-07,7636.47,Travel
115,Doctor Visit,2020-06-17,931.17,Medical
116,Dress,2020-06-04,4520.35,Clothing
117,Laundry,2020-06-09,7129.43,Others
118,Concert,2020-06-26,7142.73,Entertainment
119,Jacket,2020-06-15,5793.76,Clothing
120,Hat,2020-06-02,4671.03,Clothing
121,Mobile Recharge,2020-06-02,3546.38,Communication
122,Maintenance,2020-06-27,2323.26,Home
123,Accessories,2020-06-14,3261.06,Others
124,Dental Check,2020-06-15,6634.95,Medical
125,Drinks,2020-06-26,7583.59,Food
126,Sports Event,2020-06-13,3940.65,Entertainment
127,Flight,2020-06-15,9301.29,Travel
128,Donation,2020-06-14,277.00,Others
129,Bus,2020-06-23,8266.51,Transportation
130,Donation,2020-06-21,9033.35,Others
131,Train,2020-06-25,4689.75,Travel
132,Tennis,2020-06-15,8188.90,Sports
133,Calling Card,2020-06-03,7113.93,Communication
134,Hospital Bill,2020-06-06,5866.75,Medical
135,Gas,2020-06-26,3922.77,Home
136,Mobile Recharge,2020-06-05,9732.51,Communication
137,Pet,2020-06-02,9573.60,Others
138,Pet,2020-06-17,5356.59,Others
139,Roaming,2020-06-05,4008.56,Communication
140,Toll,2020-06-12,649.88,Transportation
141,Pet,2020-06-04,1439.14,Others
142,Accessories,2020-06-12,764.42,Others
143,Train,2020-06-10,8211.91,Travel
144,Electricity,2020-06-25,6430.72,Home
145,Scooter,2020-06-10,29.67,Transportation
146,Game,2020-06-08,8346.44,Entertainment
147,Maintenance,2020-06-09,4881.54,Home
148,Tuition,2020-06-26,7324.63,Education
149,Parking,2020-06-19,258.84,Transportation
150,Shirt,2020-06-26,2272.32,Clothing
151,Cruise,2020-06-13,2414.30,Travel
152,Coat,2020-06-23,6626.87,Clothing
153,Eye Exam,2020-06-21,4524.60,Medical
154,Insurance,2020-06-04,1284.41,Medical
155,Workshop,2020-06-21,2963.59,Education
156,Taxi,2020-06-15,2726.40,Transportation
157,Water Bill,2020-06-08,7081.27,Home
158,Insurance,2020-06-18,5442.91,Medical
159,Train,2020-06-19,1569.96,Travel
160,Maintenance,2020-06-21,1724.13,Home
161,Lottery,2020-06-23,3458.98,Others
162,Postage,2020-06-24,7215.02,Communication
163,Water Bill,2020-06-25,5215.15,Home
164,Flight,2020-06-07,5970.43,Travel
165,Donation,2020-06-01,9091.50,Others
166,Game,2020-06-09,7322.82,Entertainment
167,Subscription,2020-06-21,7629.08,Communication
168,Dress,2020-06-07,4050.00,Clothing
169,Football,2020-06-05,7784.77,Sports
170,Bicycle,2020-06-12,1314.33,Transportation
171,Charity,2020-06-14,911.58,Others
172,Rent,2020-06-22,1444.48,Home
173,Calling Card,2020-06-16,1079.75,Communication
174,Visa Fee,2020-06-09,7814.66,Travel
175,Theater,2020-06-05,79.39,Entertainment
176,Coat,2020-06-16,4147.03,Clothing
177,Travel Insurance,2020-06-01,8257.08,Travel
178,Music Festival,2020-06-13,4156.47,Entertainment
179,Yoga,2020-06-04,7936.61,Sports
180,Game,2020-06-18,4685.52,Entertainment
181,Flight,2020-06-01,5271.10,Travel
182,Calling Card,2020-06-15,5897.56,Communication
183,Shoes,2020-06-18,6747.33,Clothing
184,Internet,2020-06-06,817.80,Communication
185,Internet,2020-06-17,4736.42,Communication
186,Ride Sharing,2020-06-28,5683.85,Transportation
187,Running,2020-06-08,2246.20,Sports
188,Internet,2020-06-25,7141.68,Home
189,Gift,2020-06-17,5384.32,Others
190,Toll,2020-06-15,5382.55,Transportation
191,Delivery,2020-06-20,6284.94,Food
192,Medicine,2020-06-27,4343.88,Medical
193,Scooter,2020-06-01,9212.13,Transportation
194,Lottery,2020-06-20,7144.73,Others
195,Jeans,2020-06-21,3078.48,Clothing
196,Maintenance,2020-06-17,5441.78,Home
197,Backpack,2020-06-28,2636.02,Education
198,Dress,2020-06-26,9365.11,Clothing
199,Shoes,2020-06-23,8730.03,Clothing
200,Fuel,2020-06-04,3695.18,Travel
201,Lottery,2020-07-15,7926.56,Others
202,Bus,2020-07-14,7441.59,Transportation
203,Yoga,2020-07-06,5520.82,Sports
204,Visa Fee,2020-07-24,7622.31,Travel
205,Rental Car,2020-07-02,6854.61,Travel
206,Medicine,2020-07-28,8746.98,Medical
207,Restaurant,2020-07-26,3157.38,Food
208,Fuel,2020-07-08,3165.84,Travel
209,Appliance,2020-07-25,1620.44,Home
210,Online Course,2020-07-07,4172.72,Education
211,Delivery,2020-07-13,5727.09,Food
212,Mortgage,2020-07-15,3226.61,Home
213,Shoes,2020-07-21,9004.03,Clothing
214,Rental Car,2020-07-20,8728.42,Travel
215,Gym,2020-07-21,781.94,Sports
216,Coat,2020-07-18,355.10,Clothing
217,Stationery,2020-07-13,4154.28,Education
218,Fruits,2020-07-03,7346.64,Food
219,Roaming,2020-07-07,8194.88,Communication
220,Postage,2020-07-05,6268.36,Communication
221,Visa Fee,2020-07-18,5748.60,Travel
222,Travel Insurance,2020-07-21,893.19,Travel
223,Mobile Recharge,2020-07-06,1384.15,Communication
224,Subscription,2020-07-06,3188.68,Communication
225,Eye Exam,2020-07-06,5521.99,Medical
226,SIM Card,2020-07-28,4472.11,Communication
227,Doctor Visit,2020-07-23,7590.84,Medical
228,Flight,2020-07-04,9002.84,Travel
229,Insurance,2020-07-19,518.48,Medical
230,Delivery,2020-07-03,5979.73,Food
231,Metro,2020-07-19,6192.51,Transportation
232,Surgery,2020-07-05,881.30,Medical
233,Jeans,2020-07-25,5063.00,Clothing
234,Pen,2020-07-25,7559.23,Education
235,Laundry,2020-07-22,5275.50,Others
236,Hospital Bill,2020-07-22,8950.81,Medical
237,Meat,2020-07-05,6826.23,Food
238,Cafe,2020-07-21,5244.31,Food
239,Meat,2020-07-12,7130.34,Food
240,Dress,2020-07-22,2465.69,Clothing
241,Shirt,2020-07-19,4630.43,Clothing
242,Data Plan,2020-07-16,3521.18,Communication
243,Yoga,2020-07-20,6811.38,Sports
244,Roaming,2020-07-04,8803.62,Communication
245,Equipment,2020-07-07,1593.95,Sports
246,Doctor Visit,2020-07-24,6071.70,Medical
247,Workshop,2020-07-09,730.48,Education
248,Fuel,2020-07-28,7385.33,Transportation
249,Mortgage,2020-07-03,4866.17,Home
250,Roaming,2020-07-12,2974.48,Communication
251,Drinks,2020-07-13,7209.64,Food
252,VPN,2020-07-04,4002.92,Communication
253,Medicine,2020-07-21,1727.33,Medical
254,Appliance,2020-07-17,3356.07,Home
255,Cleaning,2020-07-03,8503.93,Home
256,Train,2020-07-03,1834.42,Travel
257,Amusement Park,2020-07-18,6786.96,Entertainment
258,Karaoke,2020-07-19,4901.06,Entertainment
259,Bank Fee,2020-07-01,6897.58,Others
260,Doctor Visit,2020-07-16,1234.22,Medical
261,Cleaning,2020-07-07,8163.82,Home
262,Running,2020-07-07,6209.53,Sports
263,Taxi,2020-07-12,7464.08,Travel
264,Gas,2020-07-13,7817.56,Home
265,Vaccination,2020-07-26,2778.94,Medical
266,Ride Sharing,2020-07-16,5576.28,Transportation
267,Amusement Park,2020-07-27,9776.67,Entertainment
268,Tuition,2020-07-05,7617.75,Education
269,Notebook,2020-07-27,842.36,Education
270,Meat,2020-07-18,2295.98,Food
271,Data Plan,2020-07-22,4162.92,Communication
272,Groceries,2020-07-24,9288.71,Food
273,Jeans,2020-07-25,2753.98,Clothing
274,Bank Fee,2020-07-20,1797.76,Others
275,Security,2020-07-13,5921.23,Others
276,Accessories,2020-07-10,9221.85,Others
277,Sports Event,2020-07-12,3624.60,Entertainment
278,Mortgage,2020-07-02,2914.73,Home
279,Water Bill,2020-07-19,8615.46,Home
280,Dental Check,2020-07-08,32.32,Medical
281,Meat,2020-07-18,7652.96,Food
282,Maintenance,2020-07-19,7264.08,Home
283,Hotel,2020-07-06,9704.70,Travel
284,Water Bill,2020-07-19,5705.60,Home
285,Books,2020-07-24,3068.28,Education
286,Train,2020-07-13,2456.42,Transportation
287,SIM Card,2020-07-20,2733.94,Communication
288,Pet,2020-07-10,6624.37,Others
289,Rental Car,2020-07-07,7124.79,Travel
290,Parking,2020-07-06,4341.73,Transportation
291,Concert,2020-07-08,8196.38,Entertainment
292,Books,2020-07-10,9283.84,Education
293,Basketball,2020-07-08,8119.79,Sports
294,Notebook,2020-07-18,1775.09,Education
295,Swimming,2020-07-08,8170.36,Sports
296,Toll,2020-07-06,8452.80,Travel
297,VPN,2020-07-13,4651.93,Communication
298,Coat,2020-07-13,6843.19,Clothing
299,Snacks,2020-07-15,6970.21,Food
300,Equipment,2020-07-21,4138.26,Sports
301,Bank Fee,2020-08-21,8608.51,Others
302,Pet,2020-08-27,1190.15,Others
303,Books,2020-08-19,6903.46,Education
304,Internet,2020-08-27,8041.70,Communication
305,Accessories,2020-08-16,6729.05,Others
306,Charity,2020-08-17,3911.50,Others
307,Bus,2020-08-12,2449.77,Transportation
308,Streaming Service,2020-08-17,1174.39,Entertainment
309,Notebook,2020-08-13,6514.17,Education
310,Pet,2020-08-11,8753.04,Others
311,Meat,2020-08-09,1912.86,Food
312,Cruise,2020-08-06,3488.90,Travel
313,Therapy,2020-08-02,6320.17,Medical
314,Bus,2020-08-04,7124.21,Transportation
315,Train,2020-08-14,4167.10,Travel
316,Shoes,2020-08-08,2008.78,Clothing
317,Gift,2020-08-11,2599.41,Others
318,Jacket,2020-08-16,7594.37,Clothing
319,Maintenance,2020-08-07,2786.15,Home
320,Taxi,2020-08-13,360.44,Travel
321,Rental Car,2020-08-28,3516.30,Travel
322,Data Plan,2020-08-14,8346.47,Communication
323,Fast Food,2020-08-08,7389.45,Food
324,Karaoke,2020-08-15,7771.73,Entertainment
325,Medicine,2020-08-21,7426.54,Medical
326,Therapy,2020-08-14,849.00,Medical
327,Dental Check,2020-08-14,6679.22,Medical
328,Swimming,2020-08-11,5462.05,Sports
329,Fitness Class,2020-08-28,2397.16,Sports
330,Groceries,2020-08-03,2207.32,Food
331,Cleaning,2020-08-01,2037.97,Home
332,Rental Car,2020-08-05,7998.17,Travel
333,Belt,2020-08-15,3908.70,Clothing
334,Surgery,2020-08-28,2156.70,Medical
335,Vegetables,2020-08-13,2552.82,Food
336,Water Bill,2020-08-14,5064.41,Home
337,Movie,2020-08-22,185.77,Entertainment
338,Coat,2020-08-20,2736.01,Clothing
339,Online Course,2020-08-11,7005.61,Education
340,Books,2020-08-25,9785.98,Education
341,Phone Bill,2020-08-01,3625.26,Communication
342,Gas,2020-08-22,5621.14,Home
343,Scarf,2020-08-18,5881.24,Clothing
344,Football,2020-08-06,9646.28,Sports
345,Travel Insurance,2020-08-28,2352.73,Travel
346,Football,2020-08-10,6158.71,Sports
347,Hotel,2020-08-20,8678.05,Travel
348,Parking,2020-08-19,3224.55,Transportation
349,Tennis,2020-08-20,9873.77,Sports
350,Storage,2020-08-13,3358.89,Others
351,Yoga,2020-08-13,6513.12,Sports
352,Tennis,2020-08-24,4927.03,Sports
353,Music Festival,2020-08-26,783.32,Entertainment
354,Mobile Recharge,2020-08-17,3241.24,Communication
355,SIM Card,2020-08-04,1064.00,Communication
356,Karaoke,2020-08-10,2964.42,Entertainment
357,Club,2020-08-11,4798.18,Entertainment
358,Shirt,2020-08-24,9494.93,Clothing
359,Furniture,2020-08-23,5448.74,Home
360,Cafe,2020-08-24,1408.23,Food
361,Football,2020-08-25,2899.12,Sports
362,Scarf,2020-08-10,6893.82,Clothing
363,Pet,2020-08-08,8906.31,Others
364,Visa Fee,2020-08-01,6904.13,Travel
365,Tuition,2020-08-26,7076.37,Education
366,Tennis,2020-08-12,1476.79,Sports
367,Groceries,2020-08-26,7777.97,Food
368,Furniture,2020-08-03,8299.17,Home
369,Meat,2020-08-26,1748.35,Food
370,Lottery,2020-08-02,3847.07,Others
371,Parking,2020-08-20,9746.74,Transportation
372,Delivery,2020-08-18,542.01,Food
373,Snacks,2020-08-25,5581.32,Food
374,Sports Event,2020-08-17,2024.02,Entertainment
375,Therapy,2020-08-28,6079.42,Medical
376,Train,2020-08-22,6185.85,Travel
377,Cleaning,2020-08-11,9628.52,Home
378,Internet,2020-08-27,8923.57,Home
379,Hotel,2020-08-16,4454.47,Travel
380,Surgery,2020-08-28,4756.93,Medical
381,Travel Insurance,2020-08-20,3886.40,Travel
382,Metro,2020-08-04,8566.52,Transportation
383,Doctor Visit,2020-08-15,4588.47,Medical
384,Workshop,2020-08-11,449.21,Education
385,Calling Card,2020-08-27,435.41,Communication
386,Socks,2020-08-01,6310.51,Clothing
387,Bus,2020-08-09,4510.33,Transportation
388,Taxi,2020-08-11,1622.65,Transportation
389,Theater,2020-08-10,4940.10,Entertainment
390,Parking,2020-08-04,6250.16,Transportation
391,Taxi,2020-08-14,4220.25,Transportation
392,Health Check,2020-08-17,5644.89,Medical
393,Fast Food,2020-08-10,4880.75,Food
394,Concert,2020-08-18,2941.83,Entertainment
395,Jeans,2020-08-13,4870.37,Clothing
396,Concert,2020-08-07,8446.12,Entertainment
397,Pen,2020-08-09,2947.37,Education
398,Cycling,2020-08-16,4260.83,Sports
399,Laundry,2020-08-03,8876.54,Others
400,Cycling,2020-08-13,6774.93,Sports
401,Fitness Class,2020-09-09,3188.57,Sports
402,Train,2020-09-10,6829.62,Transportation
403,Storage,2020-09-23,8389.39,Others
404,Scarf,2020-09-23,1956.68,Clothing
405,Fuel,2020-09-22,9199.47,Travel
406,Internet,2020-09-18,9355.45,Home
407,Travel Insurance,2020-09-14,9620.26,Travel
408,Donation,2020-09-24,5540.27,Others
409,Tuition,2020-09-03,7809.18,Education
410,Fruits,2020-09-20,1896.06,Food
411,Streaming Service,2020-09-23,9253.97,Entertainment
412,Accessories,2020-09-04,7523.11,Others
413,Delivery,2020-09-14,1623.27,Food
414,Donation,2020-09-27,8385.45,Others
415,Train,2020-09-22,9154.21,Transportation
416,Toll,2020-09-19,9369.37,Travel
417,Internet,2020-09-04,5088.01,Home
418,Fuel,2020-09-04,4092.50,Transportation
419,Running,2020-09-26,8442.90,Sports
420,Electricity,2020-09-08,2864.45,Home
421,Rent,2020-09-13,991.65,Home
422,Equipment,2020-09-09,2299.38,Sports
423,Delivery,2020-09-21,2279.07,Food
424,Scooter,2020-09-13,9562.08,Transportation
425,Jeans,2020-09-03,6855.07,Clothing
426,Surgery,2020-09-20,1659.69,Medical
427,Flight,2020-09-25,5556.04,Travel
428,Shirt,2020-09-03,9615.07,Clothing
429,Hat,2020-09-14,8175.51,Clothing
430,Movie,2020-09-28,581.39,Entertainment
431,Workshop,2020-09-12,9365.54,Education
432,Data Plan,2020-09-15,8668.88,Communication
433,Fitness Class,2020-09-08,5927.59,Sports
434,Health Check,2020-09-17,4597.21,Medical
435,Data Plan,2020-09-20,9114.84,Communication
436,Data Plan,2020-09-19,6733.31,Communication
437,Water Bill,2020-09-11,1047.86,Home
438,Therapy,2020-09-23,206.97,Medical
439,Online Course,2020-09-18,3175.53,Education
440,Stationery,2020-09-21,4124.16,Education
441,Club,2020-09-24,675.16,Entertainment
442,Train,2020-09-06,650.19,Transportation
443,Game,2020-09-12,7655.57,Entertainment
444,Shirt,2020-09-27,3478.36,Clothing
445,Socks,2020-09-16,1842.55,Clothing
446,Parking,2020-09-20,7504.51,Transportation
447,Fitness Class,2020-09-15,2055.61,Sports
448,Drinks,2020-09-20,1938.24,Food
449,Seminar,2020-09-03,9254.02,Education
450,Donation,2020-09-05,7024.83,Others
451,Ride Sharing,2020-09-14,3485.77,Transportation
452,Drinks,2020-09-03,337.11,Food
453,Electricity,2020-09-19,3916.83,Home
454,Belt,2020-09-27,9368.22,Clothing
455,Pet,2020-09-23,506.18,Others
456,Fruits,2020-09-19,5185.31,Food
457,Stationery,2020-09-25,538.42,Education
458,Health Check,2020-09-10,6649.46,Medical
459,Fuel,2020-09-02,5886.29,Transportation
460,Appliance,2020-09-12,3347.85,Home
461,Bus,2020-09-10,2386.09,Transportation
462,Cruise,2020-09-10,1298.96,Travel
463,Bicycle,2020-09-11,9550.44,Transportation
464,Fruits,2020-09-17,2149.41,Food
465,Internet,2020-09-23,8497.89,Communication
466,Tuition,2020-09-15,3192.22,Education
467,Tennis,2020-09-18,9351.62,Sports
468,Flight,2020-09-16,6765.78,Travel
469,Coat,2020-09-24,8898.39,Clothing
470,Dental Check,2020-09-02,1340.38,Medical
471,Gift,2020-09-19,7092.99,Others
472,Mortgage,2020-09-19,5304.19,Home
473,Club,2020-09-05,6963.21,Entertainment
474,Toll,2020-09-16,6272.63,Transportation
475,VPN,2020-09-19,2568.94,Communication
476,Streaming Service,2020-09-05,317.42,Entertainment
477,Swimming,2020-09-18,9451.73,Sports
478,Hat,2020-09-05,685.42,Clothing
479,Lottery,2020-09-25,1683.59,Others
480,Online Course,2020-09-20,1365.28,Education
481,Cafe,2020-09-25,7629.07,Food
482,Storage,2020-09-27,7136.89,Others
483,Doctor Visit,2020-09-21,7405.62,Medical
484,Insurance,2020-09-28,14.07,Medical
485,Vegetables,2020-09-24,9191.31,Food
486,Restaurant,2020-09-27,7166.66,Food
487,Maintenance,2020-09-10,8692.33,Home
488,Stationery,2020-09-09,7377.57,Education
489,Equipment,2020-09-14,31.23,Sports
490,Donation,2020-09-14,8160.28,Others
491,Calling Card,2020-09-10,3283.70,Communication
492,Stationery,2020-09-01,1764.43,Education
493,Online Course,2020-09-01,9546.83,Education
494,Club,2020-09-23,9313.56,Entertainment
495,Data Plan,2020-09-15,9393.24,Communication
496,Dental Check,2020-09-16,3033.98,Medical
497,Security,2020-09-19,2788.90,Others
498,Cycling,2020-09-18,8976.55,Sports
499,Running,2020-09-14,3795.58,Sports
500,Stationery,2020-09-04,4273.90,Education
501,Gas,2020-10-27,7254.98,Home
502,Electricity,2020-10-14,2662.13,Home
503,Fruits,2020-10-19,90.21,Food
504,Basketball,2020-10-15,5344.81,Sports
505,Amusement Park,2020-10-21,4592.34,Entertainment
506,Stationery,2020-10-27,4685.25,Education
507,Exam Fee,2020-10-14,195.07,Education
508,Theater,2020-10-16,2126.78,Entertainment
509,Bicycle,2020-10-20,4319.67,Transportation
510,Doctor Visit,2020-10-08,8012.67,Medical
511,Swimming,2020-10-03,7096.00,Sports
512,Snacks,2020-10-03,6318.08,Food
513,Bank Fee,2020-10-21,7388.00,Others
514,Yoga,2020-10-19,3735.08,Sports
515,Karaoke,2020-10-14,2932.18,Entertainment
516,Visa Fee,2020-10-10,4371.12,Travel
517,Jeans,2020-10-27,6294.46,Clothing
518,Visa Fee,2020-10-09,239.72,Travel
519,Karaoke,2020-10-15,4417.04,Entertainment
520,Laundry,2020-10-16,3123.01,Others
521,Bank Fee,2020-10-08,8207.11,Others
522,Taxi,2020-10-17,1162.51,Travel
523,Taxi,2020-10-20,3417.71,Travel
524,Workshop,2020-10-21,6016.41,Education
525,Doctor Visit,2020-10-17,1631.52,Medical
526,Fast Food,2020-10-06,9500.98,Food
527,Postage,2020-10-14,6729.83,Communication
528,VPN,2020-10-12,6503.77,Communication
529,Maintenance,2020-10-25,4512.17,Home
530,Train,2020-10-14,8683.54,Transportation
531,Visa Fee,2020-10-20,4067.39,Travel
532,Fruits,2020-10-19,3750.51,Food
533,Flight,2020-10-18,8986.84,Travel
534,Laundry,2020-10-15,6422.49,Others
535,Basketball,2020-10-05,8246.03,Sports
536,Equipment,2020-10-16,577.78,Sports
537,Jeans,2020-10-01,2375.63,Clothing
538,Charity,2020-10-01,8025.49,Others
539,Hat,2020-10-21,3950.59,Clothing
540,Toll,2020-10-14,7814.01,Transportation
541,Travel Insurance,2020-10-16,8493.60,Travel
542,Charity,2020-10-14,7760.71,Others
543,Online Course,2020-10-05,1118.75,Education
544,Dental Check,2020-10-09,9223.68,Medical
545,Internet,2020-10-19,6407.50,Home
546,Bus,2020-10-13,1774.91,Transportation
547,Swimming,2020-10-16,3915.08,Sports
548,Water Bill,2020-10-20,9582.12,Home
549,Theater,2020-10-18,1931.11,Entertainment
550,Workshop,2020-10-18,2681.57,Education
551,Toll,2020-10-25,4401.86,Transportation
552,Backpack,2020-10-14,2309.76,Education
553,Cleaning,2020-10-08,4592.55,Home
554,Cruise,2020-10-25,2253.43,Travel
555,Streaming Service,2020-10-10,1418.07,Entertainment
556,Internet,2020-10-17,2445.19,Home
557,Meat,2020-10-12,1680.37,Food
558,Drinks,2020-10-08,8325.59,Food
559,Swimming,2020-10-20,100.00,Sports
560,Cafe,2020-10-09,9759.05,Food
561,Travel Insurance,2020-10-15,3699.60,Travel
562,Exam Fee,2020-10-10,8136.26,Education
563,Cycling,2020-10-27,5132.01,Sports
564,Hat,2020-10-17,330.17,Clothing
565,Bicycle,2020-10-28,2999.77,Transportation
566,Medicine,2020-10-16,8673.27,Medical
567,Yoga,2020-10-17,5595.00,Sports
568,Amusement Park,2020-10-26,6290.14,Entertainment
569,Flight,2020-10-27,190.84,Travel
570,Accessories,2020-10-17,9059.24,Others
571,Club,2020-10-03,7990.14,Entertainment
572,Security,2020-10-26,406.01,Others
573,Cycling,2020-10-14,4907.29,Sports
574,VPN,2020-10-20,8329.07,Communication
575,Socks,2020-10-01,6268.33,Clothing
576,Sports Event,2020-10-23,8453.38,Entertainment
577,Laundry,2020-10-28,9566.45,Others
578,Fuel,2020-10-25,6403.00,Travel
579,Therapy,2020-10-03,4507.32,Medical
580,Drinks,2020-10-03,9163.70,Food
581,Toll,2020-10-14,5162.40,Travel
582,Calling Card,2020-10-09,3945.95,Communication
583,Hospital Bill,2020-10-06,4100.80,Medical
584,Charity,2020-10-18,832.17,Others
585,Charity,2020-10-27,4003.56,Others
586,Travel Insurance,2020-10-24,1044.71,Travel
587,Shoes,2020-10-20,4616.17,Clothing
588,Charity,2020-10-28,8478.47,Others
589,Security,2020-10-10,1054.69,Others
590,Tuition,2020-10-03,5757.69,Education
591,Seminar,2020-10-20,872.19,Education
592,Gift,2020-10-03,3956.95,Others
593,Online Course,2020-10-21,5444.91,Education
594,Fuel,2020-10-26,9187.04,Transportation
595,Hat,2020-10-08,1827.43,Clothing
596,Gift,2020-10-03,577.01,Others
597,Swimming,2020-10-07,8619.91,Sports
598,Concert,2020-10-16,4472.66,Entertainment
599,Concert,2020-10-27,2372.00,Entertainment
600,Online Course,2020-10-24,869.82,Education
601,Online Course,2020-11-05,9465.74,Education
602,Football,2020-11-27,9931.02,Sports
603,Snacks,2020-11-09,7394.44,Food
604,Train,2020-11-11,4196.54,Transportation
605,Mortgage,2020-11-07,2311.74,Home
606,Workshop,2020-11-14,3534.13,Education
607,Dress,2020-11-09,4230.43,Clothing
608,Jeans,2020-11-24,6428.86,Clothing
609,Gas,2020-11-27,683.09,Home
610,Travel Insurance,2020-11-18,1880.64,Travel
611,Taxi,2020-11-16,6129.28,Travel
612,Dental Check,2020-11-06,7249.39,Medical
613,Surgery,2020-11-07,4895.56,Medical
614,Club,2020-11-05,2706.10,Entertainment
615,Gym,2020-11-04,8254.67,Sports
616,Karaoke,2020-11-01,5551.71,Entertainment
617,Jeans,2020-11-15,9072.22,Clothing
618,Belt,2020-11-25,5924.95,Clothing
619,Subscription,2020-11-15,8793.26,Communication
620,Furniture,2020-11-04,686.93,Home
621,Lottery,2020-11-22,8538.75,Others
622,Streaming Service,2020-11-23,3180.10,Entertainment
623,Furniture,2020-11-20,749.02,Home
624,Drinks,2020-11-25,5302.26,Food
625,Equipment,2020-11-27,8649.05,Sports
626,Cruise,2020-11-10,7581.40,Travel
627,Parking,2020-11-25,6688.19,Transportation
628,Accessories,2020-11-09,5915.56,Others
629,Eye Exam,2020-11-25,1816.00,Medical
630,Cleaning,2020-11-03,6261.46,Home
631,Laundry,2020-11-15,2213.64,Others
632,Internet,2020-11-27,3207.15,Communication
633,Bus,2020-11-24,3424.10,Transportation
634,Furniture,2020-11-18,1409.14,Home
635,Accessories,2020-11-12,2499.35,Others
636,Basketball,2020-11-28,3816.89,Sports
637,Cafe,2020-11-13,3216.71,Food
638,Internet,2020-11-28,4523.69,Home
639,Rent,2020-11-01,7717.94,Home
640,Fast Food,2020-11-27,1075.85,Food
641,Security,2020-11-22,7575.57,Others
642,Restaurant,2020-11-16,9471.79,Food
643,Coat,2020-11-16,1578.97,Clothing
644,Movie,2020-11-16,3009.66,Entertainment
645,Vaccination,2020-11-25,430.75,Medical
646,Postage,2020-11-19,6252.90,Communication
647,Storage,2020-11-02,7756.61,Others
648,Fitness Class,2020-11-05,8692.44,Sports
649,Running,2020-11-11,3239.31,Sports
650,Workshop,2020-11-16,7551.03,Education
651,Shirt,2020-11-15,35.02,Clothing
652,Mobile Recharge,2020-11-26,5751.10,Communication
653,Stationery,2020-11-12,6894.62,Education
654,Parking,2020-11-04,1395.06,Transportation
655,Laundry,2020-11-21,2293.52,Others
656,Hotel,2020-11-19,8717.61,Travel
657,Fruits,2020-11-04,7795.17,Food
658,Lottery,2020-11-19,4670.17,Others
659,Water Bill,2020-11-27,2164.21,Home
660,Metro,2020-11-16,8151.61,Transportation
661,Laundry,2020-11-16,3506.31,Others
662,Eye Exam,2020-11-17,323.80,Medical
663,Coat,2020-11-24,8339.79,Clothing
664,Cruise,2020-11-08,7100.16,Travel
665,Notebook,2020-11-12,6206.77,Education
666,Tuition,2020-11-25,9764.65,Education
667,Dress,2020-11-18,2691.29,Clothing
668,Vegetables,2020-11-02,4414.65,Food
669,Fruits,2020-11-28,5267.62,Food
670,Taxi,2020-11-01,1751.61,Travel
671,Eye Exam,2020-11-05,2468.09,Medical
672,Travel Insurance,2020-11-15,4595.97,Travel
673,Donation,2020-11-03,3561.30,Others
674,Lottery,2020-11-26,2231.76,Others
675,Gym,2020-11-16,8864.10,Sports
676,Books,2020-11-24,9156.14,Education
677,Hotel,2020-11-16,9203.91,Travel
678,Amusement Park,2020-11-19,2511.67,Entertainment
679,Backpack,2020-11-22,6530.10,Education
680,Fitness Class,2020-11-22,9708.10,Sports
681,Workshop,2020-11-14,6141.98,Education
682,Music Festival,2020-11-27,5054.67,Entertainment
683,Dental Check,2020-11-19,253.93,Medical
684,Surgery,2020-11-16,6247.04,Medical
685,Belt,2020-11-07,190.80,Clothing
686,Rental Car,2020-11-13,5152.20,Travel
687,Taxi,2020-11-10,3737.57,Transportation
688,Maintenance,2020-11-15,7621.54,Home
689,Rental Car,2020-11-05,7767.83,Travel
690,Taxi,2020-11-28,5797.64,Transportation
691,Postage,2020-11-28,5980.75,Communication
692,Scarf,2020-11-26,6236.66,Clothing
693,Socks,2020-11-14,3056.39,Clothing
694,Visa Fee,2020-11-10,7575.02,Travel
695,Furniture,2020-11-07,5225.53,Home
696,Internet,2020-11-26,2757.60,Communication
697,Taxi,2020-11-17,4291.07,Transportation
698,Notebook,2020-11-12,1669.19,Education
699,Cleaning,2020-11-24,8974.72,Home
700,Train,2020-11-22,636.58,Travel
701,Seminar,2020-12-24,8461.64,Education
702,Bus,2020-12-16,8448.94,Transportation
703,Cycling,2020-12-24,3235.02,Sports
704,Socks,2020-12-05,934.71,Clothing
705,Fast Food,2020-12-02,7445.86,Food
706,Snacks,2020-12-05,7064.68,Food
707,Toll,2020-12-21,1782.48,Transportation
708,Pen,2020-12-20,2800.77,Education
709,Exam Fee,2020-12-24,4877.22,Education
710,Tennis,2020-12-02,3234.69,Sports
711,Hotel,2020-12-21,3413.48,Travel
712,Internet,2020-12-26,1038.69,Communication
713,Rental Car,2020-12-24,4262.40,Travel
714,Gym,2020-12-20,3376.42,Sports
715,Parking,2020-12-19,8336.11,Transportation
716,Taxi,2020-12-26,3069.91,Travel
717,Laundry,2020-12-02,5495.86,Others
718,Postage,2020-12-21,7724.09,Communication
719,Fruits,2020-12-23,7244.03,Food
720,Doctor Visit,2020-12-11,8478.30,Medical
721,Movie,2020-12-14,1843.07,Entertainment
722,Train,2020-12-16,9006.00,Transportation
723,Flight,2020-12-10,7473.28,Travel
724,Cruise,2020-12-03,4955.28,Travel
725,Medicine,2020-12-15,3988.73,Medical
726,Laundry,2020-12-07,4544.26,Others
727,Groceries,2020-12-04,9950.77,Food
728,Laundry,2020-12-16,5523.07,Others
729,Calling Card,2020-12-05,1451.86,Communication
730,Scooter,2020-12-05,2239.62,Transportation
731,Backpack,2020-12-04,3897.38,Education
732,Scarf,2020-12-05,2421.09,Clothing
733,Drinks,2020-12-20,6283.71,Food
734,Game,2020-12-26,6255.90,Entertainment
735,Postage,2020-12-22,754.71,Communication
736,Belt,2020-12-01,6866.06,Clothing
737,Workshop,2020-12-14,9234.65,Education
738,Hospital Bill,2020-12-14,7893.62,Medical
739,Internet,2020-12-21,9990.38,Communication
740,Tennis,2020-12-14,3227.80,Sports
741,Rent,2020-12-14,7866.30,Home
742,Calling Card,2020-12-19,4078.68,Communication
743,Flight,2020-12-17,5153.95,Travel
744,Coat,2020-12-24,7243.89,Clothing
745,Rent,2020-12-20,5263.08,Home
746,Tennis,2020-12-18,2764.81,Sports
747,Water Bill,2020-12-04,3103.86,Home
748,Health Check,2020-12-13,9246.02,Medical
749,Fuel,2020-12-09,138.19,Transportation
750,Online Course,2020-12-17,4717.69,Education
751,Mobile Recharge,2020-12-01,9237.21,Communication
752,Rental Car,2020-12-04,9476.68,Travel
753,Calling Card,2020-12-27,5797.46,Communication
754,Hotel,2020-12-07,6366.91,Travel
755,Charity,2020-12-20,3080.74,Others
756,Tennis,2020-12-02,2084.89,Sports
757,VPN,2020-12-25,415.05,Communication
758,Concert,2020-12-10,7384.18,Entertainment
759,Parking,2020-12-15,9170.66,Transportation
760,Bus,2020-12-01,8837.61,Transportation
761,Fuel,2020-12-21,803.08,Travel
762,Flight,2020-12-03,566.57,Travel
763,Taxi,2020-12-14,131.18,Travel
764,Travel Insurance,2020-12-01,2342.19,Travel
765,Medicine,2020-12-09,105.48,Medical
766,Books,2020-12-03,3496.05,Education
767,Postage,2020-12-02,1783.86,Communication
768,Scooter,2020-12-06,5230.42,Transportation
769,Fuel,2020-12-16,983.47,Travel
770,Gas,2020-12-07,6860.40,Home
771,Train,2020-12-26,4492.22,Travel
772,Security,2020-12-06,6153.38,Others
773,Amusement Park,2020-12-25,1756.93,Entertainment
774,Cleaning,2020-12-03,2064.41,Home
775,Subscription,2020-12-08,4854.65,Communication
776,Electricity,2020-12-24,4961.17,Home
777,Stationery,2020-12-24,6992.55,Education
778,Running,2020-12-19,8713.16,Sports
779,Stationery,2020-12-08,81.65,Education
780,Water Bill,2020-12-02,6218.99,Home
781,Accessories,2020-12-24,5679.33,Others
782,Phone Bill,2020-12-01,4098.88,Communication
783,Storage,2020-12-11,4803.69,Others
784,Surgery,2020-12-26,2481.77,Medical
785,Ride Sharing,2020-12-10,5733.77,Transportation
786,Cafe,2020-12-02,4373.84,Food
787,Security,2020-12-01,1434.86,Others
788,Mobile Recharge,2020-12-12,6585.61,Communication
789,Shirt,2020-12-20,9981.27,Clothing
790,Theater,2020-12-03,3290.00,Entertainment
791,Restaurant,2020-12-07,9559.08,Food
792,Stationery,2020-12-16,4838.20,Education
793,Travel Insurance,2020-12-22,7797.24,Travel
794,Restaurant,2020-12-02,3250.95,Food
795,Dental Check,2020-12-11,6924.67,Medical
796,Theater,2020-12-15,4929.60,Entertainment
797,Laundry,2020-12-08,8897.00,Others
798,Subscription,2020-12-21,4690.55,Communication
799,Insurance,2020-12-10,6943.02,Medical
800,Swimming,2020-12-04,6376.67,Sports
801,Appliance,2021-01-08,3921.65,Home
802,Rental Car,2021-01-06,7670.32,Travel
803,Cleaning,2021-01-07,6128.69,Home
804,Electricity,2021-01-18,1854.09,Home
805,Metro,2021-01-24,4810.90,Transportation
806,Charity,2021-01-22,2758.29,Others
807,Phone Bill,2021-01-12,5799.55,Communication
808,Toll,2021-01-07,1565.86,Transportation
809,Shirt,2021-01-20,5567.94,Clothing
810,Appliance,2021-01-26,6016.27,Home
811,VPN,2021-01-18,4385.67,Communication
812,Swimming,2021-01-20,1066.18,Sports
813,SIM Card,2021-01-19,7196.28,Communication
814,Therapy,2021-01-14,5957.21,Medical
815,Cleaning,2021-01-20,9284.47,Home
816,Dress,2021-01-18,3793.27,Clothing
817,Jacket,2021-01-16,9260.87,Clothing
818,Stationery,2021-01-28,6067.60,Education
819,Vegetables,2021-01-13,9163.83,Food
820,Cruise,2021-01-11,9098.59,Travel
821,Bus,2021-01-05,1089.62,Transportation
822,Shoes,2021-01-22,5704.23,Clothing
823,Internet,2021-01-14,4954.97,Home
824,Vegetables,2021-01-19,2136.53,Food
825,Stationery,2021-01-04,6274.17,Education
826,Shoes,2021-01-22,2394.30,Clothing
827,Surgery,2021-01-11,2169.28,Medical
828,Lottery,2021-01-11,1431.93,Others
829,Travel Insurance,2021-01-16,5770.62,Travel
830,Jeans,2021-01-27,2113.58,Clothing
831,Shirt,2021-01-16,5458.67,Clothing
832,Running,2021-01-19,4170.42,Sports
833,Running,2021-01-19,98.93,Sports
834,Concert,2021-01-12,2536.64,Entertainment
835,Game,2021-01-01,4663.86,Entertainment
836,Lottery,2021-01-01,9992.14,Others
837,Mobile Recharge,2021-01-27,991.54,Communication
838,Concert,2021-01-21,7543.47,Entertainment
839,Tuition,2021-01-20,9514.30,Education
840,Tennis,2021-01-27,9507.62,Sports
841,Equipment,2021-01-26,6130.22,Sports
842,VPN,2021-01-10,3075.83,Communication
843,Dress,2021-01-16,7772.81,Clothing
844,Rental Car,2021-01-13,7161.91,Travel
845,Meat,2021-01-03,4375.28,Food
846,Appliance,2021-01-03,6710.93,Home
847,Amusement Park,2021-01-23,1774.69,Entertainment
848,Restaurant,2021-01-08,3278.39,Food
849,Shirt,2021-01-14,8129.59,Clothing
850,Drinks,2021-01-01,4031.16,Food
851,Meat,2021-01-03,1420.16,Food
852,Delivery,2021-01-04,3472.28,Food
853,Streaming Service,2021-01-24,7846.48,Entertainment
854,Bank Fee,2021-01-01,33.82,Others
855,Equipment,2021-01-26,2983.96,Sports
856,Equipment,2021-01-05,6910.78,Sports
857,Appliance,2021-01-21,1569.52,Home
858,Jeans,2021-01-06,3811.72,Clothing
859,Pet,2021-01-26,7737.42,Others
860,Fitness Class,2021-01-06,4347.40,Sports
861,Water Bill,2021-01-27,8777.58,Home
862,Delivery,2021-01-12,1695.57,Food
863,Swimming,2021-01-06,4726.23,Sports
864,Taxi,2021-01-19,5079.91,Travel
865,Sports Event,2021-01-09,5580.74,Entertainment
866,Online Course,2021-01-13,9036.97,Education
867,Coat,2021-01-06,2176.42,Clothing
868,Groceries,2021-01-09,143.53,Food
869,Pen,2021-01-22,6359.37,Education
870,Yoga,2021-01-20,5877.22,Sports
871,Notebook,2021-01-04,5647.63,Education
872,Online Course,2021-01-06,443.53,Education
873,Roaming,2021-01-02,5335.28,Communication
874,Hat,2021-01-14,5481.69,Clothing
875,Phone Bill,2021-01-09,5410.96,Communication
876,Hospital Bill,2021-01-02,3911.27,Medical
877,Snacks,2021-01-19,2216.75,Food
878,Surgery,2021-01-27,8884.61,Medical
879,Train,2021-01-09,4042.79,Travel
880,Fuel,2021-01-23,3673.49,Travel
881,Water Bill,2021-01-15,4264.42,Home
882,Vegetables,2021-01-19,6653.35,Food
883,Cruise,2021-01-14,4198.39,Travel
884,Scarf,2021-01-07,8316.39,Clothing
885,Online Course,2021-01-01,9059.48,Education
886,Lottery,2021-01-13,7380.04,Others
887,Electricity,2021-01-22,9109.59,Home
888,Dental Check,2021-01-06,9542.77,Medical
889,Pen,2021-01-01,7266.23,Education
890,SIM Card,2021-01-22,7115.54,Communication
891,Hat,2021-01-14,2925.77,Clothing
892,Toll,2021-01-24,9095.68,Travel
893,Pen,2021-01-01,3711.16,Education
894,Internet,2021-01-27,8987.56,Communication
895,Gift,2021-01-05,6977.79,Others
896,Accessories,2021-01-08,8718.24,Others
897,Snacks,2021-01-05,8065.12,Food
898,Swimming,2021-01-05,3770.58,Sports
899,Belt,2021-01-15,7779.13,Clothing
900,Music Festival,2021-01-27,8482.55,Entertainment
901,Theater,2021-02-11,9382.77,Entertainment
902,Belt,2021-02-24,8873.09,Clothing
903,Rental Car,2021-02-19,9824.37,Travel
904,Backpack,2021-02-05,390.25,Education
905,Cleaning,2021-02-02,7974.90,Home
906,Notebook,2021-02-25,8183.50,Education
907,Socks,2021-02-17,2366.62,Clothing
908,Restaurant,2021-02-13,9528.51,Food
909,Tennis,2021-02-09,1607.15,Sports
910,Music Festival,2021-02-21,8809.03,Entertainment
911,Basketball,2021-02-07,3874.34,Sports
912,Train,2021-02-18,4689.85,Transportation
913,Taxi,2021-02-05,8831.09,Transportation
914,Fast Food,2021-02-12,5296.23,Food
915,Notebook,2021-02-07,3770.87,Education
916,Bus,2021-02-09,6131.42,Transportation
917,Taxi,2021-02-15,2255.31,Travel
918,Football,2021-02-01,519.08,Sports
919,Gym,2021-02-21,7411.52,Sports
920,Rental Car,2021-02-25,7289.96,Travel
921,Running,2021-02-27,2081.56,Sports
922,Data Plan,2021-02-24,2531.02,Communication
923,Gym,2021-02-18,8334.56,Sports
924,Metro,2021-02-22,9994.53,Transportation
925,Fast Food,2021-02-25,4952.17,Food
926,Belt,2021-02-13,603.23,Clothing
927,Cycling,2021-02-12,7454.65,Sports
928,Delivery,2021-02-01,1026.01,Food
929,Ride Sharing,2021-02-19,4078.90,Transportation
930,Vegetables,2021-02-27,6568.50,Food
931,Cleaning,2021-02-20,6700.92,Home
932,Electricity,2021-02-03,5459.30,Home
933,Groceries,2021-02-16,5029.29,Food
934,Dental Check,2021-02-23,2255.07,Medical
935,Music Festival,2021-02-01,4512.91,Entertainment
936,Club,2021-02-06,6061.96,Entertainment
937,Flight,2021-02-22,9530.44,Travel
938,Furniture,2021-02-04,9456.40,Home
939,Running,2021-02-15,6967.93,Sports
940,Fuel,2021-02-19,2348.93,Transportation
941,Jeans,2021-02-27,8129.15,Clothing
942,Vegetables,2021-02-25,988.21,Food
943,Health Check,2021-02-16,5498.27,Medical
944,Bus,2021-02-11,5329.07,Transportation
945,Cafe,2021-02-15,6824.83,Food
946,Cleaning,2021-02-20,1081.32,Home
947,Fuel,2021-02-13,5045.32,Travel
948,Cleaning,2021-02-09,2284.80,Home
949,Streaming Service,2021-02-17,408.15,Entertainment
950,Delivery,2021-02-16,5370.54,Food
951,SIM Card,2021-02-04,8679.00,Communication
952,Equipment,2021-02-05,9662.84,Sports
953,Amusement Park,2021-02-04,2873.36,Entertainment
954,Scarf,2021-02-12,6435.78,Clothing
955,Mobile Recharge,2021-02-23,9106.51,Communication
956,VPN,2021-02-01,997.15,Communication
957,Backpack,2021-02-21,9331.88,Education
958,Internet,2021-02-05,8136.45,Home
959,Drinks,2021-02-20,6880.53,Food
960,Dental Check,2021-02-25,2660.07,Medical
961,Pet,2021-02-04,7836.96,Others
962,Donation,2021-02-18,9696.51,Others
963,Gift,2021-02-27,4194.05,Others
964,Vaccination,2021-02-02,916.11,Medical
965,Coat,2021-02-08,6251.02,Clothing
966,Maintenance,2021-02-21,5580.80,Home
967,Water Bill,2021-02-11,5657.78,Home
968,Shirt,2021-02-06,8737.00,Clothing
969,SIM Card,2021-02-18,9007.70,Communication
970,Books,2021-02-16,7294.96,Education
971,Meat,2021-02-01,84.49,Food
972,Shirt,2021-02-02,7136.20,Clothing
973,Furniture,2021-02-08,4058.41,Home
974,Calling Card,2021-02-06,1453.40,Communication
975,Toll,2021-02-19,178.49,Travel
976,Streaming Service,2021-02-11,7249.39,Entertainment
977,Cruise,2021-02-21,7690.21,Travel
978,Cleaning,2021-02-15,9194.93,Home
979,Phone Bill,2021-02-19,1419.90,Communication
980,Belt,2021-02-14,2986.86,Clothing
981,Subscription,2021-02-08,2947.79,Communication
982,Cleaning,2021-02-02,3355.66,Home
983,Karaoke,2021-02-06,3659.40,Entertainment
984,Fast Food,2021-02-19,7208.37,Food
985,Eye Exam,2021-02-20,3179.15,Medical
986,Mobile Recharge,2021-02-25,4079.57,Communication
987,Game,2021-02-13,2403.93,Entertainment
988,Hotel,2021-02-26,8233.13,Travel
989,Rental Car,2021-02-06,3461.32,Travel
990,Tennis,2021-02-16,989.02,Sports
991,Cycling,2021-02-24,4301.18,Sports
992,Bus,2021-02-01,5359.32,Transportation
993,Backpack,2021-02-01,6875.08,Education
994,Football,2021-02-20,9938.28,Sports
995,Insurance,2021-02-16,4182.25,Medical
996,Dental Check,2021-02-11,6152.63,Medical
997,Running,2021-02-24,4356.80,Sports
998,Vaccination,2021-02-27,9663.69,Medical
999,Pen,2021-02-04,6938.50,Education
1000,Cleaning,2021-02-19,8824.47,Home
1001,Maintenance,2021-03-17,9419.29,Home
1002,Toll,2021-03-10,205.82,Transportation
1003,Bicycle,2021-03-08,7549.57,Transportation
1004,Visa Fee,2021-03-11,606.00,Travel
1005,Groceries,2021-03-11,2908.75,Food
1006,Subscription,2021-03-20,9472.56,Communication
1007,Pet,2021-03-11,386.20,Others
1008,Jacket,2021-03-08,7849.17,Clothing
1009,Belt,2021-03-18,1152.28,Clothing
1010,Eye Exam,2021-03-01,7324.95,Medical
1011,Notebook,2021-03-11,5979.54,Education
1012,Taxi,2021-03-11,9704.00,Travel
1013,VPN,2021-03-22,9248.13,Communication
1014,Vegetables,2021-03-23,2982.26,Food
1015,Shirt,2021-03-01,4142.78,Clothing
1016,Bus,2021-03-13,3651.67,Transportation
1017,Club,2021-03-14,5785.08,Entertainment
1018,SIM Card,2021-03-11,6715.37,Communication
1019,Jacket,2021-03-17,6554.45,Clothing
1020,Surgery,2021-03-12,8863.17,Medical
1021,Accessories,2021-03-21,2880.02,Others
1022,Hotel,2021-03-06,7490.11,Travel
1023,Furniture,2021-03-15,6562.34,Home
1024,VPN,2021-03-02,2377.09,Communication
1025,Karaoke,2021-03-25,3056.50,Entertainment
1026,Cycling,2021-03-06,637.20,Sports
1027,Amusement Park,2021-03-05,9330.59,Entertainment
1028,Calling Card,2021-03-06,6924.96,Communication
1029,Tuition,2021-03-20,4959.92,Education
1030,Sports Event,2021-03-06,509.23,Entertainment
1031,Club,2021-03-15,8380.10,Entertainment
1032,Belt,2021-03-13,6973.02,Clothing
1033,Jeans,2021-03-23,7429.26,Clothing
1034,Hat,2021-03-19,7628.22,Clothing
1035,Maintenance,2021-03-10,2936.91,Home
1036,Hat,2021-03-16,3160.68,Clothing
1037,Shirt,2021-03-14,1543.12,Clothing
1038,Bus,2021-03-13,2170.76,Transportation
1039,Eye Exam,2021-03-28,5348.06,Medical
1040,VPN,2021-03-22,7033.75,Communication
1041,Running,2021-03-23,19.69,Sports
1042,Amusement Park,2021-03-06,798.00,Entertainment
1043,Socks,2021-03-08,1547.15,Clothing
1044,Fitness Class,2021-03-01,2770.74,Sports
1045,Train,2021-03-11,9414.06,Transportation
1046,Theater,2021-03-23,1029.48,Entertainment
1047,Electricity,2021-03-20,2626.86,Home
1048,Roaming,2021-03-08,5519.31,Communication
1049,Parking,2021-03-02,8432.85,Transportation
1050,Parking,2021-03-12,7454.23,Transportation
1051,Notebook,2021-03-21,2315.97,Education
1052,Sports Event,2021-03-23,2075.76,Entertainment
1053,Sports Event,2021-03-16,1502.63,Entertainment
1054,Shirt,2021-03-03,2829.68,Clothing
1055,Charity,2021-03-09,8391.81,Others
1056,Roaming,2021-03-16,5030.74,Communication
1057,Postage,2021-03-28,8576.41,Communication
1058,Train,2021-03-22,5429.84,Travel
1059,Train,2021-03-13,7233.19,Travel
1060,Hat,2021-03-05,5504.62,Clothing
1061,Fast Food,2021-03-22,4468.60,Food
1062,Fitness Class,2021-03-24,2367.98,Sports
1063,Notebook,2021-03-18,1954.55,Education
1064,Scarf,2021-03-08,9627.27,Clothing
1065,Electricity,2021-03-09,8439.46,Home
1066,Vegetables,2021-03-15,5867.25,Food
1067,Water Bill,2021-03-19,4253.16,Home
1068,Game,2021-03-22,6654.10,Entertainment
1069,Doctor Visit,2021-03-13,6226.99,Medical
1070,Taxi,2021-03-27,281.90,Transportation
1071,Bus,2021-03-27,6431.25,Transportation
1072,Yoga,2021-03-15,2641.42,Sports
1073,Cruise,2021-03-04,8700.82,Travel
1074,Insurance,2021-03-26,6054.39,Medical
1075,Hat,2021-03-16,7039.33,Clothing
1076,Hospital Bill,2021-03-08,2944.51,Medical
1077,Equipment,2021-03-27,2227.98,Sports
1078,Cruise,2021-03-27,9327.36,Travel
1079,Dental Check,2021-03-04,6437.04,Medical
1080,Club,2021-03-27,1096.93,Entertainment
1081,Pet,2021-03-14,3857.02,Others
1082,Accessories,2021-03-16,1681.55,Others
1083,Stationery,2021-03-05,6134.19,Education
1084,Maintenance,2021-03-12,836.26,Home
1085,Amusement Park,2021-03-21,938.04,Entertainment
1086,Internet,2021-03-11,8937.48,Communication
1087,Game,2021-03-20,4647.92,Entertainment
1088,Jeans,2021-03-22,2113.86,Clothing
1089,Bank Fee,2021-03-04,7631.94,Others
1090,Books,2021-03-23,625.10,Education
1091,Ride Sharing,2021-03-11,5979.41,Transportation
1092,Cycling,2021-03-13,7884.34,Sports
1093,Swimming,2021-03-13,9039.22,Sports
1094,Phone Bill,2021-03-12,1619.89,Communication
1095,Socks,2021-03-17,3996.81,Clothing
1096,Yoga,2021-03-05,7909.64,Sports
1097,Online Course,2021-03-18,8769.87,Education
1098,Train,2021-03-17,8126.13,Transportation
1099,Storage,2021-03-05,1174.39,Others
1100,Train,2021-03-12,1273.65,Travel
1101,Toll,2021-04-20,2047.86,Transportation
1102,Dental Check,2021-04-06,315.99,Medical
1103,Medicine,2021-04-13,6161.06,Medical
1104,Scarf,2021-04-23,854.04,Clothing
1105,Concert,2021-04-08,485.65,Entertainment
1106,Fitness Class,2021-04-23,5875.69,Sports
1107,Workshop,2021-04-11,4881.15,Education
1108,Accessories,2021-04-01,1382.64,Others
1109,Gym,2021-04-19,7656.51,Sports
1110,Mobile Recharge,2021-04-23,9270.19,Communication
1111,Taxi,2021-04-16,5359.38,Transportation
1112,Gift,2021-04-22,8885.65,Others
1113,Parking,2021-04-16,3155.78,Transportation
1114,Cafe,2021-04-23,5799.77,Food
1115,Gift,2021-04-07,2646.16,Others
1116,Travel Insurance,2021-04-17,3964.15,Travel
1117,Security,2021-04-07,9633.81,Others
1118,Pen,2021-04-26,375.69,Education
1119,Backpack,2021-04-18,8327.27,Education
1120,Surgery,2021-04-07,2136.29,Medical
1121,Vaccination,2021-04-18,7235.24,Medical
1122,Cycling,2021-04-05,3473.72,Sports
1123,Shoes,2021-04-12,7081.83,Clothing
1124,Gas,2021-04-13,4397.14,Home
1125,Subscription,2021-04-21,2557.53,Communication
1126,Socks,2021-04-07,7250.73,Clothing
1127,Fuel,2021-04-21,4849.59,Transportation
1128,Toll,2021-04-20,7233.53,Travel
1129,Gas,2021-04-16,8222.71,Home
1130,Security,2021-04-12,654.41,Others
1131,Appliance,2021-04-01,8536.15,Home
1132,Storage,2021-04-03,3682.73,Others
1133,Phone Bill,2021-04-24,6521.20,Communication
1134,Club,2021-04-12,4903.94,Entertainment
1135,Donation,2021-04-19,4166.39,Others
1136,Basketball,2021-04-26,1520.90,Sports
1137,Parking,2021-04-02,279.30,Transportation
1138,Cruise,2021-04-18,3843.90,Travel
1139,Cafe,2021-04-20,851.89,Food
1140,Mortgage,2021-04-13,1151.10,Home
1141,Cafe,2021-04-10,2891.38,Food
1142,Drinks,2021-04-22,5985.64,Food
1143,Gas,2021-04-15,2747.48,Home
1144,Restaurant,2021-04-12,2684.11,Food
1145,Vegetables,2021-04-13,5443.04,Food
1146,Security,2021-04-20,7283.22,Others
1147,Metro,2021-04-19,1715.68,Transportation
1148,Taxi,2021-04-27,5906.76,Travel
1149,Shirt,2021-04-13,4581.36,Clothing
1150,Fuel,2021-04-17,1387.73,Travel
1151,Basketball,2021-04-27,7784.47,Sports
1152,Football,2021-04-11,8589.32,Sports
1153,Gas,2021-04-12,6923.72,Home
1154,Jacket,2021-04-01,8973.02,Clothing
1155,Fuel,2021-04-23,9868.27,Travel
1156,Train,2021-04-16,2743.94,Transportation
1157,Travel Insurance,2021-04-10,6731.16,Travel
1158,Internet,2021-04-23,5297.73,Home
1159,Charity,2021-04-19,4586.41,Others
1160,Ride Sharing,2021-04-08,5998.24,Transportation
1161,Charity,2021-04-10,8595.86,Others
1162,Coat,2021-04-16,4293.15,Clothing
1163,Theater,2021-04-23,7402.50,Entertainment
1164,VPN,2021-04-04,645.37,Communication
1165,VPN,2021-04-09,3937.33,Communication
1166,Cafe,2021-04-15,5982.02,Food
1167,Lottery,2021-04-10,6675.39,Others
1168,Insurance,2021-04-04,4995.68,Medical
1169,Dental Check,2021-04-12,1776.93,Medical
1170,Game,2021-04-25,1792.20,Entertainment
1171,Bank Fee,2021-04-05,203.20,Others
1172,Postage,2021-04-08,8784.72,Communication
1173,Mortgage,2021-04-15,1374.71,Home
1174,Socks,2021-04-04,8681.60,Clothing
1175,Accessories,2021-04-24,5332.94,Others
1176,Hat,2021-04-17,7592.93,Clothing
1177,Train,2021-04-06,567.10,Travel
1178,Parking,2021-04-24,181.25,Transportation
1179,Game,2021-04-05,299.11,Entertainment
1180,Vegetables,2021-04-14,9598.09,Food
1181,Toll,2021-04-24,6796.90,Transportation
1182,Jacket,2021-04-24,2614.91,Clothing
1183,Stationery,2021-04-05,9074.39,Education
1184,Meat,2021-04-04,8625.78,Food
1185,Laundry,2021-04-21,3590.85,Others
1186,Books,2021-04-15,4038.89,Education
1187,Vegetables,2021-04-26,1083.44,Food
1188,Gym,2021-04-14,1789.01,Sports
1189,Gift,2021-04-12,6272.96,Others
1190,Streaming Service,2021-04-18,1906.69,Entertainment
1191,Flight,2021-04-02,9777.57,Travel
1192,Yoga,2021-04-15,4717.61,Sports
1193,Cleaning,2021-04-20,2230.51,Home
1194,Seminar,2021-04-07,325.31,Education
1195,Fuel,2021-04-21,3259.73,Travel
1196,Cycling,2021-04-23,368.96,Sports
1197,Doctor Visit,2021-04-20,8138.88,Medical
1198,Exam Fee,2021-04-02,2327.45,Education
1199,Coat,2021-04-08,8821.13,Clothing
1200,Mobile Recharge,2021-04-27,554.79,Communication
1201,Mobile Recharge,2021-05-04,3821.93,Communication
1202,Basketball,2021-05-17,6966.95,Sports
1203,Yoga,2021-05-28,2670.23,Sports
1204,Postage,2021-05-09,1427.72,Communication
1205,Jeans,2021-05-21,241.59,Clothing
1206,Rental Car,2021-05-18,8243.92,Travel
1207,VPN,2021-05-14,7576.34,Communication
1208,Internet,2021-05-10,2475.20,Home
1209,Cruise,2021-05-12,546.39,Travel
1210,Charity,2021-05-01,7038.33,Others
1211,Equipment,2021-05-03,9379.25,Sports
1212,Online Course,2021-05-22,2925.75,Education
1213,Maintenance,2021-05-05,9662.67,Home
1214,Mortgage,2021-05-08,8611.63,Home
1215,Shoes,2021-05-23,6465.76,Clothing
1216,Metro,2021-05-25,6259.55,Transportation
1217,Cruise,2021-05-22,9189.32,Travel
1218,Furniture,2021-05-20,9953.72,Home
1219,Donation,2021-05-07,1236.18,Others
1220,Taxi,2021-05-28,8626.45,Transportation
1221,Accessories,2021-05-22,6971.26,Others
1222,Hotel,2021-05-03,2796.68,Travel
1223,Parking,2021-05-08,5046.60,Transportation
1224,Music Festival,2021-05-25,6034.79,Entertainment
1225,Storage,2021-05-14,7367.69,Others
1226,Metro,2021-05-03,6162.01,Transportation
1227,Charity,2021-05-20,5993.04,Others
1228,Accessories,2021-05-15,7005.89,Others
1229,Tuition,2021-05-14,9735.56,Education
1230,Belt,2021-05-05,6930.20,Clothing
1231,Laundry,2021-05-28,7447.64,Others
1232,Internet,2021-05-01,5131.26,Home
1233,Tuition,2021-05-13,5109.86,Education
1234,Medicine,2021-05-16,7196.30,Medical
1235,Health Check,2021-05-18,7326.66,Medical
1236,Restaurant,2021-05-23,7663.72,Food
1237,Train,2021-05-05,6399.51,Travel
1238,Donation,2021-05-14,9698.75,Others
1239,Socks,2021-05-10,1500.11,Clothing
1240,VPN,2021-05-11,8075.81,Communication
1241,Surgery,2021-05-02,3753.26,Medical
1242,Tuition,2021-05-03,9023.78,Education
1243,Parking,2021-05-22,5070.18,Transportation
1244,Tuition,2021-05-14,2132.29,Education
1245,Insurance,2021-05-10,4531.71,Medical
1246,Pen,2021-05-06,8861.22,Education
1247,Stationery,2021-05-20,3239.77,Education
1248,Meat,2021-05-08,4869.59,Food
1249,Insurance,2021-05-21,6155.90,Medical
1250,VPN,2021-05-25,5590.88,Communication
1251,Movie,2021-05-21,7669.26,Entertainment
1252,Subscription,2021-05-12,8036.99,Communication
1253,Music Festival,2021-05-15,558.13,Entertainment
1254,Bicycle,2021-05-10,5517.53,Transportation
1255,Metro,2021-05-24,4757.26,Transportation
1256,Security,2021-05-09,6931.47,Others
1257,Data Plan,2021-05-22,5249.43,Communication
1258,Pen,2021-05-07,2522.53,Education
1259,Visa Fee,2021-05-19,5265.21,Travel
1260,Maintenance,2021-05-28,5495.82,Home
1261,Gas,2021-05-12,2646.98,Home
1262,Drinks,2021-05-01,7235.64,Food
1263,Health Check,2021-05-04,4389.63,Medical
1264,Restaurant,2021-05-20,1957.45,Food
1265,Seminar,2021-05-26,4805.38,Education
1266,Bus,2021-05-12,3384.54,Transportation
1267,Subscription,2021-05-12,4731.70,Communication
1268,Rent,2021-05-08,9407.52,Home
1269,Surgery,2021-05-06,5726.84,Medical
1270,Jacket,2021-05-12,470.56,Clothing
1271,Therapy,2021-05-20,8413.87,Medical
1272,Socks,2021-05-22,4113.10,Clothing
1273,Pen,2021-05-12,4874.16,Education
1274,Laundry,2021-05-09,3825.66,Others
1275,Equipment,2021-05-15,3113.43,Sports
1276,Internet,2021-05-27,720.55,Home
1277,Data Plan,2021-05-12,5530.57,Communication
1278,Taxi,2021-05-05,7075.90,Transportation
1279,Online Course,2021-05-22,7668.28,Education
1280,Hat,2021-05-23,2078.75,Clothing
1281,Exam Fee,2021-05-02,9884.60,Education
1282,Scarf,2021-05-01,8856.66,Clothing
1283,Phone Bill,2021-05-27,1064.14,Communication
1284,Toll,2021-05-23,953.40,Transportation
1285,Club,2021-05-05,4022.95,Entertainment
1286,Hospital Bill,2021-05-24,4027.17,Medical
1287,Stationery,2021-05-11,3976.51,Education
1288,Data Plan,2021-05-28,8651.32,Communication
1289,Cleaning,2021-05-08,3733.02,Home
1290,Club,2021-05-16,6807.63,Entertainment
1291,Karaoke,2021-05-03,2211.22,Entertainment
1292,Running,2021-05-05,9104.47,Sports
1293,Movie,2021-05-20,7073.91,Entertainment
1294,Train,2021-05-02,8500.06,Travel
1295,Fuel,2021-05-21,2985.68,Transportation
1296,Pen,2021-05-24,5093.48,Education
1297,Eye Exam,2021-05-19,7892.39,Medical
1298,Furniture,2021-05-05,5146.55,Home
1299,Vegetables,2021-05-10,3285.71,Food
1300,VPN,2021-05-18,7411.56,Communication
1301,Socks,2021-06-23,4940.31,Clothing
1302,Seminar,2021-06-26,8699.68,Education
1303,Bank Fee,2021-06-09,9868.17,Others
1304,Stationery,2021-06-24,6242.28,Education
1305,Fruits,2021-06-13,895.74,Food
1306,Roaming,2021-06-07,9282.54,Communication
1307,Socks,2021-06-16,2035.48,Clothing
1308,Insurance,2021-06-10,8324.67,Medical
1309,Train,2021-06-08,986.39,Travel
1310,Hotel,2021-06-03,2303.37,Travel
1311,Sports Event,2021-06-07,179.23,Entertainment
1312,Tuition,2021-06-27,8587.58,Education
1313,Fitness Class,2021-06-23,202.78,Sports
1314,Internet,2021-06-03,4026.94,Communication
1315,Exam Fee,2021-06-06,9398.40,Education
1316,Doctor Visit,2021-06-16,724.00,Medical
1317,Books,2021-06-13,8552.03,Education
1318,Internet,2021-06-06,1004.99,Home
1319,Fuel,2021-06-22,1114.97,Transportation
1320,Parking,2021-06-16,8205.78,Transportation
1321,Shirt,2021-06-11,858.51,Clothing
1322,Surgery,2021-06-11,5470.76,Medical
1323,Doctor Visit,2021-06-16,6513.02,Medical
1324,Amusement Park,2021-06-03,2293.29,Entertainment
1325,Ride Sharing,2021-06-19,198.59,Transportation
1326,Karaoke,2021-06-13,9354.81,Entertainment
1327,SIM Card,2021-06-28,8783.58,Communication
1328,Toll,2021-06-27,1983.05,Transportation
1329,SIM Card,2021-06-16,1235.41,Communication
1330,Jacket,2021-06-12,4779.69,Clothing
1331,Hat,2021-06-23,3959.75,Clothing
1332,Shoes,2021-06-13,888.57,Clothing
1333,Lottery,2021-06-06,1897.77,Others
1334,Football,2021-06-27,9944.34,Sports
1335,Cafe,2021-06-25,1939.76,Food
1336,Internet,2021-06-03,2770.76,Home
1337,Water Bill,2021-06-24,1410.28,Home
1338,Delivery,2021-06-11,4766.40,Food
1339,Flight,2021-06-05,7924.55,Travel
1340,Mortgage,2021-06-21,2801.76,Home
1341,Jacket,2021-06-01,9969.54,Clothing
1342,Dress,2021-06-17,6916.60,Clothing
1343,Exam Fee,2021-06-07,538.73,Education
1344,Fast Food,2021-06-25,7339.26,Food
1345,Internet,2021-06-15,6192.40,Home
1346,Calling Card,2021-06-11,3677.85,Communication
1347,Vaccination,2021-06-05,5116.66,Medical
1348,Parking,2021-06-08,9863.32,Transportation
1349,Workshop,2021-06-10,5227.22,Education
1350,Cycling,2021-06-09,2838.01,Sports
1351,Travel Insurance,2021-06-24,818.92,Travel
1352,Flight,2021-06-25,1332.33,Travel
1353,Fast Food,2021-06-05,2973.43,Food
1354,Football,2021-06-26,1201.49,Sports
1355,Equipment,2021-06-19,4518.25,Sports
1356,Pet,2021-06-09,1220.61,Others
1357,Storage,2021-06-27,3706.95,Others
1358,Postage,2021-06-28,4934.16,Communication
1359,Belt,2021-06-28,4975.24,Clothing
1360,Subscription,2021-06-04,4465.42,Communication
1361,Internet,2021-06-03,8339.48,Home
1362,Football,2021-06-19,6690.16,Sports
1363,Movie,2021-06-19,9590.70,Entertainment
1364,Toll,2021-06-15,2199.51,Transportation
1365,Scooter,2021-06-24,1834.82,Transportation
1366,Metro,2021-06-19,5723.84,Transportation
1367,Storage,2021-06-01,8572.74,Others
1368,Backpack,2021-06-18,1135.34,Education
1369,Yoga,2021-06-24,5033.82,Sports
1370,Belt,2021-06-03,185.79,Clothing
1371,Lottery,2021-06-15,8416.67,Others
1372,Books,2021-06-17,7857.17,Education
1373,Gas,2021-06-15,8990.42,Home
1374,Health Check,2021-06-22,8985.42,Medical
1375,Amusement Park,2021-06-01,2277.34,Entertainment
1376,Therapy,2021-06-06,7993.81,Medical
1377,Postage,2021-06-02,469.40,Communication
1378,Cycling,2021-06-23,3618.95,Sports
1379,Gift,2021-06-07,7113.36,Others
1380,Pen,2021-06-25,8659.80,Education
1381,Streaming Service,2021-06-14,3495.98,Entertainment
1382,Bank Fee,2021-06-24,8045.76,Others
1383,Eye Exam,2021-06-25,1722.83,Medical
1384,Parking,2021-06-09,2428.05,Transportation
1385,Gas,2021-06-25,1449.65,Home
1386,Club,2021-06-25,2512.70,Entertainment
1387,Mortgage,2021-06-06,3873.78,Home
1388,Workshop,2021-06-08,1651.13,Education
1389,Belt,2021-06-03,5685.56,Clothing
1390,Health Check,2021-06-06,5025.96,Medical
1391,Sports Event,2021-06-28,8401.20,Entertainment
1392,Pen,2021-06-13,1137.78,Education
1393,Insurance,2021-06-14,4814.42,Medical
1394,Snacks,2021-06-19,9393.02,Food
1395,Pen,2021-06-12,5888.64,Education
1396,Stationery,2021-06-05,5349.64,Education
1397,Visa Fee,2021-06-08,1058.20,Travel
1398,Dress,2021-06-03,3783.03,Clothing
1399,Rent,2021-06-03,5595.36,Home
1400,Shirt,2021-06-27,2887.56,Clothing
1401,Basketball,2021-07-06,1688.46,Sports
1402,Scooter,2021-07-03,9340.26,Transportation
1403,Theater,2021-07-07,2832.62,Entertainment
1404,Bus,2021-07-27,5104.16,Transportation
1405,Scarf,2021-07-16,6428.39,Clothing
1406,Scooter,2021-07-18,1391.56,Transportation
1407,Scarf,2021-07-02,9535.41,Clothing
1408,Hospital Bill,2021-07-15,4017.18,Medical
1409,Donation,2021-07-26,9983.35,Others
1410,Snacks,2021-07-09,292.00,Food
1411,Jacket,2021-07-09,2139.14,Clothing
1412,Taxi,2021-07-26,4558.75,Travel
1413,Meat,2021-07-22,81.93,Food
1414,Yoga,2021-07-12,5450.02,Sports
1415,Hotel,2021-07-15,1771.17,Travel
1416,Accessories,2021-07-12,148.18,Others
1417,VPN,2021-07-03,4585.56,Communication
1418,Notebook,2021-07-06,9733.66,Education
1419,Backpack,2021-07-16,8745.78,Education
1420,Cleaning,2021-07-26,9301.18,Home
1421,Health Check,2021-07-22,8356.44,Medical
1422,Appliance,2021-07-18,9657.92,Home
1423,Streaming Service,2021-07-18,2590.25,Entertainment
1424,Groceries,2021-07-21,5271.49,Food
1425,Cafe,2021-07-19,7175.91,Food
1426,Theater,2021-07-05,8050.98,Entertainment
1427,Music Festival,2021-07-27,9087.94,Entertainment
1428,Football,2021-07-10,7709.01,Sports
1429,Charity,2021-07-20,3091.69,Others
1430,Taxi,2021-07-15,9714.90,Transportation
1431,Phone Bill,2021-07-14,8515.50,Communication
1432,Pet,2021-07-27,4530.02,Others
1433,Rent,2021-07-05,5596.11,Home
1434,Gym,2021-07-23,3722.67,Sports
1435,Vegetables,2021-07-21,3367.39,Food
1436,Swimming,2021-07-01,2793.88,Sports
1437,Jacket,2021-07-06,3366.80,Clothing
1438,Parking,2021-07-04,6985.84,Transportation
1439,Cruise,2021-07-11,8232.45,Travel
1440,Cruise,2021-07-08,2472.91,Travel
1441,Flight,2021-07-02,2103.26,Travel
1442,Running,2021-07-07,4199.01,Sports
1443,SIM Card,2021-07-25,2488.66,Communication
1444,Postage,2021-07-12,441.10,Communication
1445,Fuel,2021-07-11,3207.35,Travel
1446,Sports Event,2021-07-28,2562.96,Entertainment
1447,Pen,2021-07-27,6056.86,Education
1448,Lottery,2021-07-08,197.19,Others
1449,Fuel,2021-07-20,8583.04,Travel
1450,Jeans,2021-07-16,1157.95,Clothing
1451,Maintenance,2021-07-16,1590.27,Home
1452,Lottery,2021-07-07,9480.46,Others
1453,Toll,2021-07-15,8773.93,Transportation
1454,Fitness Class,2021-07-01,1883.42,Sports
1455,Insurance,2021-07-23,6652.84,Medical
1456,VPN,2021-07-22,5390.89,Communication
1457,Shoes,2021-07-22,8853.45,Clothing
1458,Internet,2021-07-16,6702.93,Home
1459,Dress,2021-07-02,5381.90,Clothing
1460,Notebook,2021-07-25,7037.41,Education
1461,Amusement Park,2021-07-12,3607.04,Entertainment
1462,Roaming,2021-07-09,8903.86,Communication
1463,Hotel,2021-07-20,4294.98,Travel
1464,Appliance,2021-07-13,7269.88,Home
1465,Streaming Service,2021-07-04,7535.78,Entertainment
1466,Stationery,2021-07-16,2689.49,Education
1467,Restaurant,2021-07-22,290.10,Food
1468,Online Course,2021-07-24,1531.42,Education
1469,Calling Card,2021-07-15,640.42,Communication
1470,Toll,2021-07-07,9649.72,Transportation
1471,Medicine,2021-07-04,1802.18,Medical
1472,Stationery,2021-07-25,170.44,Education
1473,Fuel,2021-07-19,8279.00,Transportation
1474,Sports Event,2021-07-23,1773.53,Entertainment
1475,Water Bill,2021-07-26,9348.94,Home
1476,Concert,2021-07-07,9725.46,Entertainment
1477,Scooter,2021-07-16,4951.35,Transportation
1478,Internet,2021-07-15,9840.69,Communication
1479,Theater,2021-07-10,3319.70,Entertainment
1480,Scooter,2021-07-14,9356.20,Transportation
1481,Maintenance,2021-07-25,8621.26,Home
1482,Stationery,2021-07-17,3471.14,Education
1483,Fitness Class,2021-07-10,4628.73,Sports
1484,Cruise,2021-07-11,456.58,Travel
1485,Internet,2021-07-17,4758.17,Communication
1486,Toll,2021-07-16,8777.40,Travel
1487,Hotel,2021-07-16,1205.18,Travel
1488,Gift,2021-07-04,4183.69,Others
1489,Rental Car,2021-07-22,5486.83,Travel
1490,Rental Car,2021-07-13,5168.68,Travel
1491,Backpack,2021-07-11,8734.31,Education
1492,Security,2021-07-21,8673.70,Others
1493,Bus,2021-07-19,8590.44,Transportation
1494,Stationery,2021-07-23,6297.07,Education
1495,Shirt,2021-07-27,5881.63,Clothing
1496,Online Course,2021-07-04,9233.08,Education
1497,Equipment,2021-07-23,9723.53,Sports
1498,Medicine,2021-07-10,1594.11,Medical
1499,Internet,2021-07-12,3195.44,Home
1500,Train,2021-07-16,9785.93,Travel
1501,Restaurant,2021-08-15,3191.28,Food
1502,Movie,2021-08-16,1934.20,Entertainment
1503,Pet,2021-08-03,5162.16,Others
1504,Music Festival,2021-08-08,204.04,Entertainment
1505,Snacks,2021-08-02,6734.26,Food
1506,Rent,2021-08-17,446.87,Home
1507,Storage,2021-08-07,4832.87,Others
1508,Flight,2021-08-15,2067.97,Travel
1509,Theater,2021-08-16,3813.96,Entertainment
1510,VPN,2021-08-24,1183.46,Communication
1511,Jacket,2021-08-08,1883.46,Clothing
1512,Belt,2021-08-25,2561.04,Clothing
1513,Calling Card,2021-08-28,2491.77,Communication
1514,Parking,2021-08-13,8010.65,Transportation
1515,Drinks,2021-08-24,8833.11,Food
1516,Gym,2021-08-05,6574.14,Sports
1517,Pen,2021-08-01,8847.54,Education
1518,Calling Card,2021-08-01,318.21,Communication
1519,Surgery,2021-08-09,6066.45,Medical
1520,Bank Fee,2021-08-08,9284.74,Others
1521,Tuition,2021-08-06,6476.26,Education
1522,Insurance,2021-08-10,1070.80,Medical
1523,Stationery,2021-08-12,5498.45,Education
1524,Notebook,2021-08-16,1403.42,Education
1525,Scarf,2021-08-11,5432.09,Clothing
1526,Mortgage,2021-08-01,9362.29,Home
1527,Music Festival,2021-08-26,3489.76,Entertainment
1528,Tuition,2021-08-12,5270.72,Education
1529,Notebook,2021-08-15,3374.82,Education
1530,Streaming Service,2021-08-19,6760.35,Entertainment
1531,Fitness Class,2021-08-28,8655.70,Sports
1532,Football,2021-08-16,4584.67,Sports
1533,Toll,2021-08-08,479.84,Travel
1534,Train,2021-08-17,7674.68,Transportation
1535,Mobile Recharge,2021-08-04,5216.47,Communication
1536,Parking,2021-08-13,7010.39,Transportation
1537,Cruise,2021-08-18,3980.60,Travel
1538,Appliance,2021-08-28,5767.44,Home
1539,Ride Sharing,2021-08-20,5545.87,Transportation
1540,Swimming,2021-08-07,1801.99,Sports
1541,Drinks,2021-08-14,2978.55,Food
1542,Train,2021-08-04,3900.08,Transportation
1543,Belt,2021-08-26,4740.57,Clothing
1544,Postage,2021-08-17,218.11,Communication
1545,Calling Card,2021-08-18,6223.01,Communication
1546,Sports Event,2021-08-01,6986.03,Entertainment
1547,Cycling,2021-08-28,1546.68,Sports
1548,Seminar,2021-08-02,545.01,Education
1549,Fuel,2021-08-02,8288.07,Travel
1550,Rent,2021-08-26,5284.41,Home
1551,Fast Food,2021-08-04,298.32,Food
1552,Dress,2021-08-16,4187.45,Clothing
1553,Parking,2021-08-21,7788.68,Transportation
1554,Equipment,2021-08-06,4562.00,Sports
1555,Water Bill,2021-08-18,6196.38,Home
1556,Fast Food,2021-08-12,5964.24,Food
1557,Gym,2021-08-20,5856.64,Sports
1558,Dress,2021-08-27,405.90,Clothing
1559,Streaming Service,2021-08-12,8798.58,Entertainment
1560,Storage,2021-08-06,7898.54,Others
1561,Tennis,2021-08-10,5131.96,Sports
1562,Jacket,2021-08-16,9839.06,Clothing
1563,Mortgage,2021-08-22,5183.19,Home
1564,Rent,2021-08-10,7787.76,Home
1565,Bicycle,2021-08-05,407.46,Transportation
1566,Charity,2021-08-19,9782.54,Others
1567,Yoga,2021-08-20,2537.62,Sports
1568,Taxi,2021-08-26,6177.32,Travel
1569,Scooter,2021-08-14,5221.80,Transportation
1570,SIM Card,2021-08-12,632.05,Communication
1571,Karaoke,2021-08-03,9011.81,Entertainment
1572,Security,2021-08-11,7594.43,Others
1573,Scarf,2021-08-23,586.56,Clothing
1574,Donation,2021-08-25,3020.87,Others
1575,Rental Car,2021-08-12,2440.28,Travel
1576,Dental Check,2021-08-15,1504.76,Medical
1577,Swimming,2021-08-10,3142.93,Sports
1578,Security,2021-08-06,4591.27,Others
1579,Football,2021-08-09,4106.40,Sports
1580,Exam Fee,2021-08-19,394.22,Education
1581,Train,2021-08-28,8982.93,Travel
1582,Electricity,2021-08-02,9348.06,Home
1583,Metro,2021-08-07,2858.44,Transportation
1584,Tuition,2021-08-14,4755.33,Education
1585,Notebook,2021-08-07,5398.77,Education
1586,Pen,2021-08-06,3185.11,Education
1587,Internet,2021-08-22,1512.62,Communication
1588,Electricity,2021-08-07,6677.45,Home
1589,Belt,2021-08-04,4568.04,Clothing
1590,Subscription,2021-08-25,6616.60,Communication
1591,Postage,2021-08-27,1673.66,Communication
1592,Concert,2021-08-22,4560.21,Entertainment
1593,Maintenance,2021-08-21,3555.11,Home
1594,Seminar,2021-08-21,5047.49,Education
1595,Amusement Park,2021-08-01,9910.43,Entertainment
1596,Theater,2021-08-06,7537.45,Entertainment
1597,Basketball,2021-08-10,4919.26,Sports
1598,Electricity,2021-08-22,4327.18,Home
1599,Yoga,2021-08-19,8966.50,Sports
1600,VPN,2021-08-23,3516.94,Communication
1601,Hospital Bill,2021-09-12,9044.91,Medical
1602,Eye Exam,2021-09-09,9368.94,Medical
1603,Water Bill,2021-09-01,8665.95,Home
1604,Game,2021-09-11,2459.75,Entertainment
1605,Football,2021-09-23,3706.28,Sports
1606,Health Check,2021-09-01,3470.81,Medical
1607,Belt,2021-09-21,6283.96,Clothing
1608,Therapy,2021-09-22,7089.33,Medical
1609,Jacket,2021-09-11,1068.14,Clothing
1610,Security,2021-09-16,9167.10,Others
1611,Charity,2021-09-21,1623.40,Others
1612,Jacket,2021-09-01,2819.53,Clothing
1613,Travel Insurance,2021-09-10,6913.71,Travel
1614,Notebook,2021-09-23,2395.92,Education
1615,Seminar,2021-09-14,328.69,Education
1616,Hospital Bill,2021-09-10,2847.65,Medical
1617,Doctor Visit,2021-09-07,1604.23,Medical
1618,Fitness Class,2021-09-26,9401.41,Sports
1619,Club,2021-09-20,2785.35,Entertainment
1620,Furniture,2021-09-18,5570.13,Home
1621,Hospital Bill,2021-09-16,7975.12,Medical
1622,Shirt,2021-09-01,3054.88,Clothing
1623,SIM Card,2021-09-24,1026.44,Communication
1624,Football,2021-09-27,1781.68,Sports
1625,Therapy,2021-09-24,8933.92,Medical
1626,Travel Insurance,2021-09-14,3090.63,Travel
1627,Stationery,2021-09-02,4083.28,Education
1628,Pen,2021-09-12,8799.16,Education
1629,Coat,2021-09-14,1112.17,Clothing
1630,Workshop,2021-09-14,7909.25,Education
1631,Streaming Service,2021-09-07,2034.72,Entertainment
1632,Backpack,2021-09-16,8486.34,Education
1633,Charity,2021-09-08,4429.26,Others
1634,Phone Bill,2021-09-08,7694.58,Communication
1635,Furniture,2021-09-16,6676.00,Home
1636,Security,2021-09-25,6107.07,Others
1637,Online Course,2021-09-15,2182.58,Education
1638,Theater,2021-09-08,60.47,Entertainment
1639,Dress,2021-09-07,192.40,Clothing
1640,Appliance,2021-09-19,8060.88,Home
1641,Sports Event,2021-09-19,8505.20,Entertainment
1642,Yoga,2021-09-08,8465.47,Sports
1643,Drinks,2021-09-05,998.78,Food
1644,Mortgage,2021-09-23,2265.96,Home
1645,Travel Insurance,2021-09-07,4571.75,Travel
1646,Water Bill,2021-09-11,191.11,Home
1647,Backpack,2021-09-18,280.67,Education
1648,Travel Insurance,2021-09-25,4411.55,Travel
1649,Therapy,2021-09-20,4374.12,Medical
1650,Accessories,2021-09-18,4591.65,Others
1651,Workshop,2021-09-14,2802.20,Education
1652,Meat,2021-09-07,3089.06,Food
1653,Storage,2021-09-14,620.30,Others
1654,Gift,2021-09-19,5685.95,Others
1655,Amusement Park,2021-09-02,2073.66,Entertainment
1656,Donation,2021-09-20,6199.87,Others
1657,Doctor Visit,2021-09-06,4644.40,Medical
1658,Fuel,2021-09-21,7251.11,Travel
1659,Insurance,2021-09-15,2793.67,Medical
1660,Dental Check,2021-09-17,1383.91,Medical
1661,Insurance,2021-09-02,6591.43,Medical
1662,Therapy,2021-09-05,223.52,Medical
1663,Cafe,2021-09-12,3790.40,Food
1664,Club,2021-09-23,3750.41,Entertainment
1665,Gas,2021-09-25,1161.25,Home
1666,Maintenance,2021-09-24,7152.49,Home
1667,Ride Sharing,2021-09-20,969.07,Transportation
1668,Rental Car,2021-09-03,8485.12,Travel
1669,Postage,2021-09-07,518.23,Communication
1670,Electricity,2021-09-21,2746.90,Home
1671,Coat,2021-09-05,8083.65,Clothing
1672,Bus,2021-09-20,6577.81,Transportation
1673,Stationery,2021-09-02,7391.85,Education
1674,Drinks,2021-09-15,2715.43,Food
1675,Jeans,2021-09-23,6476.22,Clothing
1676,Toll,2021-09-10,2530.76,Transportation
1677,Seminar,2021-09-17,8287.17,Education
1678,Bicycle,2021-09-21,594.61,Transportation
1679,Streaming Service,2021-09-23,2174.89,Entertainment
1680,Toll,2021-09-01,6379.25,Transportation
1681,Bus,2021-09-10,8090.41,Transportation
1682,Groceries,2021-09-09,619.07,Food
1683,Game,2021-09-19,3811.44,Entertainment
1684,Swimming,2021-09-02,8795.36,Sports
1685,Health Check,2021-09-09,7832.39,Medical
1686,Belt,2021-09-09,8875.17,Clothing
1687,Train,2021-09-07,2097.96,Transportation
1688,Eye Exam,2021-09-25,2056.02,Medical
1689,Snacks,2021-09-08,3215.26,Food
1690,Books,2021-09-01,1784.53,Education
1691,Metro,2021-09-19,4399.49,Transportation
1692,Swimming,2021-09-11,9860.52,Sports
1693,Scooter,2021-09-15,8884.49,Transportation
1694,Storage,2021-09-20,5088.65,Others
1695,Theater,2021-09-21,4802.23,Entertainment
1696,VPN,2021-09-02,911.60,Communication
1697,Cafe,2021-09-21,5970.24,Food
1698,Toll,2021-09-17,5988.20,Travel
1699,Visa Fee,2021-09-04,6650.39,Travel
1700,Doctor Visit,2021-09-01,7603.68,Medical
1701,Cycling,2021-10-16,1605.88,Sports
1702,Jeans,2021-10-15,3346.23,Clothing
1703,Game,2021-10-02,4256.50,Entertainment
1704,Backpack,2021-10-26,5218.11,Education
1705,Flight,2021-10-16,110.95,Travel
1706,Theater,2021-10-20,6823.38,Entertainment
1707,Belt,2021-10-13,3872.52,Clothing
1708,Roaming,2021-10-25,4794.57,Communication
1709,Cycling,2021-10-28,3717.37,Sports
1710,Rent,2021-10-28,6020.99,Home
1711,Seminar,2021-10-04,9009.05,Education
1712,Equipment,2021-10-28,3586.16,Sports
1713,Cruise,2021-10-26,1618.85,Travel
1714,Gas,2021-10-06,4569.53,Home
1715,Fuel,2021-10-19,1371.24,Transportation
1716,Train,2021-10-06,1192.62,Transportation
1717,Backpack,2021-10-26,3373.08,Education
1718,Delivery,2021-10-03,7787.76,Food
1719,Coat,2021-10-15,8697.67,Clothing
1720,Yoga,2021-10-12,5668.46,Sports
1721,Notebook,2021-10-23,4897.90,Education
1722,Streaming Service,2021-10-20,8334.54,Entertainment
1723,Rent,2021-10-08,9457.77,Home
1724,Jeans,2021-10-14,6193.44,Clothing
1725,Cleaning,2021-10-16,8461.80,Home
1726,Surgery,2021-10-25,2120.82,Medical
1727,Delivery,2021-10-03,8806.89,Food
1728,Accessories,2021-10-12,2172.38,Others
1729,Postage,2021-10-24,464.34,Communication
1730,Rent,2021-10-14,2906.40,Home
1731,Football,2021-10-15,8180.44,Sports
1732,Fast Food,2021-10-14,2444.40,Food
1733,Delivery,2021-10-26,5865.74,Food
1734,Gym,2021-10-24,9927.50,Sports
1735,Storage,2021-10-28,4653.00,Others
1736,Laundry,2021-10-11,3439.08,Others
1737,Club,2021-10-14,2451.73,Entertainment
1738,Mortgage,2021-10-18,5577.01,Home
1739,Mobile Recharge,2021-10-17,8234.77,Communication
1740,Restaurant,2021-10-12,868.22,Food
1741,Toll,2021-10-19,9379.64,Travel
1742,Cycling,2021-10-14,4168.47,Sports
1743,Medicine,2021-10-12,2198.88,Medical
1744,Snacks,2021-10-01,3037.53,Food
1745,Subscription,2021-10-18,7925.95,Communication
1746,Medicine,2021-10-23,4759.96,Medical
1747,Electricity,2021-10-11,1018.57,Home
1748,Roaming,2021-10-21,9162.46,Communication
1749,Belt,2021-10-16,8723.64,Clothing
1750,Health Check,2021-10-15,4433.27,Medical
1751,Cafe,2021-10-27,4582.75,Food
1752,Dental Check,2021-10-06,7109.23,Medical
1753,Internet,2021-10-02,3183.04,Communication
1754,Gift,2021-10-21,4666.23,Others
1755,Theater,2021-10-25,5000.40,Entertainment
1756,Cruise,2021-10-14,4080.86,Travel
1757,Water Bill,2021-10-25,5223.90,Home
1758,Cruise,2021-10-20,2765.00,Travel
1759,Fast Food,2021-10-20,782.31,Food
1760,Swimming,2021-10-28,5644.52,Sports
1761,Toll,2021-10-13,696.50,Transportation
1762,Taxi,2021-10-13,5897.43,Transportation
1763,Notebook,2021-10-12,2903.87,Education
1764,Game,2021-10-04,2689.72,Entertainment
1765,Bicycle,2021-10-19,6637.17,Transportation
1766,Eye Exam,2021-10-15,9037.03,Medical
1767,Postage,2021-10-14,2647.56,Communication
1768,Eye Exam,2021-10-03,1707.98,Medical
1769,Seminar,2021-10-06,2743.63,Education
1770,VPN,2021-10-14,7500.38,Communication
1771,Shoes,2021-10-26,2596.78,Clothing
1772,Surgery,2021-10-07,9603.43,Medical
1773,Belt,2021-10-10,3605.55,Clothing
1774,Scooter,2021-10-13,1339.88,Transportation
1775,VPN,2021-10-28,3400.17,Communication
1776,Concert,2021-10-23,8902.07,Entertainment
1777,Movie,2021-10-17,4195.89,Entertainment
1778,Taxi,2021-10-17,8288.62,Transportation
1779,Cycling,2021-10-06,5382.14,Sports
1780,Security,2021-10-16,1232.61,Others
1781,Concert,2021-10-24,3827.45,Entertainment
1782,Rental Car,2021-10-14,3293.13,Travel
1783,Scarf,2021-10-09,7300.19,Clothing
1784,Scooter,2021-10-24,8357.31,Transportation
1785,Cleaning,2021-10-15,4845.76,Home
1786,Hat,2021-10-19,8243.16,Clothing
1787,Delivery,2021-10-26,4680.12,Food
1788,Hospital Bill,2021-10-28,4353.91,Medical
1789,Security,2021-10-03,7447.28,Others
1790,Phone Bill,2021-10-15,8685.68,Communication
1791,Storage,2021-10-19,4632.99,Others
1792,Equipment,2021-10-02,8124.23,Sports
1793,Game,2021-10-01,803.22,Entertainment
1794,Game,2021-10-19,3696.41,Entertainment
1795,Cleaning,2021-10-27,9015.20,Home
1796,Toll,2021-10-08,7344.35,Travel
1797,Internet,2021-10-09,5643.00,Home
1798,Scarf,2021-10-09,1181.33,Clothing
1799,Mobile Recharge,2021-10-06,1273.73,Communication
1800,Movie,2021-10-28,4568.88,Entertainment
1801,Roaming,2021-11-02,5761.01,Communication
1802,Jacket,2021-11-21,9760.11,Clothing
1803,Scarf,2021-11-13,3090.58,Clothing
1804,Train,2021-11-28,5226.13,Travel
1805,Meat,2021-11-22,6650.78,Food
1806,Bus,2021-11-26,6848.99,Transportation
1807,Mobile Recharge,2021-11-28,1171.02,Communication
1808,Fruits,2021-11-17,4872.11,Food
1809,Hospital Bill,2021-11-04,3731.60,Medical
1810,Equipment,2021-11-13,5310.71,Sports
1811,Travel Insurance,2021-11-11,3854.13,Travel
1812,Streaming Service,2021-11-04,1267.76,Entertainment
1813,Train,2021-11-10,4654.42,Travel
1814,Parking,2021-11-23,4868.32,Transportation
1815,Surgery,2021-11-15,737.13,Medical
1816,Taxi,2021-11-09,7976.17,Travel
1817,Bank Fee,2021-11-04,3146.09,Others
1818,Donation,2021-11-04,259.08,Others
1819,Internet,2021-11-20,6550.80,Home
1820,Taxi,2021-11-02,8201.81,Transportation
1821,Football,2021-11-11,3607.05,Sports
1822,Gas,2021-11-21,5845.38,Home
1823,Belt,2021-11-13,8617.50,Clothing
1824,Jeans,2021-11-10,9942.00,Clothing
1825,Notebook,2021-11-02,6955.01,Education
1826,Fruits,2021-11-02,5524.05,Food
1827,Rent,2021-11-07,1823.46,Home
1828,Gift,2021-11-06,4761.99,Others
1829,Mortgage,2021-11-12,8829.00,Home
1830,Rental Car,2021-11-05,118.48,Travel
1831,Internet,2021-11-10,4515.63,Communication
1832,Accessories,2021-11-12,7160.25,Others
1833,Rental Car,2021-11-09,604.40,Travel
1834,Stationery,2021-11-04,1932.39,Education
1835,Pet,2021-11-14,2420.33,Others
1836,Tennis,2021-11-17,4572.96,Sports
1837,Shoes,2021-11-19,4792.55,Clothing
1838,Pet,2021-11-25,3858.84,Others
1839,Donation,2021-11-09,4564.36,Others
1840,Flight,2021-11-25,5022.65,Travel
1841,Shirt,2021-11-24,185.24,Clothing
1842,Jacket,2021-11-15,1825.11,Clothing
1843,Hospital Bill,2021-11-01,2603.75,Medical
1844,Shirt,2021-11-01,4189.61,Clothing
1845,Dental Check,2021-11-07,2665.64,Medical
1846,Security,2021-11-02,8793.39,Others
1847,Fuel,2021-11-04,4059.29,Travel
1848,Swimming,2021-11-10,9394.51,Sports
1849,Flight,2021-11-04,3180.27,Travel
1850,VPN,2021-11-04,2448.15,Communication
1851,Club,2021-11-24,7020.61,Entertainment
1852,Data Plan,2021-11-15,8961.52,Communication
1853,Basketball,2021-11-21,1029.20,Sports
1854,Pet,2021-11-06,1391.04,Others
1855,Scarf,2021-11-04,6725.61,Clothing
1856,Yoga,2021-11-19,7359.56,Sports
1857,Meat,2021-11-23,9390.75,Food
1858,SIM Card,2021-11-25,8281.90,Communication
1859,Streaming Service,2021-11-01,6422.83,Entertainment
1860,Exam Fee,2021-11-28,3965.80,Education
1861,Groceries,2021-11-01,6083.68,Food
1862,Cruise,2021-11-25,3365.27,Travel
1863,Hat,2021-11-25,6660.65,Clothing
1864,Fruits,2021-11-18,8274.32,Food
1865,Metro,2021-11-25,2697.62,Transportation
1866,Shirt,2021-11-11,4775.61,Clothing
1867,Furniture,2021-11-10,8773.92,Home
1868,Jacket,2021-11-06,4890.28,Clothing
1869,Online Course,2021-11-01,1725.17,Education
1870,Furniture,2021-11-04,9260.79,Home
1871,Accessories,2021-11-17,9039.85,Others
1872,Calling Card,2021-11-04,7999.47,Communication
1873,Mortgage,2021-11-04,2238.32,Home
1874,Surgery,2021-11-27,4925.03,Medical
1875,Rent,2021-11-06,2101.67,Home
1876,Club,2021-11-27,682.45,Entertainment
1877,Data Plan,2021-11-28,3742.17,Communication
1878,Toll,2021-11-17,6925.22,Travel
1879,Streaming Service,2021-11-09,7210.05,Entertainment
1880,Ride Sharing,2021-11-12,1916.76,Transportation
1881,Streaming Service,2021-11-06,7095.12,Entertainment
1882,Sports Event,2021-11-28,8215.19,Entertainment
1883,Vegetables,2021-11-18,6073.45,Food
1884,Parking,2021-11-02,8099.80,Transportation
1885,SIM Card,2021-11-07,5741.45,Communication
1886,Doctor Visit,2021-11-11,5952.77,Medical
1887,Doctor Visit,2021-11-25,2449.09,Medical
1888,Cafe,2021-11-02,923.90,Food
1889,Club,2021-11-07,3400.01,Entertainment
1890,Hospital Bill,2021-11-20,7412.80,Medical
1891,Fitness Class,2021-11-01,5798.05,Sports
1892,Train,2021-11-01,9954.43,Transportation
1893,Online Course,2021-11-14,5231.10,Education
1894,Workshop,2021-11-11,5479.47,Education
1895,Theater,2021-11-26,4583.94,Entertainment
1896,Club,2021-11-14,4477.61,Entertainment
1897,Laundry,2021-11-17,9991.48,Others
1898,Swimming,2021-11-23,5669.76,Sports
1899,Seminar,2021-11-27,4521.55,Education
1900,Swimming,2021-11-24,6415.62,Sports
1901,Tuition,2021-12-04,8385.67,Education
1902,Tennis,2021-12-06,56.64,Sports
1903,Shoes,2021-12-22,3385.87,Clothing
1904,Restaurant,2021-12-23,8235.80,Food
1905,Therapy,2021-12-14,4089.13,Medical
1906,Travel Insurance,2021-12-02,8526.48,Travel
1907,SIM Card,2021-12-15,5570.81,Communication
1908,Club,2021-12-19,3444.73,Entertainment
1909,Water Bill,2021-12-21,2002.13,Home
1910,Vegetables,2021-12-07,5523.93,Food
1911,Appliance,2021-12-23,5051.37,Home
1912,Swimming,2021-12-28,3799.69,Sports
1913,Books,2021-12-22,6414.75,Education
1914,Fuel,2021-12-11,6471.23,Transportation
1915,Shirt,2021-12-18,1090.35,Clothing
1916,Taxi,2021-12-03,2981.70,Travel
1917,Tennis,2021-12-15,3202.00,Sports
1918,Backpack,2021-12-07,7411.53,Education
1919,Cruise,2021-12-05,3160.23,Travel
1920,Gym,2021-12-21,8961.35,Sports
1921,Calling Card,2021-12-25,5651.37,Communication
1922,Taxi,2021-12-20,9935.50,Transportation
1923,Travel Insurance,2021-12-22,3766.46,Travel
1924,Fast Food,2021-12-02,5222.29,Food
1925,Cafe,2021-12-07,8911.91,Food
1926,Theater,2021-12-18,5883.19,Entertainment
1927,Online Course,2021-12-21,8744.55,Education
1928,Jeans,2021-12-04,8590.28,Clothing
1929,Seminar,2021-12-09,7608.33,Education
1930,Jeans,2021-12-18,1519.10,Clothing
1931,Bank Fee,2021-12-27,4506.16,Others
1932,Shirt,2021-12-24,1970.67,Clothing
1933,Socks,2021-12-28,4786.61,Clothing
1934,Karaoke,2021-12-11,4833.05,Entertainment
1935,Doctor Visit,2021-12-24,8787.50,Medical
1936,Scooter,2021-12-08,3935.87,Transportation
1937,Postage,2021-12-13,517.37,Communication
1938,Karaoke,2021-12-05,422.31,Entertainment
1939,Rental Car,2021-12-04,8118.28,Travel
1940,Dress,2021-12-15,4985.38,Clothing
1941,Concert,2021-12-13,7774.45,Entertainment
1942,Mortgage,2021-12-19,6093.04,Home
1943,Rent,2021-12-02,7834.83,Home
1944,Internet,2021-12-15,3762.06,Communication
1945,Health Check,2021-12-08,3185.52,Medical
1946,Online Course,2021-12-23,4448.34,Education
1947,Charity,2021-12-22,8719.84,Others
1948,Train,2021-12-04,6145.31,Travel
1949,Gas,2021-12-13,3823.58,Home
1950,Bicycle,2021-12-28,7661.83,Transportation
1951,Coat,2021-12-24,147.98,Clothing
1952,Socks,2021-12-28,5716.49,Clothing
1953,Donation,2021-12-06,9919.31,Others
1954,Mortgage,2021-12-20,2929.74,Home
1955,Books,2021-12-16,1278.25,Education
1956,Medicine,2021-12-16,1043.54,Medical
1957,Sports Event,2021-12-21,7522.93,Entertainment
1958,Music Festival,2021-12-28,7599.63,Entertainment
1959,Concert,2021-12-09,8739.28,Entertainment
1960,Water Bill,2021-12-06,2943.40,Home
1961,Surgery,2021-12-07,5010.02,Medical
1962,Books,2021-12-23,8274.46,Education
1963,Pen,2021-12-17,8574.76,Education
1964,Tennis,2021-12-02,9349.38,Sports
1965,Yoga,2021-12-09,343.30,Sports
1966,Toll,2021-12-02,9274.18,Travel
1967,Cafe,2021-12-09,9858.73,Food
1968,Bicycle,2021-12-14,7880.17,Transportation
1969,Visa Fee,2021-12-15,2728.88,Travel
1970,Health Check,2021-12-20,7876.67,Medical
1971,Football,2021-12-27,9183.45,Sports
1972,Eye Exam,2021-12-18,3857.71,Medical
1973,Hospital Bill,2021-12-27,396.96,Medical
1974,Appliance,2021-12-27,4578.87,Home
1975,Fruits,2021-12-05,5560.88,Food
1976,Cafe,2021-12-03,6943.75,Food
1977,Bicycle,2021-12-01,9105.63,Transportation
1978,Taxi,2021-12-05,3693.03,Transportation
1979,Medicine,2021-12-27,5594.76,Medical
1980,Workshop,2021-12-05,8154.11,Education
1981,Jacket,2021-12-17,2773.03,Clothing
1982,Vaccination,2021-12-20,5172.59,Medical
1983,Game,2021-12-24,1946.80,Entertainment
1984,Fuel,2021-12-20,2152.22,Travel
1985,Sports Event,2021-12-14,1583.42,Entertainment
1986,Books,2021-12-16,2983.80,Education
1987,Karaoke,2021-12-05,5032.52,Entertainment
1988,Bicycle,2021-12-01,185.32,Transportation
1989,Shirt,2021-12-02,2943.11,Clothing
1990,Cafe,2021-12-10,2040.36,Food
1991,Dental Check,2021-12-05,2513.44,Medical
1992,Surgery,2021-12-22,4234.35,Medical
1993,Data Plan,2021-12-06,5919.65,Communication
1994,Toll,2021-12-25,7872.27,Travel
1995,Lottery,2021-12-23,4338.74,Others
1996,Electricity,2021-12-11,5566.92,Home
1997,Hospital Bill,2021-12-10,9771.71,Medical
1998,Basketball,2021-12-24,2516.04,Sports
1999,Swimming,2021-12-02,9982.83,Sports
2000,Stationery,2021-12-17,5445.69,Education
2001,Lottery,2022-01-28,2400.42,Others
2002,Travel Insurance,2022-01-19,655.51,Travel
2003,SIM Card,2022-01-03,8681.24,Communication
2004,VPN,2022-01-20,7563.59,Communication
2005,Shirt,2022-01-11,9818.25,Clothing
2006,Laundry,2022-01-05,3453.66,Others
2007,Amusement Park,2022-01-22,2879.29,Entertainment
2008,Running,2022-01-06,4239.26,Sports
2009,Belt,2022-01-25,5483.05,Clothing
2010,Internet,2022-01-21,5676.27,Home
2011,Phone Bill,2022-01-11,3028.10,Communication
2012,Roaming,2022-01-21,5632.27,Communication
2013,Tennis,2022-01-18,3609.96,Sports
2014,Karaoke,2022-01-20,1863.87,Entertainment
2015,Books,2022-01-15,5297.35,Education
2016,Jeans,2022-01-18,9347.58,Clothing
2017,Shirt,2022-01-13,7013.93,Clothing
2018,Music Festival,2022-01-03,6271.74,Entertainment
2019,Stationery,2022-01-02,3502.87,Education
2020,Eye Exam,2022-01-08,3839.03,Medical
2021,Subscription,2022-01-19,5273.57,Communication
2022,Tennis,2022-01-19,965.34,Sports
2023,Insurance,2022-01-20,8623.72,Medical
2024,Storage,2022-01-13,5389.06,Others
2025,Gift,2022-01-26,7427.28,Others
2026,Movie,2022-01-13,6096.75,Entertainment
2027,Shirt,2022-01-19,3893.66,Clothing
2028,Streaming Service,2022-01-18,1322.26,Entertainment
2029,Sports Event,2022-01-09,4275.19,Entertainment
2030,Seminar,2022-01-27,4171.16,Education
2031,Exam Fee,2022-01-20,7762.90,Education
2032,Cafe,2022-01-19,3294.81,Food
2033,Scarf,2022-01-07,6669.70,Clothing
2034,Parking,2022-01-25,9445.50,Transportation
2035,Bicycle,2022-01-28,4094.20,Transportation
2036,Taxi,2022-01-13,1348.61,Travel
2037,Streaming Service,2022-01-07,4660.37,Entertainment
2038,Eye Exam,2022-01-05,5564.38,Medical
2039,Doctor Visit,2022-01-19,9745.35,Medical
2040,Theater,2022-01-06,6380.17,Entertainment
2041,Music Festival,2022-01-20,6273.13,Entertainment
2042,Workshop,2022-01-25,7724.81,Education
2043,Vegetables,2022-01-24,8080.12,Food
2044,Roaming,2022-01-07,8214.67,Communication
2045,Exam Fee,2022-01-01,1046.76,Education
2046,Bicycle,2022-01-02,8054.24,Transportation
2047,Internet,2022-01-21,5151.61,Home
2048,Bank Fee,2022-01-01,4781.41,Others
2049,Storage,2022-01-17,1286.42,Others
2050,Game,2022-01-09,5913.33,Entertainment
2051,Visa Fee,2022-01-18,8354.10,Travel
2052,Books,2022-01-11,5893.21,Education
2053,Notebook,2022-01-24,8655.04,Education
2054,Backpack,2022-01-09,1758.54,Education
2055,Hotel,2022-01-02,4379.70,Travel
2056,Bus,2022-01-22,354.52,Transportation
2057,Fitness Class,2022-01-21,5782.20,Sports
2058,Gift,2022-01-23,3285.53,Others
2059,Travel Insurance,2022-01-13,6556.22,Travel
2060,Cycling,2022-01-01,3945.05,Sports
2061,Workshop,2022-01-01,9109.23,Education
2062,Water Bill,2022-01-21,7261.16,Home
2063,Notebook,2022-01-24,602.82,Education
2064,Taxi,2022-01-15,3850.41,Travel
2065,Hospital Bill,2022-01-14,2762.33,Medical
2066,Online Course,2022-01-01,1506.62,Education
2067,Internet,2022-01-25,8145.66,Communication
2068,Stationery,2022-01-09,3183.34,Education
2069,Socks,2022-01-01,6749.79,Clothing
2070,Mortgage,2022-01-23,8148.40,Home
2071,Toll,2022-01-03,4220.54,Travel
2072,Notebook,2022-01-07,3144.99,Education
2073,Amusement Park,2022-01-19,7996.38,Entertainment
2074,Backpack,2022-01-18,3417.67,Education
2075,Cleaning,2022-01-08,9796.40,Home
2076,Fast Food,2022-01-28,1317.68,Food
2077,Karaoke,2022-01-23,7524.38,Entertainment
2078,Cleaning,2022-01-02,3556.48,Home
2079,Cycling,2022-01-13,8255.88,Sports
2080,Vegetables,2022-01-16,2510.27,Food
2081,Scooter,2022-01-08,7052.90,Transportation
2082,Restaurant,2022-01-10,2365.98,Food
2083,Jacket,2022-01-15,6594.41,Clothing
2084,Security,2022-01-21,2569.78,Others
2085,Swimming,2022-01-12,4273.65,Sports
2086,Eye Exam,2022-01-14,3375.15,Medical
2087,Dress,2022-01-12,2364.56,Clothing
2088,Scooter,2022-01-20,8676.88,Transportation
2089,Toll,2022-01-26,8615.26,Travel
2090,Football,2022-01-12,626.45,Sports
2091,Cruise,2022-01-14,7095.73,Travel
2092,Belt,2022-01-14,156.54,Clothing
2093,Sports Event,2022-01-05,4494.54,Entertainment
2094,Amusement Park,2022-01-25,4496.05,Entertainment
2095,Bicycle,2022-01-03,1038.11,Transportation
2096,Charity,2022-01-16,6784.57,Others
2097,Mobile Recharge,2022-01-05,583.42,Communication
2098,Roaming,2022-01-08,3331.31,Communication
2099,Mortgage,2022-01-27,3726.22,Home
2100,Gas,2022-01-09,4595.62,Home
2101,Hospital Bill,2022-02-09,9536.92,Medical
2102,Storage,2022-02-23,1059.58,Others
2103,Electricity,2022-02-01,2462.47,Home
2104,Exam Fee,2022-02-23,9479.13,Education
2105,Groceries,2022-02-21,4661.81,Food
2106,Rental Car,2022-02-24,7719.90,Travel
2107,Theater,2022-02-16,9658.16,Entertainment
2108,Gym,2022-02-18,6706.15,Sports
2109,Tuition,2022-02-02,8489.09,Education
2110,Health Check,2022-02-24,7803.40,Medical
2111,Donation,2022-02-23,8652.99,Others
2112,Movie,2022-02-06,7202.58,Entertainment
2113,Lottery,2022-02-15,5561.68,Others
2114,Gift,2022-02-01,4607.69,Others
2115,Books,2022-02-04,941.43,Education
2116,Calling Card,2022-02-07,6881.47,Communication
2117,Appliance,2022-02-20,1472.02,Home
2118,Bus,2022-02-20,9366.61,Transportation
2119,Mortgage,2022-02-27,3652.68,Home
2120,Jacket,2022-02-07,970.04,Clothing
2121,Hospital Bill,2022-02-26,6061.46,Medical
2122,Laundry,2022-02-03,9533.25,Others
2123,Train,2022-02-13,7945.59,Transportation
2124,Gift,2022-02-11,3105.18,Others
2125,Doctor Visit,2022-02-18,8472.59,Medical
2126,Insurance,2022-02-08,4893.09,Medical
2127,Concert,2022-02-15,4769.73,Entertainment
2128,Taxi,2022-02-28,6206.51,Transportation
2129,Pet,2022-02-21,9047.66,Others
2130,Shirt,2022-02-15,758.27,Clothing
2131,Internet,2022-02-11,9108.14,Communication
2132,Shirt,2022-02-18,5251.71,Clothing
2133,Basketball,2022-02-24,5875.63,Sports
2134,Running,2022-02-26,4367.59,Sports
2135,Storage,2022-02-24,173.11,Others
2136,Amusement Park,2022-02-19,1757.33,Entertainment
2137,Train,2022-02-27,9827.77,Transportation
2138,Basketball,2022-02-15,1486.95,Sports
2139,Tuition,2022-02-26,2559.33,Education
2140,Fitness Class,2022-02-28,2815.54,Sports
2141,Appliance,2022-02-22,3025.10,Home
2142,Vaccination,2022-02-13,222.09,Medical
2143,Belt,2022-02-05,6006.35,Clothing
2144,Snacks,2022-02-17,3760.58,Food
2145,Electricity,2022-02-27,4902.19,Home
2146,Concert,2022-02-24,3770.79,Entertainment
2147,Shoes,2022-02-20,4343.91,Clothing
2148,Jeans,2022-02-06,4003.96,Clothing
2149,Shoes,2022-02-13,6120.36,Clothing
2150,Groceries,2022-02-14,3137.46,Food
2151,Theater,2022-02-18,3839.01,Entertainment
2152,Basketball,2022-02-09,3403.72,Sports
2153,Ride Sharing,2022-02-16,937.91,Transportation
2154,Cycling,2022-02-06,1316.29,Sports
2155,Pet,2022-02-20,4496.98,Others
2156,Therapy,2022-02-27,2739.53,Medical
2157,Toll,2022-02-25,2802.62,Travel
2158,Bank Fee,2022-02-24,1675.75,Others
2159,Notebook,2022-02-06,1973.63,Education
2160,Pen,2022-02-27,1378.93,Education
2161,VPN,2022-02-03,650.74,Communication
2162,Basketball,2022-02-13,924.54,Sports
2163,Notebook,2022-02-25,6446.75,Education
2164,Fuel,2022-02-18,3137.61,Travel
2165,Mobile Recharge,2022-02-20,4284.74,Communication
2166,Doctor Visit,2022-02-03,3896.24,Medical
2167,Karaoke,2022-02-16,4917.27,Entertainment
2168,Restaurant,2022-02-19,9809.61,Food
2169,Insurance,2022-02-03,5190.29,Medical
2170,Security,2022-02-09,8011.37,Others
2171,Running,2022-02-10,1828.97,Sports
2172,Amusement Park,2022-02-08,3213.27,Entertainment
2173,Bicycle,2022-02-09,6267.48,Transportation
2174,Ride Sharing,2022-02-25,646.64,Transportation
2175,Fuel,2022-02-28,6885.07,Transportation
2176,Eye Exam,2022-02-20,6176.92,Medical
2177,VPN,2022-02-03,1653.87,Communication
2178,Music Festival,2022-02-09,9235.99,Entertainment
2179,Seminar,2022-02-14,3669.20,Education
2180,Health Check,2022-02-04,9381.29,Medical
2181,Phone Bill,2022-02-01,3850.21,Communication
2182,Furniture,2022-02-14,3227.04,Home
2183,Streaming Service,2022-02-24,3425.61,Entertainment
2184,Stationery,2022-02-06,5537.66,Education
2185,Club,2022-02-18,8581.79,Entertainment
2186,Charity,2022-02-28,7810.92,Others
2187,Bank Fee,2022-02-06,6048.79,Others
2188,Subscription,2022-02-25,6503.82,Communication
2189,Water Bill,2022-02-22,5041.21,Home
2190,Internet,2022-02-14,7748.59,Home
2191,Club,2022-02-25,6324.06,Entertainment
2192,Fast Food,2022-02-27,4701.68,Food
2193,Toll,2022-02-04,8674.20,Travel
2194,Appliance,2022-02-08,1807.81,Home
2195,Tuition,2022-02-20,5739.16,Education
2196,Metro,2022-02-15,1776.94,Transportation
2197,Fuel,2022-02-11,7425.58,Travel
2198,Train,2022-02-14,3803.52,Travel
2199,Yoga,2022-02-04,3321.47,Sports
2200,Internet,2022-02-17,8001.86,Home
2201,Backpack,2022-03-27,4337.23,Education
2202,Stationery,2022-03-17,8351.74,Education
2203,Socks,2022-03-24,3997.85,Clothing
2204,Internet,2022-03-26,5372.40,Home
2205,Lottery,2022-03-04,2309.16,Others
2206,Cycling,2022-03-11,8293.95,Sports
2207,Shirt,2022-03-21,8836.86,Clothing
2208,Theater,2022-03-15,2120.89,Entertainment
2209,Shirt,2022-03-21,2918.59,Clothing
2210,Doctor Visit,2022-03-11,2240.21,Medical
2211,Vaccination,2022-03-22,3396.66,Medical
2212,Parking,2022-03-13,4251.66,Transportation
2213,Amusement Park,2022-03-10,3617.99,Entertainment
2214,Visa Fee,2022-03-15,3208.69,Travel
2215,Accessories,2022-03-15,3524.70,Others
2216,Belt,2022-03-27,344.38,Clothing
2217,Notebook,2022-03-08,7789.46,Education
2218,Cruise,2022-03-10,3900.52,Travel
2219,Rent,2022-03-15,244.81,Home
2220,Workshop,2022-03-18,9589.92,Education
2221,Internet,2022-03-22,2005.95,Communication
2222,Health Check,2022-03-28,7247.23,Medical
2223,Train,2022-03-15,6342.83,Travel
2224,Karaoke,2022-03-21,4167.87,Entertainment
2225,Train,2022-03-09,8949.38,Travel
2226,Ride Sharing,2022-03-12,8207.79,Transportation
2227,Hat,2022-03-26,9156.03,Clothing
2228,Hat,2022-03-08,7949.79,Clothing
2229,Gym,2022-03-20,4610.74,Sports
2230,Bus,2022-03-28,3084.80,Transportation
2231,Gift,2022-03-06,1084.99,Others
2232,Seminar,2022-03-12,2847.75,Education
2233,Online Course,2022-03-07,718.69,Education
2234,Train,2022-03-12,1157.07,Transportation
2235,Mobile Recharge,2022-03-16,139.07,Communication
2236,Meat,2022-03-23,2125.05,Food
2237,Shirt,2022-03-11,6026.00,Clothing
2238,Backpack,2022-03-07,3498.88,Education
2239,Hospital Bill,2022-03-10,8685.35,Medical
2240,Hat,2022-03-23,8982.51,Clothing
2241,Stationery,2022-03-17,956.91,Education
2242,Travel Insurance,2022-03-18,3312.86,Travel
2243,Gift,2022-03-26,6771.55,Others
2244,Shirt,2022-03-22,8813.29,Clothing
2245,Hospital Bill,2022-03-17,5571.93,Medical
2246,Socks,2022-03-04,8858.57,Clothing
2247,Taxi,2022-03-14,7527.08,Transportation
2248,Online Course,2022-03-04,5232.71,Education
2249,Cruise,2022-03-21,7496.69,Travel
2250,Books,2022-03-21,7855.29,Education
2251,Streaming Service,2022-03-11,7143.56,Entertainment
2252,Accessories,2022-03-20,3181.51,Others
2253,Pen,2022-03-12,2380.07,Education
2254,Jeans,2022-03-12,1760.38,Clothing
2255,Roaming,2022-03-14,1167.04,Communication
2256,Electricity,2022-03-17,5221.78,Home
2257,Cycling,2022-03-19,2961.62,Sports
2258,Movie,2022-03-28,448.80,Entertainment
2259,Theater,2022-03-15,3561.94,Entertainment
2260,Football,2022-03-20,4845.48,Sports
2261,Cycling,2022-03-11,6844.38,Sports
2262,Game,2022-03-09,6669.57,Entertainment
2263,Hotel,2022-03-11,2662.17,Travel
2264,Belt,2022-03-12,2437.80,Clothing
2265,Parking,2022-03-15,4095.08,Transportation
2266,Dental Check,2022-03-09,7046.89,Medical
2267,Pen,2022-03-22,1954.28,Education
2268,Gym,2022-03-01,3821.32,Sports
2269,Vegetables,2022-03-22,2028.80,Food
2270,Seminar,2022-03-15,8444.34,Education
2271,Therapy,2022-03-13,1700.46,Medical
2272,Roaming,2022-03-20,8241.84,Communication
2273,Pet,2022-03-27,2399.05,Others
2274,Cleaning,2022-03-12,8091.28,Home
2275,Gas,2022-03-09,8130.11,Home
2276,Seminar,2022-03-10,7372.51,Education
2277,Workshop,2022-03-05,948.29,Education
2278,Metro,2022-03-02,2582.31,Transportation
2279,Cleaning,2022-03-27,7765.13,Home
2280,Fitness Class,2022-03-15,8353.71,Sports
2281,Fitness Class,2022-03-25,7920.03,Sports
2282,Belt,2022-03-15,2940.68,Clothing
2283,Toll,2022-03-21,2521.76,Travel
2284,Insurance,2022-03-25,3243.41,Medical
2285,Internet,2022-03-01,2684.05,Home
2286,Cycling,2022-03-05,3692.96,Sports
2287,Cycling,2022-03-10,7839.00,Sports
2288,Rental Car,2022-03-26,1735.03,Travel
2289,Basketball,2022-03-02,2134.97,Sports
2290,Hat,2022-03-16,1499.06,Clothing
2291,Sports Event,2022-03-17,6691.25,Entertainment
2292,Appliance,2022-03-17,8459.48,Home
2293,Hotel,2022-03-14,7654.95,Travel
2294,Karaoke,2022-03-02,2057.88,Entertainment
2295,Laundry,2022-03-06,2834.39,Others
2296,Pen,2022-03-07,7872.98,Education
2297,Snacks,2022-03-20,8014.60,Food
2298,Sports Event,2022-03-21,9472.08,Entertainment
2299,Train,2022-03-23,4703.89,Transportation
2300,Roaming,2022-03-03,4961.22,Communication
2301,Phone Bill,2022-04-15,3779.88,Communication
2302,Fitness Class,2022-04-23,1317.42,Sports
2303,Postage,2022-04-10,190.00,Communication
2304,Workshop,2022-04-04,5764.62,Education
2305,Train,2022-04-17,8591.40,Transportation
2306,Train,2022-04-01,5099.01,Transportation
2307,Club,2022-04-18,8330.34,Entertainment
2308,Hat,2022-04-21,2204.30,Clothing
2309,Gas,2022-04-08,1247.46,Home
2310,Laundry,2022-04-27,7263.05,Others
2311,Mortgage,2022-04-24,628.94,Home
2312,Charity,2022-04-28,7310.88,Others
2313,Lottery,2022-04-01,7813.99,Others
2314,Streaming Service,2022-04-23,1876.89,Entertainment
2315,Tennis,2022-04-17,7524.27,Sports
2316,Workshop,2022-04-09,3531.43,Education
2317,Tennis,2022-04-25,4830.82,Sports
2318,Gift,2022-04-06,5860.29,Others
2319,Jeans,2022-04-26,1833.37,Clothing
2320,Fitness Class,2022-04-02,2191.43,Sports
2321,Dress,2022-04-20,9415.09,Clothing
2322,Karaoke,2022-04-08,2473.87,Entertainment
2323,Delivery,2022-04-22,6691.66,Food
2324,Running,2022-04-03,2133.19,Sports
2325,Gas,2022-04-05,417.20,Home
2326,Concert,2022-04-25,1057.92,Entertainment
2327,Maintenance,2022-04-01,7944.76,Home
2328,Gift,2022-04-15,5742.03,Others
2329,Pen,2022-04-11,6437.09,Education
2330,Mobile Recharge,2022-04-05,755.72,Communication
2331,Belt,2022-04-19,7823.48,Clothing
2332,Jacket,2022-04-08,2580.62,Clothing
2333,Parking,2022-04-10,2154.39,Transportation
2334,Books,2022-04-25,1210.98,Education
2335,Gas,2022-04-08,8294.03,Home
2336,Furniture,2022-04-27,5354.91,Home
2337,Notebook,2022-04-10,4264.25,Education
2338,Coat,2022-04-05,239.81,Clothing
2339,Online Course,2022-04-26,1693.93,Education
2340,Insurance,2022-04-14,5235.21,Medical
2341,Karaoke,2022-04-11,1585.27,Entertainment
2342,Workshop,2022-04-10,6503.29,Education
2343,Rental Car,2022-04-25,6905.13,Travel
2344,Health Check,2022-04-06,8236.59,Medical
2345,Theater,2022-04-27,8205.24,Entertainment
2346,Medicine,2022-04-04,1718.24,Medical
2347,Laundry,2022-04-18,8752.57,Others
2348,SIM Card,2022-04-14,1330.48,Communication
2349,Flight,2022-04-08,187.10,Travel
2350,Club,2022-04-08,366.63,Entertainment
2351,Pet,2022-04-19,6491.54,Others
2352,Pen,2022-04-12,8240.76,Education
2353,Cafe,2022-04-25,9965.70,Food
2354,Basketball,2022-04-16,9958.62,Sports
2355,Gas,2022-04-08,6082.65,Home
2356,Cycling,2022-04-20,8343.63,Sports
2357,Jacket,2022-04-23,6467.27,Clothing
2358,Storage,2022-04-25,3002.13,Others
2359,Gift,2022-04-08,813.94,Others
2360,Travel Insurance,2022-04-05,3976.33,Travel
2361,Fruits,2022-04-27,2626.62,Food
2362,Lottery,2022-04-01,2996.74,Others
2363,Meat,2022-04-07,1320.08,Food
2364,Shoes,2022-04-20,2258.20,Clothing
2365,Taxi,2022-04-02,846.13,Travel
2366,Notebook,2022-04-16,4149.72,Education
2367,Rental Car,2022-04-13,8758.62,Travel
2368,Running,2022-04-25,7179.32,Sports
2369,Therapy,2022-04-01,9903.09,Medical
2370,Yoga,2022-04-12,7184.52,Sports
2371,Phone Bill,2022-04-21,479.24,Communication
2372,Notebook,2022-04-14,3773.55,Education
2373,Storage,2022-04-23,2746.39,Others
2374,Exam Fee,2022-04-05,1885.15,Education
2375,Calling Card,2022-04-02,5604.02,Communication
2376,Storage,2022-04-20,3880.98,Others
2377,Toll,2022-04-23,9183.98,Travel
2378,Amusement Park,2022-04-28,1997.28,Entertainment
2379,Metro,2022-04-24,805.73,Transportation
2380,Medicine,2022-04-10,5172.09,Medical
2381,Gym,2022-04-16,3375.72,Sports
2382,Books,2022-04-19,2948.59,Education
2383,VPN,2022-04-27,5351.79,Communication
2384,Vaccination,2022-04-15,8515.92,Medical
2385,Donation,2022-04-15,6401.34,Others
2386,Storage,2022-04-22,8918.03,Others
2387,Dental Check,2022-04-22,535.20,Medical
2388,Dental Check,2022-04-06,1596.32,Medical
2389,Socks,2022-04-28,734.69,Clothing
2390,Toll,2022-04-18,4941.66,Travel
2391,Ride Sharing,2022-04-05,5437.26,Transportation
2392,Security,2022-04-18,2159.61,Others
2393,Online Course,2022-04-22,3107.27,Education
2394,Subscription,2022-04-26,4135.20,Communication
2395,Jeans,2022-04-16,9818.38,Clothing
2396,Game,2022-04-21,2183.18,Entertainment
2397,Maintenance,2022-04-09,7359.16,Home
2398,Subscription,2022-04-28,4973.89,Communication
2399,Sports Event,2022-04-05,5926.94,Entertainment
2400,Cleaning,2022-04-26,1663.12,Home
2401,Workshop,2022-05-11,9223.97,Education
2402,Internet,2022-05-08,9124.67,Communication
2403,Lottery,2022-05-12,4885.62,Others
2404,Security,2022-05-08,4822.61,Others
2405,Mortgage,2022-05-26,4672.80,Home
2406,Vegetables,2022-05-19,3436.29,Food
2407,Maintenance,2022-05-16,5084.54,Home
2408,Fuel,2022-05-18,5085.00,Transportation
2409,Jeans,2022-05-27,3072.14,Clothing
2410,Fuel,2022-05-26,8613.91,Transportation
2411,Dental Check,2022-05-12,7844.71,Medical
2412,Shoes,2022-05-18,3222.26,Clothing
2413,Jeans,2022-05-16,9377.85,Clothing
2414,Taxi,2022-05-01,9961.24,Transportation
2415,Hospital Bill,2022-05-16,9018.27,Medical
2416,Movie,2022-05-15,5823.65,Entertainment
2417,Bicycle,2022-05-12,128.87,Transportation
2418,Belt,2022-05-08,6868.85,Clothing
2419,Books,2022-05-14,1936.06,Education
2420,Metro,2022-05-23,1275.69,Transportation
2421,Toll,2022-05-07,8452.07,Travel
2422,Club,2022-05-18,8600.37,Entertainment
2423,Pen,2022-05-21,5137.65,Education
2424,Travel Insurance,2022-05-24,7298.69,Travel
2425,Streaming Service,2022-05-05,7915.27,Entertainment
2426,Insurance,2022-05-08,1594.81,Medical
2427,Concert,2022-05-08,8146.89,Entertainment
2428,Doctor Visit,2022-05-28,431.94,Medical
2429,Laundry,2022-05-13,9084.64,Others
2430,VPN,2022-05-14,6078.67,Communication
2431,Hotel,2022-05-18,9737.14,Travel
2432,Train,2022-05-27,6097.50,Transportation
2433,Groceries,2022-05-05,349.32,Food
2434,Toll,2022-05-26,5768.27,Travel
2435,Health Check,2022-05-18,1854.57,Medical
2436,Online Course,2022-05-23,8187.85,Education
2437,Snacks,2022-05-22,8958.96,Food
2438,Insurance,2022-05-12,6269.88,Medical
2439,Internet,2022-05-14,5622.46,Communication
2440,Subscription,2022-05-02,5916.51,Communication
2441,Medicine,2022-05-13,6743.16,Medical
2442,Groceries,2022-05-18,2015.14,Food
2443,Rental Car,2022-05-09,572.49,Travel
2444,Bicycle,2022-05-28,9329.93,Transportation
2445,Electricity,2022-05-15,5349.38,Home
2446,Drinks,2022-05-20,432.48,Food
2447,Books,2022-05-20,4961.70,Education
2448,Storage,2022-05-07,153.99,Others
2449,Restaurant,2022-05-10,2367.87,Food
2450,Hat,2022-05-17,3968.76,Clothing
2451,Fitness Class,2022-05-22,492.38,Sports
2452,Notebook,2022-05-14,1809.44,Education
2453,Internet,2022-05-04,3665.93,Home
2454,Roaming,2022-05-07,4920.57,Communication
2455,Tennis,2022-05-21,9073.79,Sports
2456,Charity,2022-05-25,2376.58,Others
2457,Metro,2022-05-24,2479.99,Transportation
2458,Cleaning,2022-05-28,84.67,Home
2459,Bank Fee,2022-05-13,7928.50,Others
2460,Appliance,2022-05-11,9240.29,Home
2461,Gym,2022-05-10,3483.88,Sports
2462,Coat,2022-05-04,9861.32,Clothing
2463,Drinks,2022-05-22,7603.36,Food
2464,SIM Card,2022-05-15,99.89,Communication
2465,Socks,2022-05-04,939.08,Clothing
2466,Taxi,2022-05-21,9476.53,Transportation
2467,Concert,2022-05-21,1622.85,Entertainment
2468,Concert,2022-05-06,3154.76,Entertainment
2469,Train,2022-05-26,898.03,Transportation
2470,Ride Sharing,2022-05-09,2173.62,Transportation
2471,Concert,2022-05-01,4282.26,Entertainment
2472,Running,2022-05-08,1271.14,Sports
2473,Running,2022-05-08,8457.29,Sports
2474,Parking,2022-05-18,9407.73,Transportation
2475,Belt,2022-05-12,7632.19,Clothing
2476,Water Bill,2022-05-22,6783.12,Home
2477,Gym,2022-05-27,9938.99,Sports
2478,Shirt,2022-05-28,331.73,Clothing
2479,Workshop,2022-05-19,1064.43,Education
2480,Basketball,2022-05-15,3082.31,Sports
2481,Fuel,2022-05-14,256.68,Transportation
2482,Meat,2022-05-12,530.86,Food
2483,SIM Card,2022-05-12,4268.61,Communication
2484,Dress,2022-05-08,3857.20,Clothing
2485,SIM Card,2022-05-09,8586.33,Communication
2486,Laundry,2022-05-18,9724.13,Others
2487,Concert,2022-05-06,6819.45,Entertainment
2488,Music Festival,2022-05-03,5426.09,Entertainment
2489,Bank Fee,2022-05-19,4307.97,Others
2490,Theater,2022-05-05,3616.83,Entertainment
2491,Flight,2022-05-14,151.73,Travel
2492,Therapy,2022-05-27,44.92,Medical
2493,Therapy,2022-05-06,8284.45,Medical
2494,Notebook,2022-05-11,6669.37,Education
2495,Doctor Visit,2022-05-05,9057.12,Medical
2496,Yoga,2022-05-22,5698.68,Sports
2497,SIM Card,2022-05-10,4737.89,Communication
2498,Eye Exam,2022-05-19,7587.44,Medical
2499,Water Bill,2022-05-18,2726.42,Home
2500,Data Plan,2022-05-27,9637.17,Communication
2501,Karaoke,2022-06-04,9060.64,Entertainment
2502,Internet,2022-06-05,2452.46,Home
2503,Calling Card,2022-06-09,2736.67,Communication
2504,Electricity,2022-06-22,636.07,Home
2505,Shoes,2022-06-02,209.57,Clothing
2506,Drinks,2022-06-17,8801.66,Food
2507,Running,2022-06-25,9219.27,Sports
2508,Doctor Visit,2022-06-25,6176.17,Medical
2509,Socks,2022-06-19,8658.71,Clothing
2510,Jeans,2022-06-03,1235.23,Clothing
2511,Pen,2022-06-28,4957.72,Education
2512,Streaming Service,2022-06-11,8942.87,Entertainment
2513,Music Festival,2022-06-27,9722.21,Entertainment
2514,Donation,2022-06-17,5809.92,Others
2515,Theater,2022-06-10,1179.05,Entertainment
2516,Socks,2022-06-13,3244.68,Clothing
2517,Electricity,2022-06-17,7777.62,Home
2518,Socks,2022-06-03,3750.70,Clothing
2519,Theater,2022-06-13,6773.36,Entertainment
2520,Rental Car,2022-06-11,3626.06,Travel
2521,Scarf,2022-06-08,3785.99,Clothing
2522,Metro,2022-06-20,2309.79,Transportation
2523,Fast Food,2022-06-07,8053.95,Food
2524,Books,2022-06-22,3615.14,Education
2525,Movie,2022-06-08,800.05,Entertainment
2526,Postage,2022-06-18,6751.79,Communication
2527,Seminar,2022-06-20,9111.58,Education
2528,Security,2022-06-23,1539.64,Others
2529,Vegetables,2022-06-04,5680.02,Food
2530,Taxi,2022-06-06,7397.06,Travel
2531,Shirt,2022-06-21,8323.14,Clothing
2532,Rental Car,2022-06-21,4886.34,Travel
2533,Amusement Park,2022-06-02,2074.92,Entertainment
2534,Mobile Recharge,2022-06-19,4502.61,Communication
2535,Vaccination,2022-06-10,649.61,Medical
2536,Train,2022-06-18,2288.51,Travel
2537,Parking,2022-06-27,8614.74,Transportation
2538,Scooter,2022-06-16,6346.77,Transportation
2539,Cafe,2022-06-18,2305.06,Food
2540,Phone Bill,2022-06-20,3891.21,Communication
2541,Gift,2022-06-17,5479.12,Others
2542,Accessories,2022-06-24,3605.41,Others
2543,Game,2022-06-10,2528.93,Entertainment
2544,Travel Insurance,2022-06-28,3495.65,Travel
2545,Sports Event,2022-06-21,7801.73,Entertainment
2546,Gym,2022-06-16,8361.87,Sports
2547,Movie,2022-06-18,1620.41,Entertainment
2548,Delivery,2022-06-21,3651.80,Food
2549,Mortgage,2022-06-05,6734.51,Home
2550,Shoes,2022-06-08,8174.14,Clothing
2551,Calling Card,2022-06-21,5300.33,Communication
2552,Rent,2022-06-17,5166.26,Home
2553,Mortgage,2022-06-20,2292.00,Home
2554,Equipment,2022-06-12,7741.52,Sports
2555,Jacket,2022-06-17,9914.67,Clothing
2556,Running,2022-06-22,7637.41,Sports
2557,Toll,2022-06-16,2196.80,Travel
2558,Tennis,2022-06-14,2732.80,Sports
2559,Snacks,2022-06-26,569.27,Food
2560,Theater,2022-06-27,9963.40,Entertainment
2561,Coat,2022-06-10,3446.76,Clothing
2562,Exam Fee,2022-06-27,3953.33,Education
2563,Postage,2022-06-19,2812.52,Communication
2564,Mortgage,2022-06-26,8924.15,Home
2565,Gym,2022-06-04,8444.09,Sports
2566,Taxi,2022-06-20,5326.70,Transportation
2567,Coat,2022-06-07,9272.56,Clothing
2568,Hospital Bill,2022-06-24,1787.65,Medical
2569,Online Course,2022-06-20,9386.09,Education
2570,Hospital Bill,2022-06-22,7532.47,Medical
2571,Maintenance,2022-06-10,3794.13,Home
2572,Bus,2022-06-12,4264.91,Transportation
2573,Hat,2022-06-09,2393.44,Clothing
2574,Bank Fee,2022-06-12,906.63,Others
2575,Rental Car,2022-06-14,9906.04,Travel
2576,Surgery,2022-06-25,636.87,Medical
2577,Health Check,2022-06-23,9706.35,Medical
2578,Cleaning,2022-06-02,4396.16,Home
2579,Donation,2022-06-15,3410.33,Others
2580,Parking,2022-06-24,2565.90,Transportation
2581,Game,2022-06-14,5850.07,Entertainment
2582,Fitness Class,2022-06-16,424.55,Sports
2583,Internet,2022-06-09,8673.37,Home
2584,Mortgage,2022-06-14,6762.81,Home
2585,Exam Fee,2022-06-07,5326.94,Education
2586,Groceries,2022-06-02,1613.60,Food
2587,Fast Food,2022-06-14,4508.74,Food
2588,Swimming,2022-06-10,8377.11,Sports
2589,Taxi,2022-06-11,8263.46,Travel
2590,Hat,2022-06-23,7613.83,Clothing
2591,Insurance,2022-06-16,5190.86,Medical
2592,Shoes,2022-06-10,7895.91,Clothing
2593,Scooter,2022-06-08,5927.29,Transportation
2594,Pen,2022-06-20,5651.18,Education
2595,Postage,2022-06-06,7320.70,Communication
2596,Equipment,2022-06-02,1430.78,Sports
2597,Coat,2022-06-20,5281.75,Clothing
2598,Belt,2022-06-14,3007.34,Clothing
2599,Fuel,2022-06-23,3621.42,Transportation
2600,Karaoke,2022-06-23,274.33,Entertainment
2601,Scarf,2022-07-02,923.65,Clothing
2602,Amusement Park,2022-07-07,2185.35,Entertainment
2603,Streaming Service,2022-07-12,550.56,Entertainment
2604,Eye Exam,2022-07-02,3442.09,Medical
2605,Storage,2022-07-14,3360.96,Others
2606,Metro,2022-07-15,1240.18,Transportation
2607,Cleaning,2022-07-02,1250.23,Home
2608,Yoga,2022-07-23,6540.62,Sports
2609,Theater,2022-07-24,8767.34,Entertainment
2610,Toll,2022-07-13,8607.14,Travel
2611,SIM Card,2022-07-10,8751.06,Communication
2612,Travel Insurance,2022-07-28,8221.09,Travel
2613,Fitness Class,2022-07-16,1672.94,Sports
2614,Electricity,2022-07-18,5212.50,Home
2615,Game,2022-07-15,1002.61,Entertainment
2616,Subscription,2022-07-27,5907.25,Communication
2617,Coat,2022-07-01,5288.61,Clothing
2618,Delivery,2022-07-24,836.68,Food
2619,SIM Card,2022-07-04,9725.51,Communication
2620,Train,2022-07-12,2518.05,Transportation
2621,Fuel,2022-07-13,7454.07,Transportation
2622,Workshop,2022-07-17,3628.46,Education
2623,Notebook,2022-07-25,524.99,Education
2624,Donation,2022-07-23,8444.36,Others
2625,Toll,2022-07-06,4765.92,Transportation
2626,Cycling,2022-07-18,5900.22,Sports
2627,Bank Fee,2022-07-26,9367.87,Others
2628,Flight,2022-07-14,4439.16,Travel
2629,Delivery,2022-07-16,8357.72,Food
2630,Books,2022-07-27,9380.95,Education
2631,Subscription,2022-07-12,8861.47,Communication
2632,Ride Sharing,2022-07-17,4519.53,Transportation
2633,Workshop,2022-07-13,3547.89,Education
2634,Health Check,2022-07-09,5088.96,Medical
2635,Exam Fee,2022-07-08,3546.76,Education
2636,Notebook,2022-07-13,6862.45,Education
2637,Seminar,2022-07-21,195.95,Education
2638,Tennis,2022-07-12,436.94,Sports
2639,Vegetables,2022-07-06,8749.77,Food
2640,Roaming,2022-07-13,8915.73,Communication
2641,Backpack,2022-07-16,1292.23,Education
2642,Scooter,2022-07-01,5773.42,Transportation
2643,Fruits,2022-07-15,599.21,Food
2644,Backpack,2022-07-14,6302.56,Education
2645,Seminar,2022-07-19,9142.24,Education
2646,Hospital Bill,2022-07-23,9063.99,Medical
2647,Rental Car,2022-07-05,3614.84,Travel
2648,Roaming,2022-07-05,2358.11,Communication
2649,Dental Check,2022-07-12,9880.90,Medical
2650,Therapy,2022-07-10,6155.08,Medical
2651,Internet,2022-07-19,8463.58,Communication
2652,Internet,2022-07-23,3236.52,Communication
2653,Pen,2022-07-24,491.98,Education
2654,Movie,2022-07-07,6253.49,Entertainment
2655,Accessories,2022-07-21,9288.30,Others
2656,Mobile Recharge,2022-07-20,6590.67,Communication
2657,Fruits,2022-07-11,5539.77,Food
2658,Amusement Park,2022-07-16,6248.54,Entertainment
2659,Dress,2022-07-08,207.90,Clothing
2660,Amusement Park,2022-07-07,2188.11,Entertainment
2661,Security,2022-07-02,3893.85,Others
2662,Fuel,2022-07-27,9792.24,Transportation
2663,Groceries,2022-07-13,7929.70,Food
2664,Laundry,2022-07-12,9223.80,Others
2665,Lottery,2022-07-28,9805.89,Others
2666,Train,2022-07-13,6334.67,Travel
2667,Fitness Class,2022-07-12,9280.30,Sports
2668,Hotel,2022-07-28,7325.18,Travel
2669,Electricity,2022-07-18,5839.77,Home
2670,Health Check,2022-07-11,3902.93,Medical
2671,Snacks,2022-07-08,5841.45,Food
2672,Hospital Bill,2022-07-21,2223.08,Medical
2673,Postage,2022-07-22,1214.69,Communication
2674,Groceries,2022-07-09,9286.06,Food
2675,Rental Car,2022-07-09,2939.55,Travel
2676,Cruise,2022-07-06,3044.76,Travel
2677,Surgery,2022-07-09,4149.61,Medical
2678,Bank Fee,2022-07-08,5897.31,Others
2679,Flight,2022-07-10,4203.65,Travel
2680,Scooter,2022-07-12,2714.22,Transportation
2681,Medicine,2022-07-04,3444.77,Medical
2682,Maintenance,2022-07-11,4019.55,Home
2683,Roaming,2022-07-18,9919.93,Communication
2684,Vaccination,2022-07-24,6338.52,Medical
2685,Exam Fee,2022-07-06,5292.57,Education
2686,Appliance,2022-07-19,5849.49,Home
2687,Seminar,2022-07-15,3445.42,Education
2688,Fruits,2022-07-02,4100.67,Food
2689,Club,2022-07-01,5317.32,Entertainment
2690,Taxi,2022-07-05,3174.94,Transportation
2691,Vegetables,2022-07-13,98.12,Food
2692,Fitness Class,2022-07-03,1708.56,Sports
2693,Appliance,2022-07-11,5324.33,Home
2694,Game,2022-07-19,1928.57,Entertainment
2695,Mobile Recharge,2022-07-22,6164.71,Communication
2696,Surgery,2022-07-14,8511.19,Medical
2697,Taxi,2022-07-20,3527.67,Travel
2698,Data Plan,2022-07-27,6405.06,Communication
2699,VPN,2022-07-06,6096.23,Communication
2700,Therapy,2022-07-15,7342.75,Medical
2701,Bicycle,2022-08-22,3179.75,Transportation
2702,Gift,2022-08-19,7173.08,Others
2703,Dress,2022-08-23,6526.55,Clothing
2704,Vegetables,2022-08-21,7194.98,Food
2705,Accessories,2022-08-20,3299.89,Others
2706,Socks,2022-08-16,1525.11,Clothing
2707,SIM Card,2022-08-28,1091.41,Communication
2708,Gift,2022-08-03,979.62,Others
2709,Vaccination,2022-08-20,9743.94,Medical
2710,Hat,2022-08-04,3934.63,Clothing
2711,Online Course,2022-08-03,5241.19,Education
2712,Water Bill,2022-08-13,9053.58,Home
2713,Travel Insurance,2022-08-25,3050.31,Travel
2714,Fast Food,2022-08-17,9212.55,Food
2715,SIM Card,2022-08-14,5691.36,Communication
2716,Fuel,2022-08-12,6674.61,Travel
2717,Gift,2022-08-23,1034.16,Others
2718,Books,2022-08-15,2282.83,Education
2719,Insurance,2022-08-21,9651.25,Medical
2720,Water Bill,2022-08-14,7826.00,Home
2721,Shirt,2022-08-22,5962.51,Clothing
2722,Meat,2022-08-21,7041.48,Food
2723,Karaoke,2022-08-27,1663.37,Entertainment
2724,Streaming Service,2022-08-07,9478.89,Entertainment
2725,Therapy,2022-08-02,3718.72,Medical
2726,Fruits,2022-08-27,8692.91,Food
2727,Vegetables,2022-08-24,7250.11,Food
2728,Cleaning,2022-08-03,9477.56,Home
2729,Groceries,2022-08-11,5753.20,Food
2730,Belt,2022-08-12,6082.95,Clothing
2731,Concert,2022-08-18,1890.48,Entertainment
2732,Maintenance,2022-08-07,7190.86,Home
2733,Metro,2022-08-14,4271.95,Transportation
2734,Cafe,2022-08-20,6509.03,Food
2735,Mortgage,2022-08-05,677.99,Home
2736,Cycling,2022-08-03,1152.68,Sports
2737,Fast Food,2022-08-27,8441.28,Food
2738,Seminar,2022-08-02,1105.28,Education
2739,Cleaning,2022-08-12,6987.63,Home
2740,Seminar,2022-08-23,6929.51,Education
2741,Hat,2022-08-01,2961.48,Clothing
2742,Karaoke,2022-08-21,2646.76,Entertainment
2743,Hospital Bill,2022-08-01,9390.13,Medical
2744,Vaccination,2022-08-01,997.91,Medical
2745,Running,2022-08-11,2381.45,Sports
2746,Karaoke,2022-08-17,7251.51,Entertainment
2747,Phone Bill,2022-08-26,3711.08,Communication
2748,Snacks,2022-08-15,3066.53,Food
2749,Insurance,2022-08-24,5211.72,Medical
2750,Jeans,2022-08-15,1727.95,Clothing
2751,Books,2022-08-24,8850.22,Education
2752,Internet,2022-08-12,2166.72,Communication
2753,Karaoke,2022-08-14,3611.19,Entertainment
2754,Mobile Recharge,2022-08-23,9069.03,Communication
2755,Maintenance,2022-08-19,7331.01,Home
2756,Scarf,2022-08-21,1663.14,Clothing
2757,Bank Fee,2022-08-11,1544.99,Others
2758,Backpack,2022-08-28,4990.52,Education
2759,Surgery,2022-08-05,3754.43,Medical
2760,Train,2022-08-07,7728.73,Travel
2761,Charity,2022-08-03,2014.11,Others
2762,Vaccination,2022-08-22,9845.85,Medical
2763,Pen,2022-08-10,1911.96,Education
2764,Online Course,2022-08-18,6473.83,Education
2765,Fitness Class,2022-08-03,219.35,Sports
2766,Hospital Bill,2022-08-07,69.20,Medical
2767,Fast Food,2022-08-11,6094.26,Food
2768,Phone Bill,2022-08-04,6854.08,Communication
2769,Coat,2022-08-20,480.40,Clothing
2770,Amusement Park,2022-08-02,7919.69,Entertainment
2771,Lottery,2022-08-13,8084.71,Others
2772,Dental Check,2022-08-08,2035.92,Medical
2773,Vegetables,2022-08-10,7903.68,Food
2774,Bank Fee,2022-08-17,5835.89,Others
2775,Books,2022-08-20,8272.22,Education
2776,Electricity,2022-08-18,8177.79,Home
2777,Snacks,2022-08-22,2609.75,Food
2778,Metro,2022-08-23,9632.87,Transportation
2779,Visa Fee,2022-08-03,6313.09,Travel
2780,Roaming,2022-08-08,4922.02,Communication
2781,Stationery,2022-08-07,9273.27,Education
2782,Gift,2022-08-01,5070.12,Others
2783,Groceries,2022-08-21,9317.90,Food
2784,Dress,2022-08-11,5038.35,Clothing
2785,Exam Fee,2022-08-04,7701.13,Education
2786,Vegetables,2022-08-03,6155.90,Food
2787,Fast Food,2022-08-18,4956.71,Food
2788,Concert,2022-08-25,5654.68,Entertainment
2789,Internet,2022-08-13,178.08,Communication
2790,Furniture,2022-08-06,3604.07,Home
2791,Charity,2022-08-12,8952.75,Others
2792,Accessories,2022-08-13,268.70,Others
2793,Jacket,2022-08-12,1621.06,Clothing
2794,Electricity,2022-08-05,4517.14,Home
2795,Bus,2022-08-19,5264.66,Transportation
2796,Fruits,2022-08-26,7413.44,Food
2797,Medicine,2022-08-24,1689.74,Medical
2798,Internet,2022-08-14,2857.78,Home
2799,Pet,2022-08-04,6049.39,Others
2800,Visa Fee,2022-08-13,6773.11,Travel
2801,Water Bill,2022-09-25,7849.02,Home
2802,Gas,2022-09-18,8602.56,Home
2803,Gas,2022-09-02,1912.39,Home
2804,Cruise,2022-09-21,4411.03,Travel
2805,Visa Fee,2022-09-04,1370.13,Travel
2806,SIM Card,2022-09-06,5949.33,Communication
2807,Water Bill,2022-09-10,9644.66,Home
2808,Game,2022-09-11,883.13,Entertainment
2809,Subscription,2022-09-01,3889.91,Communication
2810,Rental Car,2022-09-21,9304.98,Travel
2811,Fruits,2022-09-16,1845.06,Food
2812,Seminar,2022-09-03,7386.69,Education
2813,Security,2022-09-05,2717.38,Others
2814,Karaoke,2022-09-07,6350.19,Entertainment
2815,Workshop,2022-09-01,9616.41,Education
2816,Visa Fee,2022-09-16,9215.67,Travel
2817,Phone Bill,2022-09-09,9998.62,Communication
2818,Donation,2022-09-02,2709.15,Others
2819,SIM Card,2022-09-01,9174.50,Communication
2820,Groceries,2022-09-09,4178.27,Food
2821,Cleaning,2022-09-09,2130.89,Home
2822,Water Bill,2022-09-24,9663.25,Home
2823,Concert,2022-09-26,815.70,Entertainment
2824,Snacks,2022-09-09,3192.70,Food
2825,Ride Sharing,2022-09-04,8372.81,Transportation
2826,Cleaning,2022-09-03,5847.20,Home
2827,Online Course,2022-09-28,9492.84,Education
2828,Sports Event,2022-09-17,8654.03,Entertainment
2829,Hat,2022-09-01,2033.39,Clothing
2830,Subscription,2022-09-13,5631.05,Communication
2831,Restaurant,2022-09-20,3872.65,Food
2832,Yoga,2022-09-24,9959.85,Sports
2833,Game,2022-09-02,1717.54,Entertainment
2834,Gift,2022-09-28,6754.76,Others
2835,Rental Car,2022-09-11,4793.44,Travel
2836,Books,2022-09-25,1206.38,Education
2837,Cycling,2022-09-07,2675.74,Sports
2838,Basketball,2022-09-12,451.94,Sports
2839,Taxi,2022-09-21,8579.10,Transportation
2840,Vegetables,2022-09-07,3551.33,Food
2841,Toll,2022-09-14,3931.60,Transportation
2842,Restaurant,2022-09-27,2707.96,Food
2843,Eye Exam,2022-09-13,8127.07,Medical
2844,Seminar,2022-09-26,4832.32,Education
2845,Toll,2022-09-01,4914.23,Transportation
2846,Hotel,2022-09-08,7076.27,Travel
2847,Belt,2022-09-17,4478.66,Clothing
2848,Mortgage,2022-09-19,4618.47,Home
2849,Cruise,2022-09-23,6166.12,Travel
2850,Tennis,2022-09-22,1967.17,Sports
2851,Fast Food,2022-09-04,1155.82,Food
2852,Accessories,2022-09-13,9024.96,Others
2853,Rent,2022-09-15,5351.42,Home
2854,Dental Check,2022-09-25,6711.86,Medical
2855,Cleaning,2022-09-06,2731.43,Home
2856,Stationery,2022-09-04,3468.65,Education
2857,Socks,2022-09-02,4444.04,Clothing
2858,Doctor Visit,2022-09-23,8711.46,Medical
2859,Groceries,2022-09-22,9989.44,Food
2860,Fuel,2022-09-12,3343.02,Travel
2861,Eye Exam,2022-09-13,6888.04,Medical
2862,Dress,2022-09-28,4584.87,Clothing
2863,Internet,2022-09-24,3644.38,Communication
2864,Toll,2022-09-24,6305.67,Transportation
2865,Mortgage,2022-09-02,5453.47,Home
2866,Vegetables,2022-09-04,3181.89,Food
2867,Bicycle,2022-09-22,7482.38,Transportation
2868,Calling Card,2022-09-25,8722.12,Communication
2869,Amusement Park,2022-09-07,3653.46,Entertainment
2870,Cafe,2022-09-24,2728.68,Food
2871,Lottery,2022-09-02,8977.69,Others
2872,Calling Card,2022-09-27,3282.75,Communication
2873,Seminar,2022-09-20,3876.78,Education
2874,Tennis,2022-09-04,5571.04,Sports
2875,Health Check,2022-09-07,8855.32,Medical
2876,Parking,2022-09-07,4436.29,Transportation
2877,Parking,2022-09-01,9570.96,Transportation
2878,Lottery,2022-09-24,5732.46,Others
2879,Books,2022-09-26,7142.91,Education
2880,Medicine,2022-09-24,7536.55,Medical
2881,Train,2022-09-04,4713.28,Transportation
2882,Lottery,2022-09-28,2687.69,Others
2883,Therapy,2022-09-22,1274.45,Medical
2884,Storage,2022-09-13,5626.20,Others
2885,Cleaning,2022-09-15,3168.06,Home
2886,Bank Fee,2022-09-03,9713.01,Others
2887,Cleaning,2022-09-18,7641.48,Home
2888,Online Course,2022-09-27,6075.01,Education
2889,Calling Card,2022-09-28,3573.62,Communication
2890,Socks,2022-09-08,861.71,Clothing
2891,Bank Fee,2022-09-28,4490.15,Others
2892,Swimming,2022-09-21,2428.22,Sports
2893,Train,2022-09-23,1981.57,Travel
2894,Train,2022-09-25,987.32,Transportation
2895,Meat,2022-09-23,5491.42,Food
2896,Stationery,2022-09-03,970.66,Education
2897,Swimming,2022-09-08,7649.52,Sports
2898,Delivery,2022-09-21,7320.08,Food
2899,Bus,2022-09-10,1194.46,Transportation
2900,Delivery,2022-09-13,7832.75,Food
2901,Snacks,2022-10-18,7509.02,Food
2902,Game,2022-10-12,7094.91,Entertainment
2903,Theater,2022-10-01,3299.37,Entertainment
2904,Charity,2022-10-07,2527.91,Others
2905,Surgery,2022-10-25,2489.54,Medical
2906,Hotel,2022-10-07,9793.76,Travel
2907,Doctor Visit,2022-10-06,6506.70,Medical
2908,Running,2022-10-24,4563.29,Sports
2909,Hospital Bill,2022-10-28,8376.18,Medical
2910,Hat,2022-10-13,9891.81,Clothing
2911,Rental Car,2022-10-27,85.86,Travel
2912,Water Bill,2022-10-03,5802.39,Home
2913,Delivery,2022-10-09,7493.53,Food
2914,Bank Fee,2022-10-06,7922.86,Others
2915,Health Check,2022-10-17,6751.45,Medical
2916,Dental Check,2022-10-18,5755.52,Medical
2917,Workshop,2022-10-03,8114.02,Education
2918,Ride Sharing,2022-10-05,6326.75,Transportation
2919,Rental Car,2022-10-06,7873.19,Travel
2920,Delivery,2022-10-08,8164.99,Food
2921,Basketball,2022-10-09,3421.29,Sports
2922,Charity,2022-10-06,5353.06,Others
2923,Train,2022-10-17,4737.63,Travel
2924,Bus,2022-10-15,8656.35,Transportation
2925,Gym,2022-10-28,8809.45,Sports
2926,Internet,2022-10-25,1255.92,Communication
2927,Surgery,2022-10-09,8413.13,Medical
2928,Bicycle,2022-10-09,2073.67,Transportation
2929,Data Plan,2022-10-17,421.75,Communication
2930,VPN,2022-10-25,4299.48,Communication
2931,Subscription,2022-10-19,3646.97,Communication
2932,Charity,2022-10-26,4390.05,Others
2933,Fitness Class,2022-10-09,6529.83,Sports
2934,Theater,2022-10-04,7325.46,Entertainment
2935,Karaoke,2022-10-04,6344.38,Entertainment
2936,Data Plan,2022-10-10,5712.55,Communication
2937,Dental Check,2022-10-19,6284.98,Medical
2938,Cleaning,2022-10-19,8435.99,Home
2939,Mobile Recharge,2022-10-26,5413.20,Communication
2940,Subscription,2022-10-21,717.35,Communication
2941,Train,2022-10-20,6440.04,Transportation
2942,Health Check,2022-10-20,8243.53,Medical
2943,Backpack,2022-10-04,8859.12,Education
2944,Fuel,2022-10-21,4841.68,Transportation
2945,Jacket,2022-10-12,5803.92,Clothing
2946,Gas,2022-10-02,4770.17,Home
2947,Medicine,2022-10-19,1836.14,Medical
2948,Books,2022-10-12,4879.67,Education
2949,Yoga,2022-10-25,8206.93,Sports
2950,Furniture,2022-10-05,2190.63,Home
2951,Yoga,2022-10-02,7840.49,Sports
2952,Notebook,2022-10-20,6676.44,Education
2953,Medicine,2022-10-19,8641.70,Medical
2954,Rental Car,2022-10-05,6467.78,Travel
2955,Toll,2022-10-28,369.09,Transportation
2956,Dental Check,2022-10-23,6599.32,Medical
2957,Shirt,2022-10-01,7471.59,Clothing
2958,Pet,2022-10-16,2643.25,Others
2959,Tennis,2022-10-20,1327.67,Sports
2960,Coat,2022-10-13,3013.43,Clothing
2961,Delivery,2022-10-10,8490.41,Food
2962,Bank Fee,2022-10-11,7367.91,Others
2963,Maintenance,2022-10-04,9899.57,Home
2964,Exam Fee,2022-10-25,4671.60,Education
2965,Delivery,2022-10-02,2131.86,Food
2966,Mobile Recharge,2022-10-27,5674.35,Communication
2967,Yoga,2022-10-16,9588.43,Sports
2968,Vaccination,2022-10-13,8660.41,Medical
2969,Jacket,2022-10-16,3934.41,Clothing
2970,Dental Check,2022-10-02,8916.95,Medical
2971,Pen,2022-10-16,535.99,Education
2972,Train,2022-10-18,515.96,Travel
2973,Pet,2022-10-18,1858.97,Others
2974,Gas,2022-10-11,3372.46,Home
2975,Hat,2022-10-01,8916.07,Clothing
2976,Appliance,2022-10-26,9745.78,Home
2977,Karaoke,2022-10-10,5523.32,Entertainment
2978,Internet,2022-10-03,2345.09,Communication
2979,Metro,2022-10-24,5978.17,Transportation
2980,Rent,2022-10-28,4985.94,Home
2981,Bicycle,2022-10-17,7951.56,Transportation
2982,Online Course,2022-10-20,5768.67,Education
2983,Therapy,2022-10-03,5918.21,Medical
2984,Meat,2022-10-10,5979.20,Food
2985,Hospital Bill,2022-10-05,2076.88,Medical
2986,Tennis,2022-10-07,5398.45,Sports
2987,Fuel,2022-10-21,953.22,Transportation
2988,Fuel,2022-10-12,9352.81,Transportation
2989,Therapy,2022-10-24,2402.42,Medical
2990,Books,2022-10-22,6474.93,Education
2991,Concert,2022-10-12,4492.62,Entertainment
2992,Running,2022-10-23,3159.67,Sports
2993,Lottery,2022-10-16,4228.24,Others
2994,Scooter,2022-10-06,1744.27,Transportation
2995,Cafe,2022-10-24,2716.90,Food
2996,Groceries,2022-10-20,152.95,Food
2997,Appliance,2022-10-24,5122.74,Home
2998,Rental Car,2022-10-25,4235.27,Travel
2999,Jeans,2022-10-07,7977.38,Clothing
3000,Music Festival,2022-10-11,1159.14,Entertainment
3001,Snacks,2022-11-14,7081.58,Food
3002,Scarf,2022-11-23,6571.81,Clothing
3003,Restaurant,2022-11-01,7417.83,Food
3004,Snacks,2022-11-10,4096.28,Food
3005,Bus,2022-11-02,451.25,Transportation
3006,Water Bill,2022-11-10,2307.61,Home
3007,Bicycle,2022-11-06,5145.64,Transportation
3008,Drinks,2022-11-21,4113.76,Food
3009,Toll,2022-11-08,947.05,Transportation
3010,Accessories,2022-11-25,899.59,Others
3011,Karaoke,2022-11-24,3710.09,Entertainment
3012,Bus,2022-11-07,8171.91,Transportation
3013,Groceries,2022-11-07,3371.67,Food
3014,Therapy,2022-11-03,6666.99,Medical
3015,Theater,2022-11-23,3003.65,Entertainment
3016,Pen,2022-11-11,383.11,Education
3017,Swimming,2022-11-04,7691.49,Sports
3018,Game,2022-11-16,1323.49,Entertainment
3019,Online Course,2022-11-01,432.62,Education
3020,Ride Sharing,2022-11-03,6148.49,Transportation
3021,Jacket,2022-11-21,79.18,Clothing
3022,Sports Event,2022-11-23,2850.85,Entertainment
3023,Postage,2022-11-18,3973.87,Communication
3024,Cafe,2022-11-19,304.73,Food
3025,Bicycle,2022-11-24,7019.73,Transportation
3026,Online Course,2022-11-05,5520.26,Education
3027,Tuition,2022-11-07,2517.54,Education
3028,Data Plan,2022-11-28,8996.19,Communication
3029,Security,2022-11-09,5642.54,Others
3030,Rent,2022-11-24,5509.13,Home
3031,Toll,2022-11-03,6705.46,Transportation
3032,Data Plan,2022-11-05,3104.07,Communication
3033,VPN,2022-11-10,4114.07,Communication
3034,Vaccination,2022-11-16,2639.85,Medical
3035,Rental Car,2022-11-24,3939.59,Travel
3036,Gas,2022-11-01,3133.07,Home
3037,Socks,2022-11-26,5409.58,Clothing
3038,Cruise,2022-11-23,644.03,Travel
3039,Notebook,2022-11-19,3300.19,Education
3040,Dress,2022-11-09,8469.02,Clothing
3041,Rent,2022-11-01,8816.83,Home
3042,Scarf,2022-11-08,9168.79,Clothing
3043,Roaming,2022-11-27,6025.79,Communication
3044,Internet,2022-11-15,9903.75,Home
3045,Jacket,2022-11-07,1459.44,Clothing
3046,Eye Exam,2022-11-10,2293.44,Medical
3047,Security,2022-11-01,5750.37,Others
3048,Furniture,2022-11-14,4098.46,Home
3049,Coat,2022-11-15,3933.64,Clothing
3050,Meat,2022-11-16,9326.44,Food
3051,Jeans,2022-11-19,6648.56,Clothing
3052,Amusement Park,2022-11-10,9267.22,Entertainment
3053,Hotel,2022-11-10,4758.32,Travel
3054,Subscription,2022-11-26,5011.41,Communication
3055,Toll,2022-11-02,1265.66,Travel
3056,Accessories,2022-11-01,5075.51,Others
3057,Internet,2022-11-16,6780.88,Home
3058,Cycling,2022-11-19,4007.95,Sports
3059,Hospital Bill,2022-11-17,7427.69,Medical
3060,Hospital Bill,2022-11-26,1942.43,Medical
3061,Postage,2022-11-03,1367.72,Communication
3062,Taxi,2022-11-14,1264.59,Transportation
3063,Rent,2022-11-02,4873.08,Home
3064,Travel Insurance,2022-11-25,8892.44,Travel
3065,Scarf,2022-11-07,761.08,Clothing
3066,Lottery,2022-11-01,765.29,Others
3067,Jeans,2022-11-24,3023.97,Clothing
3068,Furniture,2022-11-05,7515.96,Home
3069,Train,2022-11-21,7875.55,Transportation
3070,Theater,2022-11-02,9430.50,Entertainment
3071,VPN,2022-11-04,6540.04,Communication
3072,Rent,2022-11-03,2488.49,Home
3073,Cycling,2022-11-20,2595.03,Sports
3074,Internet,2022-11-21,9201.10,Home
3075,Swimming,2022-11-03,746.00,Sports
3076,Shoes,2022-11-23,7906.15,Clothing
3077,Ride Sharing,2022-11-25,6630.02,Transportation
3078,Music Festival,2022-11-10,2879.03,Entertainment
3079,Delivery,2022-11-04,717.81,Food
3080,Hospital Bill,2022-11-26,7824.06,Medical
3081,Shirt,2022-11-13,3701.72,Clothing
3082,Jacket,2022-11-10,3420.05,Clothing
3083,Fitness Class,2022-11-07,5592.97,Sports
3084,Stationery,2022-11-07,2250.59,Education
3085,Gym,2022-11-28,8137.50,Sports
3086,Socks,2022-11-13,3438.71,Clothing
3087,Parking,2022-11-19,2140.17,Transportation
3088,Belt,2022-11-09,9360.20,Clothing
3089,Mobile Recharge,2022-11-04,7187.27,Communication
3090,Exam Fee,2022-11-09,2184.73,Education
3091,Metro,2022-11-08,8851.22,Transportation
3092,Pen,2022-11-24,665.29,Education
3093,Swimming,2022-11-23,9058.89,Sports
3094,Snacks,2022-11-09,5614.12,Food
3095,SIM Card,2022-11-05,7992.21,Communication
3096,Dental Check,2022-11-24,2502.52,Medical
3097,Socks,2022-11-22,4944.35,Clothing
3098,Meat,2022-11-27,8522.09,Food
3099,Tennis,2022-11-19,8258.80,Sports
3100,Jacket,2022-11-13,6160.36,Clothing
3101,Tuition,2022-12-15,9252.32,Education
3102,Fast Food,2022-12-15,5459.44,Food
3103,Exam Fee,2022-12-05,7108.67,Education
3104,Hotel,2022-12-14,3172.23,Travel
3105,Storage,2022-12-04,4646.71,Others
3106,Scarf,2022-12-12,2342.82,Clothing
3107,Hat,2022-12-16,5294.79,Clothing
3108,Hospital Bill,2022-12-15,1407.47,Medical
3109,Scarf,2022-12-28,9246.98,Clothing
3110,Internet,2022-12-14,7956.75,Home
3111,Equipment,2022-12-13,8569.33,Sports
3112,Backpack,2022-12-25,1988.41,Education
3113,Stationery,2022-12-16,7669.15,Education
3114,Fitness Class,2022-12-06,73.21,Sports
3115,Theater,2022-12-21,3881.38,Entertainment
3116,Storage,2022-12-27,4852.88,Others
3117,Concert,2022-12-19,5435.80,Entertainment
3118,Fast Food,2022-12-11,5289.21,Food
3119,Insurance,2022-12-20,948.31,Medical
3120,Medicine,2022-12-02,7049.46,Medical
3121,Books,2022-12-01,9086.80,Education
3122,Accessories,2022-12-28,8024.92,Others
3123,Sports Event,2022-12-02,6481.23,Entertainment
3124,Amusement Park,2022-12-17,5977.03,Entertainment
3125,Scarf,2022-12-23,2331.03,Clothing
3126,Sports Event,2022-12-09,4593.23,Entertainment
3127,Workshop,2022-12-19,2530.02,Education
3128,Fuel,2022-12-09,5970.33,Transportation
3129,Donation,2022-12-15,5627.50,Others
3130,Hospital Bill,2022-12-02,6311.60,Medical
3131,Lottery,2022-12-16,9963.79,Others
3132,Workshop,2022-12-27,3235.27,Education
3133,Sports Event,2022-12-03,5593.05,Entertainment
3134,Rental Car,2022-12-14,7582.95,Travel
3135,Gym,2022-12-10,3345.00,Sports
3136,Maintenance,2022-12-05,3696.79,Home
3137,Eye Exam,2022-12-22,5759.24,Medical
3138,Cleaning,2022-12-07,6320.72,Home
3139,Furniture,2022-12-15,3482.84,Home
3140,Charity,2022-12-21,7379.57,Others
3141,Coat,2022-12-15,6189.85,Clothing
3142,Basketball,2022-12-20,2804.91,Sports
3143,Subscription,2022-12-28,5610.88,Communication
3144,Concert,2022-12-27,1549.66,Entertainment
3145,Socks,2022-12-03,7502.96,Clothing
3146,Train,2022-12-27,279.70,Travel
3147,Maintenance,2022-12-14,4545.34,Home
3148,Train,2022-12-04,6143.58,Travel
3149,Scarf,2022-12-07,7251.02,Clothing
3150,Online Course,2022-12-17,3881.70,Education
3151,Hat,2022-12-18,425.43,Clothing
3152,Postage,2022-12-16,2489.43,Communication
3153,Internet,2022-12-22,1329.26,Communication
3154,Health Check,2022-12-05,2765.29,Medical
3155,Stationery,2022-12-26,3067.81,Education
3156,Groceries,2022-12-06,6375.95,Food
3157,Exam Fee,2022-12-20,5465.04,Education
3158,Gift,2022-12-23,5616.24,Others
3159,Jeans,2022-12-16,5791.00,Clothing
3160,Charity,2022-12-09,1199.81,Others
3161,Karaoke,2022-12-18,441.88,Entertainment
3162,Yoga,2022-12-26,9444.97,Sports
3163,Hotel,2022-12-07,1340.36,Travel
3164,Jacket,2022-12-01,313.39,Clothing
3165,Bus,2022-12-17,6095.10,Transportation
3166,Appliance,2022-12-11,4194.82,Home
3167,Jeans,2022-12-08,7440.76,Clothing
3168,Fruits,2022-12-10,927.94,Food
3169,Vegetables,2022-12-03,6084.23,Food
3170,Tennis,2022-12-16,1881.90,Sports
3171,Maintenance,2022-12-26,3522.15,Home
3172,Basketball,2022-12-27,1382.15,Sports
3173,Postage,2022-12-07,1977.59,Communication
3174,Shoes,2022-12-06,418.59,Clothing
3175,Doctor Visit,2022-12-09,2671.78,Medical
3176,Metro,2022-12-24,9128.33,Transportation
3177,Bank Fee,2022-12-12,8447.95,Others
3178,Insurance,2022-12-01,8775.99,Medical
3179,Taxi,2022-12-10,2804.42,Travel
3180,Drinks,2022-12-08,2092.70,Food
3181,Toll,2022-12-27,5915.36,Travel
3182,Vegetables,2022-12-19,1297.02,Food
3183,Streaming Service,2022-12-24,9935.00,Entertainment
3184,Lottery,2022-12-12,682.26,Others
3185,Hotel,2022-12-15,9617.78,Travel
3186,Swimming,2022-12-12,5848.34,Sports
3187,Furniture,2022-12-21,672.75,Home
3188,Security,2022-12-04,5162.24,Others
3189,Sports Event,2022-12-23,3127.75,Entertainment
3190,Calling Card,2022-12-26,6035.66,Communication
3191,Cleaning,2022-12-11,7332.18,Home
3192,Bus,2022-12-25,8641.94,Transportation
3193,Bank Fee,2022-12-04,6762.94,Others
3194,Bicycle,2022-12-27,4006.98,Transportation
3195,Notebook,2022-12-14,6633.22,Education
3196,Notebook,2022-12-01,8000.34,Education
3197,Sports Event,2022-12-05,368.11,Entertainment
3198,Security,2022-12-03,8724.77,Others
3199,Internet,2022-12-05,5657.16,Communication
3200,Fuel,2022-12-10,6402.53,Transportation
3201,Accessories,2023-01-28,1967.91,Others
3202,Fast Food,2023-01-07,4948.38,Food
3203,Concert,2023-01-23,9153.92,Entertainment
3204,Health Check,2023-01-21,4651.76,Medical
3205,Jacket,2023-01-27,8740.85,Clothing
3206,Mortgage,2023-01-25,229.52,Home
3207,Concert,2023-01-05,2778.44,Entertainment
3208,Internet,2023-01-16,2851.95,Home
3209,Vaccination,2023-01-17,3914.72,Medical
3210,Backpack,2023-01-15,7649.32,Education
3211,Karaoke,2023-01-07,399.64,Entertainment
3212,Internet,2023-01-26,8693.73,Communication
3213,Concert,2023-01-26,8864.11,Entertainment
3214,Amusement Park,2023-01-23,9455.59,Entertainment
3215,Laundry,2023-01-21,6385.44,Others
3216,Concert,2023-01-04,4258.82,Entertainment
3217,Backpack,2023-01-05,9371.08,Education
3218,Health Check,2023-01-21,2865.35,Medical
3219,Eye Exam,2023-01-10,6847.22,Medical
3220,Gift,2023-01-05,5715.80,Others
3221,Toll,2023-01-13,7594.26,Transportation
3222,Vegetables,2023-01-10,9777.33,Food
3223,Game,2023-01-21,8547.12,Entertainment
3224,Fruits,2023-01-12,5646.55,Food
3225,Backpack,2023-01-25,628.74,Education
3226,Medicine,2023-01-12,5040.63,Medical
3227,Tennis,2023-01-16,8700.11,Sports
3228,Jeans,2023-01-23,3699.96,Clothing
3229,Mortgage,2023-01-11,7523.09,Home
3230,Fruits,2023-01-20,270.67,Food
3231,Concert,2023-01-07,2385.89,Entertainment
3232,Shirt,2023-01-08,3749.39,Clothing
3233,Taxi,2023-01-05,5572.15,Transportation
3234,Restaurant,2023-01-08,2454.52,Food
3235,Meat,2023-01-20,6324.75,Food
3236,Toll,2023-01-21,4726.13,Travel
3237,Therapy,2023-01-12,4859.19,Medical
3238,Snacks,2023-01-13,9409.28,Food
3239,Notebook,2023-01-04,3242.09,Education
3240,Club,2023-01-09,6143.40,Entertainment
3241,Game,2023-01-20,7770.23,Entertainment
3242,Fuel,2023-01-03,2835.46,Travel
3243,Cafe,2023-01-21,1380.54,Food
3244,Calling Card,2023-01-28,7510.13,Communication
3245,Shoes,2023-01-19,9860.84,Clothing
3246,Donation,2023-01-13,3143.64,Others
3247,Yoga,2023-01-10,3835.36,Sports
3248,Lottery,2023-01-17,4198.13,Others
3249,Hospital Bill,2023-01-19,4431.50,Medical
3250,Toll,2023-01-14,6648.30,Travel
3251,Cafe,2023-01-19,3766.64,Food
3252,Rent,2023-01-09,2356.14,Home
3253,Pet,2023-01-03,5347.53,Others
3254,Cycling,2023-01-20,8249.74,Sports
3255,Tuition,2023-01-17,6630.00,Education
3256,Water Bill,2023-01-09,1029.12,Home
3257,Socks,2023-01-09,8557.01,Clothing
3258,Karaoke,2023-01-20,4683.03,Entertainment
3259,Swimming,2023-01-28,7601.16,Sports
3260,Furniture,2023-01-17,5904.30,Home
3261,Amusement Park,2023-01-11,6001.50,Entertainment
3262,Medicine,2023-01-09,8429.77,Medical
3263,Running,2023-01-16,6160.49,Sports
3264,Rent,2023-01-14,7553.62,Home
3265,Gym,2023-01-05,8911.24,Sports
3266,Internet,2023-01-02,5211.52,Communication
3267,Mortgage,2023-01-28,3397.77,Home
3268,Dress,2023-01-07,4607.45,Clothing
3269,Cleaning,2023-01-01,8607.38,Home
3270,Dress,2023-01-13,1864.34,Clothing
3271,Jacket,2023-01-15,2619.62,Clothing
3272,Phone Bill,2023-01-27,2975.90,Communication
3273,Data Plan,2023-01-05,669.58,Communication
3274,Internet,2023-01-13,3103.55,Home
3275,Medicine,2023-01-05,8007.93,Medical
3276,Calling Card,2023-01-01,8127.82,Communication
3277,Dress,2023-01-19,3138.31,Clothing
3278,Fuel,2023-01-16,5375.74,Travel
3279,Socks,2023-01-06,6970.99,Clothing
3280,Jeans,2023-01-20,7616.45,Clothing
3281,Karaoke,2023-01-01,1341.59,Entertainment
3282,Swimming,2023-01-03,796.81,Sports
3283,Gym,2023-01-03,4155.32,Sports
3284,Electricity,2023-01-19,4338.17,Home
3285,Online Course,2023-01-22,4085.79,Education
3286,Gift,2023-01-27,2171.72,Others
3287,Visa Fee,2023-01-16,9718.60,Travel
3288,Bicycle,2023-01-22,5072.35,Transportation
3289,Bus,2023-01-15,3682.88,Transportation
3290,Groceries,2023-01-13,8742.21,Food
3291,Groceries,2023-01-08,7642.12,Food
3292,Running,2023-01-15,7176.21,Sports
3293,Socks,2023-01-27,2878.56,Clothing
3294,Ride Sharing,2023-01-03,261.39,Transportation
3295,Jacket,2023-01-11,4674.48,Clothing
3296,Accessories,2023-01-13,8136.64,Others
3297,Gym,2023-01-12,920.75,Sports
3298,Furniture,2023-01-23,4642.57,Home
3299,Sports Event,2023-01-08,2516.83,Entertainment
3300,Bus,2023-01-11,9050.10,Transportation
3301,Vegetables,2023-02-25,3197.89,Food
3302,Coat,2023-02-22,1948.25,Clothing
3303,Toll,2023-02-03,2865.32,Transportation
3304,Laundry,2023-02-02,5533.02,Others
3305,Appliance,2023-02-05,2221.95,Home
3306,SIM Card,2023-02-01,5181.65,Communication
3307,Yoga,2023-02-25,871.55,Sports
3308,Coat,2023-02-04,2001.43,Clothing
3309,VPN,2023-02-01,6153.43,Communication
3310,Security,2023-02-24,1982.28,Others
3311,Charity,2023-02-05,2370.85,Others
3312,Online Course,2023-02-28,8710.98,Education
3313,Gift,2023-02-18,2695.13,Others
3314,Belt,2023-02-05,8909.43,Clothing
3315,Streaming Service,2023-02-05,8534.51,Entertainment
3316,Fuel,2023-02-10,4522.75,Travel
3317,Yoga,2023-02-23,2518.23,Sports
3318,Mobile Recharge,2023-02-23,7459.21,Communication
3319,Doctor Visit,2023-02-27,4600.39,Medical
3320,Streaming Service,2023-02-05,2540.90,Entertainment
3321,Cycling,2023-02-23,6172.20,Sports
3322,Phone Bill,2023-02-12,8191.53,Communication
3323,Calling Card,2023-02-04,6125.57,Communication
3324,Music Festival,2023-02-28,4724.85,Entertainment
3325,Mortgage,2023-02-27,6089.28,Home
3326,Restaurant,2023-02-15,504.00,Food
3327,Tuition,2023-02-09,6335.11,Education
3328,Health Check,2023-02-10,3569.90,Medical
3329,Scooter,2023-02-27,4845.96,Transportation
3330,Running,2023-02-18,8595.09,Sports
3331,Bank Fee,2023-02-09,3101.28,Others
3332,Gas,2023-02-12,4640.02,Home
3333,Storage,2023-02-28,3982.21,Others
3334,Fuel,2023-02-01,1063.22,Transportation
3335,Karaoke,2023-02-14,4372.26,Entertainment
3336,Gym,2023-02-20,5388.60,Sports
3337,Roaming,2023-02-28,3702.80,Communication
3338,Concert,2023-02-01,3793.75,Entertainment
3339,Gas,2023-02-15,2133.76,Home
3340,Football,2023-02-07,7670.57,Sports
3341,Flight,2023-02-06,1011.04,Travel
3342,Visa Fee,2023-02-24,9795.32,Travel
3343,Eye Exam,2023-02-11,6607.31,Medical
3344,Fuel,2023-02-02,144.65,Travel
3345,Streaming Service,2023-02-22,980.32,Entertainment
3346,Fruits,2023-02-28,8864.13,Food
3347,Visa Fee,2023-02-22,5851.19,Travel
3348,Security,2023-02-12,9956.78,Others
3349,Calling Card,2023-02-03,3655.23,Communication
3350,Accessories,2023-02-28,6142.18,Others
3351,Rental Car,2023-02-15,9289.07,Travel
3352,Streaming Service,2023-02-22,9749.20,Entertainment
3353,Rental Car,2023-02-19,8901.39,Travel
3354,Data Plan,2023-02-05,2430.73,Communication
3355,Concert,2023-02-07,5457.95,Entertainment
3356,Doctor Visit,2023-02-19,8089.18,Medical
3357,Fruits,2023-02-02,3632.01,Food
3358,Eye Exam,2023-02-01,1363.15,Medical
3359,Mobile Recharge,2023-02-21,1927.59,Communication
3360,Charity,2023-02-19,1412.65,Others
3361,VPN,2023-02-26,5840.02,Communication
3362,Gift,2023-02-28,2719.53,Others
3363,Vaccination,2023-02-02,1220.39,Medical
3364,Internet,2023-02-12,5108.95,Communication
3365,Electricity,2023-02-16,4683.87,Home
3366,Books,2023-02-15,4633.28,Education
3367,Pen,2023-02-06,7905.98,Education
3368,Restaurant,2023-02-08,9116.63,Food
3369,Data Plan,2023-02-22,4548.13,Communication
3370,Cafe,2023-02-26,1002.39,Food
3371,Toll,2023-02-27,9848.06,Transportation
3372,Bicycle,2023-02-17,3025.67,Transportation
3373,Books,2023-02-19,7300.81,Education
3374,Roaming,2023-02-04,6670.95,Communication
3375,Equipment,2023-02-25,9772.77,Sports
3376,Snacks,2023-02-22,7047.60,Food
3377,Fast Food,2023-02-22,4446.41,Food
3378,Water Bill,2023-02-22,6294.65,Home
3379,Fuel,2023-02-20,8367.84,Transportation
3380,Workshop,2023-02-10,2968.99,Education
3381,Maintenance,2023-02-14,3928.57,Home
3382,Running,2023-02-16,5992.51,Sports
3383,Game,2023-02-18,2562.39,Entertainment
3384,Streaming Service,2023-02-03,5634.27,Entertainment
3385,Equipment,2023-02-23,9644.55,Sports
3386,Basketball,2023-02-22,4814.97,Sports
3387,Postage,2023-02-05,9168.58,Communication
3388,Music Festival,2023-02-14,7307.87,Entertainment
3389,Restaurant,2023-02-15,5228.58,Food
3390,Subscription,2023-02-03,5200.00,Communication
3391,Groceries,2023-02-16,9175.63,Food
3392,Vaccination,2023-02-28,8929.82,Medical
3393,Donation,2023-02-24,2433.36,Others
3394,Rental Car,2023-02-08,9309.66,Travel
3395,Socks,2023-02-01,7566.75,Clothing
3396,Internet,2023-02-08,8451.13,Communication
3397,Vegetables,2023-02-26,8201.94,Food
3398,Security,2023-02-18,4851.20,Others
3399,Insurance,2023-02-17,3493.87,Medical
3400,Insurance,2023-02-03,5786.13,Medical
3401,Shirt,2023-03-26,5924.03,Clothing
3402,Ride Sharing,2023-03-18,9310.46,Transportation
3403,Bank Fee,2023-03-10,2482.19,Others
3404,Security,2023-03-23,8467.55,Others
3405,Donation,2023-03-02,9511.82,Others
3406,Cruise,2023-03-05,3554.68,Travel
3407,Electricity,2023-03-06,2897.72,Home
3408,Phone Bill,2023-03-27,3027.21,Communication
3409,Notebook,2023-03-25,9349.23,Education
3410,Ride Sharing,2023-03-08,2528.27,Transportation
3411,Rent,2023-03-01,5088.69,Home
3412,Maintenance,2023-03-16,4615.61,Home
3413,Fruits,2023-03-20,2409.62,Food
3414,Storage,2023-03-14,6877.10,Others
3415,Accessories,2023-03-22,8285.38,Others
3416,Theater,2023-03-22,2300.57,Entertainment
3417,Rental Car,2023-03-11,7262.28,Travel
3418,Gym,2023-03-20,3493.65,Sports
3419,Health Check,2023-03-18,9551.12,Medical
3420,Flight,2023-03-27,4242.26,Travel
3421,Taxi,2023-03-06,6692.70,Transportation
3422,Accessories,2023-03-19,685.17,Others
3423,Jeans,2023-03-01,3696.57,Clothing
3424,Bicycle,2023-03-04,5623.13,Transportation
3425,Basketball,2023-03-16,6821.28,Sports
3426,Gift,2023-03-23,6847.43,Others
3427,Backpack,2023-03-18,9285.57,Education
3428,Hospital Bill,2023-03-19,3928.72,Medical
3429,Phone Bill,2023-03-03,2273.88,Communication
3430,Flight,2023-03-15,3979.28,Travel
3431,Restaurant,2023-03-10,8318.35,Food
3432,Maintenance,2023-03-25,7210.66,Home
3433,Rent,2023-03-02,1671.60,Home
3434,Mobile Recharge,2023-03-14,1253.81,Communication
3435,Gift,2023-03-09,3994.53,Others
3436,Exam Fee,2023-03-04,1052.65,Education
3437,Internet,2023-03-08,8551.33,Communication
3438,Scooter,2023-03-21,1254.85,Transportation
3439,Game,2023-03-14,2926.04,Entertainment
3440,Club,2023-03-06,9133.52,Entertainment
3441,Fitness Class,2023-03-04,6850.41,Sports
3442,Metro,2023-03-04,1678.05,Transportation
3443,Cleaning,2023-03-24,905.89,Home
3444,Drinks,2023-03-02,6703.75,Food
3445,Books,2023-03-04,178.81,Education
3446,Cleaning,2023-03-18,1981.22,Home
3447,Fruits,2023-03-10,954.38,Food
3448,Cafe,2023-03-17,3499.17,Food
3449,Hospital Bill,2023-03-23,3412.52,Medical
3450,Taxi,2023-03-18,2003.91,Transportation
3451,Exam Fee,2023-03-05,1469.40,Education
3452,Workshop,2023-03-02,1057.38,Education
3453,Shirt,2023-03-09,758.22,Clothing
3454,Game,2023-03-20,5365.72,Entertainment
3455,Stationery,2023-03-28,7370.79,Education
3456,Gas,2023-03-17,3579.54,Home
3457,Karaoke,2023-03-15,8067.13,Entertainment
3458,Fast Food,2023-03-06,6536.46,Food
3459,Equipment,2023-03-15,4168.79,Sports
3460,Postage,2023-03-12,645.64,Communication
3461,Gym,2023-03-13,267.47,Sports
3462,Cafe,2023-03-10,4920.22,Food
3463,Hat,2023-03-15,5226.72,Clothing
3464,Health Check,2023-03-19,3595.83,Medical
3465,Toll,2023-03-04,8284.84,Transportation
3466,VPN,2023-03-24,3293.68,Communication
3467,Hat,2023-03-22,8667.24,Clothing
3468,Amusement Park,2023-03-17,2565.14,Entertainment
3469,Hospital Bill,2023-03-23,4090.48,Medical
3470,Workshop,2023-03-04,7467.16,Education
3471,Bus,2023-03-13,2477.35,Transportation
3472,Insurance,2023-03-24,1181.89,Medical
3473,Tennis,2023-03-14,423.29,Sports
3474,Pet,2023-03-18,6694.57,Others
3475,Jeans,2023-03-25,7169.88,Clothing
3476,Surgery,2023-03-15,4034.69,Medical
3477,Visa Fee,2023-03-28,1359.35,Travel
3478,Subscription,2023-03-22,1434.15,Communication
3479,Calling Card,2023-03-26,2304.62,Communication
3480,Train,2023-03-20,8582.28,Travel
3481,Surgery,2023-03-14,8733.34,Medical
3482,Dental Check,2023-03-18,105.38,Medical
3483,Hospital Bill,2023-03-23,8944.92,Medical
3484,Running,2023-03-23,3776.94,Sports
3485,VPN,2023-03-04,9787.43,Communication
3486,Scooter,2023-03-03,1338.58,Transportation
3487,Toll,2023-03-02,929.70,Transportation
3488,Bicycle,2023-03-14,6013.55,Transportation
3489,Roaming,2023-03-19,2195.89,Communication
3490,Coat,2023-03-09,5854.20,Clothing
3491,Toll,2023-03-02,6283.78,Transportation
3492,Accessories,2023-03-03,4875.49,Others
3493,Stationery,2023-03-09,487.77,Education
3494,Tuition,2023-03-23,3006.66,Education
3495,Running,2023-03-11,2550.92,Sports
3496,Basketball,2023-03-23,638.04,Sports
3497,Charity,2023-03-10,9320.81,Others
3498,Insurance,2023-03-18,7047.35,Medical
3499,Phone Bill,2023-03-05,3965.55,Communication
3500,Fitness Class,2023-03-16,4608.36,Sports
3501,Dental Check,2023-04-12,7968.08,Medical
3502,Snacks,2023-04-18,6722.31,Food
3503,Water Bill,2023-04-01,3402.02,Home
3504,Vegetables,2023-04-20,6417.11,Food
3505,Shirt,2023-04-25,9306.59,Clothing
3506,Football,2023-04-23,138.39,Sports
3507,Books,2023-04-02,222.10,Education
3508,Laundry,2023-04-28,3135.10,Others
3509,Flight,2023-04-04,6813.73,Travel
3510,Postage,2023-04-26,6643.18,Communication
3511,Amusement Park,2023-04-22,8704.97,Entertainment
3512,Socks,2023-04-27,8405.00,Clothing
3513,Doctor Visit,2023-04-02,545.39,Medical
3514,Swimming,2023-04-16,1505.31,Sports
3515,Insurance,2023-04-22,4106.54,Medical
3516,Jeans,2023-04-25,3136.92,Clothing
3517,Laundry,2023-04-26,3872.29,Others
3518,SIM Card,2023-04-01,4444.95,Communication
3519,Basketball,2023-04-14,1296.31,Sports
3520,Scarf,2023-04-08,7022.58,Clothing
3521,Workshop,2023-04-09,3625.40,Education
3522,SIM Card,2023-04-09,2950.99,Communication
3523,Cleaning,2023-04-20,2580.38,Home
3524,Restaurant,2023-04-18,359.61,Food
3525,Eye Exam,2023-04-18,2408.41,Medical
3526,Backpack,2023-04-28,6674.47,Education
3527,Charity,2023-04-09,9921.00,Others
3528,Scooter,2023-04-23,3805.31,Transportation
3529,Shoes,2023-04-21,7911.63,Clothing
3530,Security,2023-04-19,2671.35,Others
3531,Travel Insurance,2023-04-02,8363.22,Travel
3532,Cruise,2023-04-13,6435.91,Travel
3533,Jeans,2023-04-22,9385.15,Clothing
3534,Postage,2023-04-25,5879.32,Communication
3535,Workshop,2023-04-17,3784.25,Education
3536,Sports Event,2023-04-19,6289.03,Entertainment
3537,Cycling,2023-04-10,2556.06,Sports
3538,Notebook,2023-04-14,9761.29,Education
3539,Vaccination,2023-04-28,2726.95,Medical
3540,Security,2023-04-14,9516.77,Others
3541,Vegetables,2023-04-07,1972.16,Food
3542,Karaoke,2023-04-04,1625.67,Entertainment
3543,Storage,2023-04-25,2283.02,Others
3544,Online Course,2023-04-22,869.59,Education
3545,Dress,2023-04-20,8195.20,Clothing
3546,Groceries,2023-04-21,2217.52,Food
3547,Fuel,2023-04-06,332.72,Travel
3548,VPN,2023-04-14,1054.27,Communication
3549,Scarf,2023-04-20,9967.94,Clothing
3550,Socks,2023-04-05,320.64,Clothing
3551,Taxi,2023-04-25,5053.16,Transportation
3552,Music Festival,2023-04-13,1531.24,Entertainment
3553,Tennis,2023-04-28,3988.65,Sports
3554,Yoga,2023-04-25,3762.08,Sports
3555,Parking,2023-04-01,8746.57,Transportation
3556,Coat,2023-04-06,1383.97,Clothing
3557,Gas,2023-04-09,7543.76,Home
3558,Hotel,2023-04-22,9384.66,Travel
3559,Scooter,2023-04-15,5168.96,Transportation
3560,Club,2023-04-21,2510.34,Entertainment
3561,Movie,2023-04-01,3974.01,Entertainment
3562,Vaccination,2023-04-03,8235.47,Medical
3563,Basketball,2023-04-13,6111.05,Sports
3564,Subscription,2023-04-18,3875.27,Communication
3565,Theater,2023-04-23,8621.07,Entertainment
3566,Ride Sharing,2023-04-09,1186.80,Transportation
3567,Insurance,2023-04-21,7509.93,Medical
3568,Toll,2023-04-02,5819.02,Transportation
3569,Parking,2023-04-27,1494.53,Transportation
3570,Fast Food,2023-04-07,2320.58,Food
3571,Charity,2023-04-11,9103.12,Others
3572,Yoga,2023-04-05,5471.48,Sports
3573,Eye Exam,2023-04-20,3526.63,Medical
3574,Stationery,2023-04-24,3139.69,Education
3575,Jeans,2023-04-13,3712.73,Clothing
3576,Drinks,2023-04-22,5850.12,Food
3577,Swimming,2023-04-20,4671.28,Sports
3578,Game,2023-04-21,9634.14,Entertainment
3579,Vegetables,2023-04-16,4153.87,Food
3580,Football,2023-04-10,1912.04,Sports
3581,Scarf,2023-04-18,612.07,Clothing
3582,Yoga,2023-04-08,4997.40,Sports
3583,Scarf,2023-04-25,4774.83,Clothing
3584,Roaming,2023-04-17,2075.77,Communication
3585,Equipment,2023-04-09,6937.98,Sports
3586,Metro,2023-04-18,2911.78,Transportation
3587,Cycling,2023-04-12,3843.60,Sports
3588,Movie,2023-04-21,8058.18,Entertainment
3589,Toll,2023-04-11,2520.19,Travel
3590,Train,2023-04-28,8108.24,Travel
3591,Fuel,2023-04-15,8822.35,Travel
3592,Internet,2023-04-18,8182.51,Home
3593,Subscription,2023-04-07,5240.97,Communication
3594,Medicine,2023-04-07,4065.45,Medical
3595,Storage,2023-04-17,5861.57,Others
3596,Ride Sharing,2023-04-09,4297.91,Transportation
3597,Mortgage,2023-04-28,6648.65,Home
3598,Train,2023-04-26,3313.26,Transportation
3599,Postage,2023-04-08,4527.53,Communication
3600,Maintenance,2023-04-07,6147.43,Home
3601,Insurance,2023-05-09,9188.86,Medical
3602,Therapy,2023-05-22,3510.65,Medical
3603,Vegetables,2023-05-20,6877.51,Food
3604,Stationery,2023-05-27,9920.98,Education
3605,Rent,2023-05-06,6093.21,Home
3606,Insurance,2023-05-14,7179.00,Medical
3607,Game,2023-05-23,8018.91,Entertainment
3608,Metro,2023-05-07,7433.85,Transportation
3609,SIM Card,2023-05-20,677.79,Communication
3610,Medicine,2023-05-06,3327.18,Medical
3611,Electricity,2023-05-21,4958.89,Home
3612,Data Plan,2023-05-06,1715.02,Communication
3613,Scooter,2023-05-23,1983.29,Transportation
3614,Bicycle,2023-05-26,7692.35,Transportation
3615,Accessories,2023-05-19,7083.67,Others
3616,Visa Fee,2023-05-07,4128.36,Travel
3617,Rent,2023-05-11,1187.93,Home
3618,Toll,2023-05-18,1784.30,Travel
3619,VPN,2023-05-09,2288.69,Communication
3620,Toll,2023-05-08,8930.98,Transportation
3621,Electricity,2023-05-12,8747.28,Home
3622,Books,2023-05-15,5693.76,Education
3623,Online Course,2023-05-25,1618.20,Education
3624,Seminar,2023-05-22,4216.10,Education
3625,Seminar,2023-05-02,9515.33,Education
3626,Bank Fee,2023-05-14,5016.13,Others
3627,Books,2023-05-26,7346.74,Education
3628,Postage,2023-05-28,4937.51,Communication
3629,Gift,2023-05-23,3990.48,Others
3630,Hat,2023-05-08,963.39,Clothing
3631,Maintenance,2023-05-02,6067.76,Home
3632,Running,2023-05-15,8389.22,Sports
3633,Bus,2023-05-19,8674.94,Transportation
3634,Bus,2023-05-22,9543.26,Transportation
3635,Mobile Recharge,2023-05-01,2937.75,Communication
3636,Cafe,2023-05-16,3688.80,Food
3637,Meat,2023-05-16,991.78,Food
3638,Internet,2023-05-07,9401.68,Home
3639,Jacket,2023-05-20,5045.12,Clothing
3640,Dress,2023-05-18,4417.07,Clothing
3641,Jacket,2023-05-09,3147.67,Clothing
3642,Rent,2023-05-08,5921.41,Home
3643,Gym,2023-05-08,2579.41,Sports
3644,SIM Card,2023-05-25,834.67,Communication
3645,Fuel,2023-05-13,1213.66,Travel
3646,Hotel,2023-05-05,7855.65,Travel
3647,Mobile Recharge,2023-05-15,7885.10,Communication
3648,Calling Card,2023-05-02,2497.12,Communication
3649,Eye Exam,2023-05-22,344.57,Medical
3650,Health Check,2023-05-23,7912.23,Medical
3651,Online Course,2023-05-08,3091.38,Education
3652,Music Festival,2023-05-11,9154.58,Entertainment
3653,Water Bill,2023-05-22,9402.80,Home
3654,Vaccination,2023-05-12,4972.72,Medical
3655,Ride Sharing,2023-05-09,3644.11,Transportation
3656,Charity,2023-05-26,6774.12,Others
3657,Backpack,2023-05-02,4350.55,Education
3658,Maintenance,2023-05-04,4847.74,Home
3659,Dress,2023-05-21,9265.30,Clothing
3660,Music Festival,2023-05-08,1030.71,Entertainment
3661,Scarf,2023-05-03,8866.15,Clothing
3662,Security,2023-05-06,8559.73,Others
3663,Fast Food,2023-05-23,9272.74,Food
3664,Drinks,2023-05-10,7041.14,Food
3665,Snacks,2023-05-11,6059.96,Food
3666,Tennis,2023-05-03,2298.62,Sports
3667,Hotel,2023-05-02,7585.23,Travel
3668,Train,2023-05-26,9161.04,Travel
3669,Running,2023-05-08,425.33,Sports
3670,Appliance,2023-05-21,6172.91,Home
3671,Gym,2023-05-27,4922.52,Sports
3672,Basketball,2023-05-08,5222.57,Sports
3673,Shoes,2023-05-02,7401.05,Clothing
3674,Pet,2023-05-08,9596.70,Others
3675,Scooter,2023-05-01,5069.26,Transportation
3676,Groceries,2023-05-05,6975.84,Food
3677,Fast Food,2023-05-27,4435.46,Food
3678,Furniture,2023-05-16,130.51,Home
3679,Furniture,2023-05-15,8600.11,Home
3680,Accessories,2023-05-15,1660.17,Others
3681,Parking,2023-05-24,5035.77,Transportation
3682,Pet,2023-05-28,1163.23,Others
3683,Equipment,2023-05-17,8817.87,Sports
3684,Appliance,2023-05-18,3529.17,Home
3685,Lottery,2023-05-03,9055.95,Others
3686,Taxi,2023-05-27,2022.20,Transportation
3687,Sports Event,2023-05-07,3044.09,Entertainment
3688,Mobile Recharge,2023-05-02,2466.49,Communication
3689,Cafe,2023-05-04,497.67,Food
3690,Football,2023-05-05,3692.27,Sports
3691,Bus,2023-05-15,826.48,Transportation
3692,Movie,2023-05-28,8327.56,Entertainment
3693,Furniture,2023-05-20,4372.57,Home
3694,Movie,2023-05-18,1937.41,Entertainment
3695,Delivery,2023-05-19,9287.38,Food
3696,Jeans,2023-05-22,7465.30,Clothing
3697,Calling Card,2023-05-04,6460.77,Communication
3698,Toll,2023-05-16,636.25,Travel
3699,Notebook,2023-05-08,4860.99,Education
3700,Fast Food,2023-05-23,832.53,Food
3701,Meat,2023-06-08,4765.05,Food
3702,Concert,2023-06-05,7078.30,Entertainment
3703,Football,2023-06-19,543.25,Sports
3704,Taxi,2023-06-25,2541.34,Travel
3705,Ride Sharing,2023-06-21,2966.59,Transportation
3706,Backpack,2023-06-11,106.12,Education
3707,Charity,2023-06-16,9419.29,Others
3708,Sports Event,2023-06-27,8269.00,Entertainment
3709,Jacket,2023-06-13,1711.20,Clothing
3710,Gift,2023-06-22,7130.99,Others
3711,Eye Exam,2023-06-17,4338.78,Medical
3712,Water Bill,2023-06-08,2379.83,Home
3713,Pet,2023-06-01,2374.65,Others
3714,SIM Card,2023-06-23,375.59,Communication
3715,Football,2023-06-08,366.08,Sports
3716,Rent,2023-06-16,1958.89,Home
3717,Therapy,2023-06-25,184.99,Medical
3718,Fast Food,2023-06-24,2205.86,Food
3719,Basketball,2023-06-28,6646.96,Sports
3720,Dental Check,2023-06-11,1256.92,Medical
3721,Medicine,2023-06-10,9693.94,Medical
3722,Visa Fee,2023-06-13,9353.01,Travel
3723,Accessories,2023-06-07,4657.45,Others
3724,Dental Check,2023-06-04,5794.53,Medical
3725,Club,2023-06-09,2127.61,Entertainment
3726,Swimming,2023-06-18,840.88,Sports
3727,Vaccination,2023-06-06,406.26,Medical
3728,Visa Fee,2023-06-08,3844.43,Travel
3729,Data Plan,2023-06-15,7147.66,Communication
3730,Eye Exam,2023-06-22,5272.17,Medical
3731,Cycling,2023-06-05,9764.73,Sports
3732,Karaoke,2023-06-23,8377.13,Entertainment
3733,Fuel,2023-06-08,927.22,Travel
3734,Scooter,2023-06-21,7910.77,Transportation
3735,Bus,2023-06-08,8615.68,Transportation
3736,Roaming,2023-06-04,3191.98,Communication
3737,Coat,2023-06-06,6552.03,Clothing
3738,Storage,2023-06-01,4925.61,Others
3739,Therapy,2023-06-10,6637.96,Medical
3740,Scooter,2023-06-11,5688.19,Transportation
3741,Furniture,2023-06-28,3350.97,Home
3742,Rent,2023-06-03,3136.97,Home
3743,Taxi,2023-06-25,3832.02,Travel
3744,Concert,2023-06-11,4127.78,Entertainment
3745,Backpack,2023-06-13,5068.32,Education
3746,Dental Check,2023-06-03,6662.63,Medical
3747,Coat,2023-06-08,1365.82,Clothing
3748,Bank Fee,2023-06-08,3641.18,Others
3749,Cafe,2023-06-03,4327.81,Food
3750,Dental Check,2023-06-04,6460.46,Medical
3751,SIM Card,2023-06-26,4752.07,Communication
3752,Donation,2023-06-26,63.46,Others
3753,Postage,2023-06-13,1450.39,Communication
3754,Stationery,2023-06-06,9853.22,Education
3755,Train,2023-06-23,5226.11,Travel
3756,Train,2023-06-18,2034.68,Travel
3757,VPN,2023-06-11,2101.88,Communication
3758,Internet,2023-06-22,9688.52,Home
3759,Calling Card,2023-06-13,2699.36,Communication
3760,Amusement Park,2023-06-16,5787.87,Entertainment
3761,Furniture,2023-06-28,494.95,Home
3762,Gym,2023-06-24,209.01,Sports
3763,Hat,2023-06-24,1534.56,Clothing
3764,Pen,2023-06-25,8887.37,Education
3765,Rent,2023-06-19,968.19,Home
3766,Health Check,2023-06-24,4534.67,Medical
3767,Maintenance,2023-06-13,654.17,Home
3768,Notebook,2023-06-06,3692.07,Education
3769,Fuel,2023-06-11,5883.13,Transportation
3770,Rent,2023-06-24,3658.60,Home
3771,Drinks,2023-06-17,5657.15,Food
3772,Cafe,2023-06-04,8912.03,Food
3773,Exam Fee,2023-06-15,3125.60,Education
3774,Toll,2023-06-27,8789.19,Travel
3775,Tennis,2023-06-25,9671.91,Sports
3776,Jacket,2023-06-20,7225.04,Clothing
3777,Doctor Visit,2023-06-02,4621.82,Medical
3778,Concert,2023-06-12,5577.08,Entertainment
3779,Exam Fee,2023-06-19,3706.49,Education
3780,Security,2023-06-25,5799.85,Others
3781,Concert,2023-06-23,5483.75,Entertainment
3782,Dental Check,2023-06-08,4978.11,Medical
3783,Shoes,2023-06-28,3016.44,Clothing
3784,Data Plan,2023-06-28,2055.36,Communication
3785,Lottery,2023-06-03,9449.53,Others
3786,Vaccination,2023-06-18,7076.98,Medical
3787,VPN,2023-06-14,1378.13,Communication
3788,Meat,2023-06-08,5574.39,Food
3789,Game,2023-06-16,2334.56,Entertainment
3790,Equipment,2023-06-01,1632.51,Sports
3791,Movie,2023-06-19,4542.57,Entertainment
3792,Restaurant,2023-06-28,1426.99,Food
3793,Data Plan,2023-06-27,5222.26,Communication
3794,Surgery,2023-06-08,1200.97,Medical
3795,Security,2023-06-04,3380.91,Others
3796,Donation,2023-06-23,3402.26,Others
3797,Workshop,2023-06-24,5102.99,Education
3798,Medicine,2023-06-22,8706.55,Medical
3799,Dress,2023-06-14,8676.24,Clothing
3800,Travel Insurance,2023-06-22,7471.29,Travel
3801,Belt,2023-07-11,6641.82,Clothing
3802,Coat,2023-07-08,163.30,Clothing
3803,Fuel,2023-07-09,7473.48,Transportation
3804,Taxi,2023-07-18,7421.87,Transportation
3805,Security,2023-07-13,7129.70,Others
3806,Tuition,2023-07-28,1876.58,Education
3807,Eye Exam,2023-07-04,5868.00,Medical
3808,Game,2023-07-21,4680.42,Entertainment
3809,Coat,2023-07-10,3170.52,Clothing
3810,Scarf,2023-07-25,5615.94,Clothing
3811,Jeans,2023-07-26,4748.80,Clothing
3812,Seminar,2023-07-02,4424.48,Education
3813,Ride Sharing,2023-07-01,6295.65,Transportation
3814,Basketball,2023-07-09,389.06,Sports
3815,Medicine,2023-07-15,6537.57,Medical
3816,Basketball,2023-07-07,3210.04,Sports
3817,Coat,2023-07-06,1519.76,Clothing
3818,Maintenance,2023-07-13,7113.19,Home
3819,Electricity,2023-07-13,1456.30,Home
3820,Visa Fee,2023-07-12,9912.55,Travel
3821,Fuel,2023-07-28,8380.36,Travel
3822,Toll,2023-07-26,30.27,Travel
3823,Football,2023-07-10,6550.47,Sports
3824,Laundry,2023-07-27,1757.45,Others
3825,Game,2023-07-11,3236.49,Entertainment
3826,Flight,2023-07-17,3539.09,Travel
3827,Swimming,2023-07-10,4379.37,Sports
3828,Streaming Service,2023-07-15,3388.36,Entertainment
3829,Movie,2023-07-02,1536.45,Entertainment
3830,Football,2023-07-07,6108.42,Sports
3831,Online Course,2023-07-04,4296.32,Education
3832,Amusement Park,2023-07-14,781.26,Entertainment
3833,Yoga,2023-07-22,2406.70,Sports
3834,Visa Fee,2023-07-09,3583.84,Travel
3835,Music Festival,2023-07-18,765.19,Entertainment
3836,Stationery,2023-07-21,6251.16,Education
3837,Cafe,2023-07-03,8813.17,Food
3838,Calling Card,2023-07-15,7816.22,Communication
3839,Streaming Service,2023-07-12,9920.27,Entertainment
3840,Eye Exam,2023-07-21,1738.25,Medical
3841,Doctor Visit,2023-07-13,1575.29,Medical
3842,Metro,2023-07-07,9686.64,Transportation
3843,Electricity,2023-07-08,8535.18,Home
3844,Security,2023-07-23,7790.79,Others
3845,Drinks,2023-07-16,4422.79,Food
3846,Delivery,2023-07-09,7243.20,Food
3847,Maintenance,2023-07-17,6442.83,Home
3848,Swimming,2023-07-04,4249.54,Sports
3849,Cruise,2023-07-14,2446.14,Travel
3850,Exam Fee,2023-07-21,5417.77,Education
3851,Fitness Class,2023-07-11,2985.12,Sports
3852,Fruits,2023-07-02,6557.56,Food
3853,Taxi,2023-07-24,3324.99,Travel
3854,Fast Food,2023-07-02,2707.78,Food
3855,Fruits,2023-07-16,8581.65,Food
3856,Appliance,2023-07-26,448.32,Home
3857,Theater,2023-07-26,5564.77,Entertainment
3858,Cafe,2023-07-12,7968.18,Food
3859,Mortgage,2023-07-19,5203.31,Home
3860,Accessories,2023-07-05,6904.40,Others
3861,Yoga,2023-07-19,7076.20,Sports
3862,Water Bill,2023-07-20,2511.36,Home
3863,Donation,2023-07-21,3688.20,Others
3864,Streaming Service,2023-07-14,3106.55,Entertainment
3865,Club,2023-07-12,6573.37,Entertainment
3866,Shoes,2023-07-06,9191.02,Clothing
3867,Cruise,2023-07-06,6840.19,Travel
3868,Security,2023-07-15,3076.09,Others
3869,Delivery,2023-07-11,1951.25,Food
3870,Lottery,2023-07-02,4168.27,Others
3871,Pen,2023-07-02,959.59,Education
3872,Parking,2023-07-22,2521.37,Transportation
3873,Parking,2023-07-11,602.50,Transportation
3874,Roaming,2023-07-21,9631.42,Communication
3875,Furniture,2023-07-25,1821.06,Home
3876,Donation,2023-07-21,3475.43,Others
3877,Gift,2023-07-04,3143.95,Others
3878,Dental Check,2023-07-04,1521.06,Medical
3879,Basketball,2023-07-22,3387.57,Sports
3880,Belt,2023-07-20,7757.37,Clothing
3881,Hat,2023-07-09,5811.41,Clothing
3882,Gas,2023-07-27,6236.37,Home
3883,Mobile Recharge,2023-07-19,5458.13,Communication
3884,Insurance,2023-07-18,6737.50,Medical
3885,Restaurant,2023-07-19,3791.63,Food
3886,Train,2023-07-20,3636.66,Transportation
3887,Scarf,2023-07-16,116.10,Clothing
3888,Seminar,2023-07-08,3634.36,Education
3889,Gym,2023-07-05,8738.82,Sports
3890,Fast Food,2023-07-17,5171.53,Food
3891,Water Bill,2023-07-25,2807.19,Home
3892,Dental Check,2023-07-08,2492.88,Medical
3893,Furniture,2023-07-23,8820.48,Home
3894,Cruise,2023-07-13,4536.49,Travel
3895,Backpack,2023-07-06,8477.95,Education
3896,Toll,2023-07-19,1460.18,Travel
3897,Taxi,2023-07-23,4589.08,Transportation
3898,Mobile Recharge,2023-07-02,8535.61,Communication
3899,Fuel,2023-07-24,7761.73,Travel
3900,Train,2023-07-17,5880.58,Travel
3901,Belt,2023-08-19,6514.93,Clothing
3902,Theater,2023-08-26,2324.46,Entertainment
3903,Toll,2023-08-18,1567.79,Transportation
3904,Dental Check,2023-08-08,7314.95,Medical
3905,Hotel,2023-08-02,2029.20,Travel
3906,Shirt,2023-08-21,4241.77,Clothing
3907,Notebook,2023-08-27,9569.44,Education
3908,Running,2023-08-14,972.87,Sports
3909,Books,2023-08-18,7789.54,Education
3910,Gift,2023-08-26,431.03,Others
3911,Workshop,2023-08-27,4916.90,Education
3912,Postage,2023-08-03,9175.96,Communication
3913,Online Course,2023-08-17,7875.27,Education
3914,Charity,2023-08-13,7993.96,Others
3915,Amusement Park,2023-08-18,1619.00,Entertainment
3916,Basketball,2023-08-04,3528.87,Sports
3917,Surgery,2023-08-04,977.00,Medical
3918,Books,2023-08-05,9959.16,Education
3919,Donation,2023-08-20,2920.07,Others
3920,Calling Card,2023-08-27,1973.71,Communication
3921,Insurance,2023-08-16,4336.84,Medical
3922,Fast Food,2023-08-26,263.96,Food
3923,Cleaning,2023-08-02,8064.58,Home
3924,Storage,2023-08-25,5857.13,Others
3925,Internet,2023-08-18,945.74,Communication
3926,Football,2023-08-19,2165.08,Sports
3927,Shirt,2023-08-07,2253.53,Clothing
3928,Movie,2023-08-12,3157.94,Entertainment
3929,Theater,2023-08-09,5597.70,Entertainment
3930,Cycling,2023-08-24,9511.00,Sports
3931,Train,2023-08-18,9450.97,Transportation
3932,Coat,2023-08-01,9031.32,Clothing
3933,Concert,2023-08-22,6696.88,Entertainment
3934,Bank Fee,2023-08-26,2216.94,Others
3935,Flight,2023-08-20,2393.63,Travel
3936,Ride Sharing,2023-08-01,5676.13,Transportation
3937,Exam Fee,2023-08-14,5709.88,Education
3938,Internet,2023-08-15,1328.18,Home
3939,Security,2023-08-14,2228.25,Others
3940,Dental Check,2023-08-01,1778.20,Medical
3941,Fitness Class,2023-08-01,6378.93,Sports
3942,Streaming Service,2023-08-12,4899.32,Entertainment
3943,Laundry,2023-08-17,4439.84,Others
3944,Taxi,2023-08-14,8172.88,Transportation
3945,Rent,2023-08-16,5069.00,Home
3946,Shirt,2023-08-21,8943.78,Clothing
3947,Socks,2023-08-14,7170.92,Clothing
3948,Therapy,2023-08-10,2632.77,Medical
3949,Security,2023-08-09,9103.39,Others
3950,Maintenance,2023-08-11,1790.22,Home
3951,Shoes,2023-08-04,8734.03,Clothing
3952,Toll,2023-08-19,4095.28,Travel
3953,Health Check,2023-08-22,3938.20,Medical
3954,Storage,2023-08-21,856.26,Others
3955,Drinks,2023-08-18,9843.64,Food
3956,Books,2023-08-17,5234.73,Education
3957,Football,2023-08-04,7756.95,Sports
3958,Concert,2023-08-08,4746.29,Entertainment
3959,Calling Card,2023-08-12,6231.52,Communication
3960,Dental Check,2023-08-01,1822.84,Medical
3961,Football,2023-08-07,7375.96,Sports
3962,Hat,2023-08-16,6806.71,Clothing
3963,Delivery,2023-08-01,2841.83,Food
3964,Gift,2023-08-01,4542.39,Others
3965,Taxi,2023-08-25,6895.00,Transportation
3966,Fuel,2023-08-25,1156.23,Travel
3967,Hospital Bill,2023-08-11,5413.62,Medical
3968,Karaoke,2023-08-22,2121.03,Entertainment
3969,Fuel,2023-08-24,1885.63,Travel
3970,Lottery,2023-08-05,6991.81,Others
3971,Karaoke,2023-08-22,93.26,Entertainment
3972,Insurance,2023-08-13,3606.25,Medical
3973,Exam Fee,2023-08-19,7829.17,Education
3974,Music Festival,2023-08-19,1550.73,Entertainment
3975,Drinks,2023-08-27,4275.52,Food
3976,Metro,2023-08-12,2924.63,Transportation
3977,Club,2023-08-09,5115.30,Entertainment
3978,Health Check,2023-08-13,1653.68,Medical
3979,Toll,2023-08-09,9025.72,Transportation
3980,Data Plan,2023-08-23,2698.61,Communication
3981,Restaurant,2023-08-27,923.84,Food
3982,Parking,2023-08-13,9862.03,Transportation
3983,Ride Sharing,2023-08-27,4519.43,Transportation
3984,Fruits,2023-08-14,6166.99,Food
3985,Bicycle,2023-08-05,8432.70,Transportation
3986,Vegetables,2023-08-11,3836.41,Food
3987,Sports Event,2023-08-19,681.37,Entertainment
3988,Pen,2023-08-04,9093.20,Education
3989,Vegetables,2023-08-05,3417.72,Food
3990,Belt,2023-08-08,9493.28,Clothing
3991,Fitness Class,2023-08-19,912.42,Sports
3992,Online Course,2023-08-12,9442.51,Education
3993,Appliance,2023-08-03,9916.26,Home
3994,Vaccination,2023-08-15,4696.38,Medical
3995,Club,2023-08-02,8165.89,Entertainment
3996,Scooter,2023-08-28,4683.73,Transportation
3997,Rent,2023-08-22,958.57,Home
3998,Game,2023-08-13,7917.20,Entertainment
3999,Phone Bill,2023-08-16,3283.41,Communication
4000,Health Check,2023-08-03,3530.64,Medical
4001,Gift,2023-09-22,5067.54,Others
4002,Karaoke,2023-09-17,9247.80,Entertainment
4003,Restaurant,2023-09-09,3910.39,Food
4004,Visa Fee,2023-09-24,3521.17,Travel
4005,Tuition,2023-09-22,9771.20,Education
4006,Postage,2023-09-13,3697.36,Communication
4007,Shirt,2023-09-13,4242.67,Clothing
4008,Concert,2023-09-18,7691.06,Entertainment
4009,Roaming,2023-09-19,7927.89,Communication
4010,Football,2023-09-11,3313.57,Sports
4011,Scarf,2023-09-16,6002.80,Clothing
4012,Roaming,2023-09-18,9906.38,Communication
4013,Metro,2023-09-07,3871.39,Transportation
4014,Workshop,2023-09-02,4781.53,Education
4015,Surgery,2023-09-20,1867.98,Medical
4016,Gift,2023-09-21,9704.20,Others
4017,Flight,2023-09-07,7842.77,Travel
4018,Notebook,2023-09-22,9882.63,Education
4019,Snacks,2023-09-02,2954.33,Food
4020,Maintenance,2023-09-04,2980.38,Home
4021,Maintenance,2023-09-13,817.35,Home
4022,Music Festival,2023-09-25,9115.81,Entertainment
4023,Hospital Bill,2023-09-08,2687.12,Medical
4024,Swimming,2023-09-09,7264.69,Sports
4025,Internet,2023-09-17,3666.87,Communication
4026,Hat,2023-09-28,8993.41,Clothing
4027,Visa Fee,2023-09-26,2051.00,Travel
4028,Dress,2023-09-10,4744.31,Clothing
4029,Security,2023-09-21,2970.23,Others
4030,Calling Card,2023-09-11,2639.54,Communication
4031,Backpack,2023-09-02,5143.78,Education
4032,Workshop,2023-09-01,9220.16,Education
4033,Online Course,2023-09-26,6276.14,Education
4034,VPN,2023-09-11,9737.84,Communication
4035,Groceries,2023-09-14,4819.75,Food
4036,Pet,2023-09-22,8821.55,Others
4037,Shoes,2023-09-05,2706.70,Clothing
4038,Cleaning,2023-09-10,2402.90,Home
4039,Lottery,2023-09-11,4827.62,Others
4040,Shirt,2023-09-11,9460.97,Clothing
4041,Rent,2023-09-07,860.85,Home
4042,Vegetables,2023-09-16,8329.27,Food
4043,Amusement Park,2023-09-20,321.17,Entertainment
4044,Tennis,2023-09-06,2352.85,Sports
4045,Scooter,2023-09-15,69.83,Transportation
4046,Health Check,2023-09-07,4797.23,Medical
4047,Fuel,2023-09-10,3809.16,Travel
4048,Cycling,2023-09-04,7623.28,Sports
4049,Drinks,2023-09-04,9283.14,Food
4050,Streaming Service,2023-09-15,4642.23,Entertainment
4051,Restaurant,2023-09-18,5252.57,Food
4052,Health Check,2023-09-25,8648.92,Medical
4053,Exam Fee,2023-09-15,1613.58,Education
4054,Jeans,2023-09-13,6729.68,Clothing
4055,Music Festival,2023-09-24,7860.44,Entertainment
4056,Restaurant,2023-09-26,9111.40,Food
4057,Train,2023-09-17,3366.22,Transportation
4058,Fuel,2023-09-22,9167.43,Transportation
4059,Water Bill,2023-09-25,6674.10,Home
4060,Bank Fee,2023-09-04,620.45,Others
4061,Fitness Class,2023-09-17,3384.82,Sports
4062,Fuel,2023-09-13,2207.25,Transportation
4063,SIM Card,2023-09-08,6071.24,Communication
4064,Tuition,2023-09-28,3777.45,Education
4065,Cycling,2023-09-08,4578.44,Sports
4066,Maintenance,2023-09-23,5511.50,Home
4067,Flight,2023-09-13,4195.44,Travel
4068,Pet,2023-09-11,128.92,Others
4069,Water Bill,2023-09-10,6463.91,Home
4070,Tennis,2023-09-23,9927.35,Sports
4071,Concert,2023-09-16,9344.23,Entertainment
4072,Scooter,2023-09-20,6819.30,Transportation
4073,Cleaning,2023-09-18,9950.40,Home
4074,Bicycle,2023-09-21,771.20,Transportation
4075,Socks,2023-09-01,7530.97,Clothing
4076,Vaccination,2023-09-28,1192.87,Medical
4077,Medicine,2023-09-02,3617.22,Medical
4078,Football,2023-09-20,9715.26,Sports
4079,Data Plan,2023-09-21,4394.48,Communication
4080,Restaurant,2023-09-11,6032.97,Food
4081,Movie,2023-09-04,5764.27,Entertainment
4082,Yoga,2023-09-21,1800.88,Sports
4083,Flight,2023-09-01,5569.08,Travel
4084,Theater,2023-09-09,3482.63,Entertainment
4085,Internet,2023-09-21,8146.82,Communication
4086,Medicine,2023-09-23,9600.75,Medical
4087,Gas,2023-09-13,2420.98,Home
4088,Theater,2023-09-22,9155.81,Entertainment
4089,Concert,2023-09-17,6082.55,Entertainment
4090,Equipment,2023-09-11,2827.67,Sports
4091,Shirt,2023-09-10,2748.80,Clothing
4092,Shoes,2023-09-21,1702.26,Clothing
4093,Books,2023-09-22,3491.70,Education
4094,Yoga,2023-09-01,4815.29,Sports
4095,Hospital Bill,2023-09-14,2885.72,Medical
4096,Club,2023-09-20,2539.89,Entertainment
4097,Running,2023-09-06,7966.81,Sports
4098,Laundry,2023-09-18,4509.67,Others
4099,Online Course,2023-09-22,7008.97,Education
4100,Toll,2023-09-05,3335.28,Transportation
4101,Fast Food,2023-10-13,681.94,Food
4102,Maintenance,2023-10-05,2665.00,Home
4103,Visa Fee,2023-10-07,2802.30,Travel
4104,Health Check,2023-10-27,2947.46,Medical
4105,Fuel,2023-10-26,8443.94,Travel
4106,Pen,2023-10-08,6453.51,Education
4107,Basketball,2023-10-23,1057.70,Sports
4108,Taxi,2023-10-22,8890.86,Travel
4109,Electricity,2023-10-13,2904.79,Home
4110,Notebook,2023-10-11,4705.39,Education
4111,Jeans,2023-10-27,5927.06,Clothing
4112,Calling Card,2023-10-04,9447.58,Communication
4113,Shirt,2023-10-25,284.87,Clothing
4114,SIM Card,2023-10-14,2832.63,Communication
4115,Socks,2023-10-02,5820.80,Clothing
4116,Restaurant,2023-10-25,3718.01,Food
4117,Belt,2023-10-04,911.86,Clothing
4118,Therapy,2023-10-05,1285.12,Medical
4119,Cycling,2023-10-22,2763.32,Sports
4120,Internet,2023-10-01,8163.92,Communication
4121,Security,2023-10-02,531.71,Others
4122,Bicycle,2023-10-06,6227.57,Transportation
4123,Data Plan,2023-10-25,6118.56,Communication
4124,Subscription,2023-10-04,1600.30,Communication
4125,Karaoke,2023-10-18,9217.35,Entertainment
4126,Doctor Visit,2023-10-07,6408.84,Medical
4127,Postage,2023-10-12,6634.24,Communication
4128,Streaming Service,2023-10-03,6059.88,Entertainment
4129,Drinks,2023-10-23,6433.94,Food
4130,Tuition,2023-10-26,7352.47,Education
4131,Workshop,2023-10-16,7709.52,Education
4132,Groceries,2023-10-11,8618.34,Food
4133,Furniture,2023-10-02,1233.20,Home
4134,Shirt,2023-10-12,4394.13,Clothing
4135,Football,2023-10-09,6386.66,Sports
4136,Mobile Recharge,2023-10-08,8691.19,Communication
4137,Taxi,2023-10-26,1998.48,Travel
4138,Online Course,2023-10-17,9007.22,Education
4139,Laundry,2023-10-16,9486.88,Others
4140,Books,2023-10-23,3249.19,Education
4141,Cafe,2023-10-24,8965.71,Food
4142,Phone Bill,2023-10-11,2294.65,Communication
4143,Internet,2023-10-20,5483.39,Home
4144,VPN,2023-10-28,7380.58,Communication
4145,Train,2023-10-09,1510.92,Transportation
4146,Music Festival,2023-10-15,1821.49,Entertainment
4147,Taxi,2023-10-28,7640.86,Transportation
4148,Backpack,2023-10-02,2283.96,Education
4149,Storage,2023-10-02,2715.53,Others
4150,Mortgage,2023-10-14,6783.93,Home
4151,Belt,2023-10-22,924.75,Clothing
4152,Amusement Park,2023-10-11,2266.35,Entertainment
4153,Metro,2023-10-08,1938.25,Transportation
4154,Eye Exam,2023-10-12,6194.87,Medical
4155,Subscription,2023-10-27,8455.22,Communication
4156,Karaoke,2023-10-18,7871.51,Entertainment
4157,SIM Card,2023-10-20,8775.42,Communication
4158,Groceries,2023-10-14,329.42,Food
4159,Travel Insurance,2023-10-12,5133.68,Travel
4160,Delivery,2023-10-20,2257.83,Food
4161,Ride Sharing,2023-10-26,9929.89,Transportation
4162,Phone Bill,2023-10-16,7168.50,Communication
4163,Water Bill,2023-10-01,1532.99,Home
4164,Delivery,2023-10-15,5692.86,Food
4165,Shirt,2023-10-12,8410.75,Clothing
4166,Jeans,2023-10-19,9198.35,Clothing
4167,Shirt,2023-10-03,2920.12,Clothing
4168,Vaccination,2023-10-16,2384.47,Medical
4169,Laundry,2023-10-09,3201.05,Others
4170,Toll,2023-10-02,8826.34,Transportation
4171,Fruits,2023-10-17,1043.71,Food
4172,Hat,2023-10-07,2016.58,Clothing
4173,Water Bill,2023-10-04,8939.35,Home
4174,Furniture,2023-10-23,7279.05,Home
4175,Phone Bill,2023-10-15,3813.15,Communication
4176,Jacket,2023-10-11,5926.03,Clothing
4177,Bus,2023-10-05,1469.52,Transportation
4178,Gym,2023-10-15,1363.91,Sports
4179,Socks,2023-10-11,760.88,Clothing
4180,Football,2023-10-20,7533.02,Sports
4181,Health Check,2023-10-15,3696.66,Medical
4182,Football,2023-10-14,1987.17,Sports
4183,Water Bill,2023-10-20,1622.02,Home
4184,Travel Insurance,2023-10-26,2170.73,Travel
4185,Electricity,2023-10-17,7864.81,Home
4186,Water Bill,2023-10-12,4285.58,Home
4187,Scarf,2023-10-22,6154.00,Clothing
4188,Delivery,2023-10-05,9443.70,Food
4189,Scarf,2023-10-25,4798.06,Clothing
4190,Bicycle,2023-10-14,8952.05,Transportation
4191,SIM Card,2023-10-02,5073.12,Communication
4192,Shirt,2023-10-21,5108.81,Clothing
4193,Toll,2023-10-27,9483.25,Transportation
4194,Running,2023-10-04,1653.87,Sports
4195,Lottery,2023-10-20,3697.61,Others
4196,Streaming Service,2023-10-12,626.49,Entertainment
4197,Rental Car,2023-10-14,490.22,Travel
4198,Eye Exam,2023-10-17,8623.79,Medical
4199,Roaming,2023-10-22,6447.09,Communication
4200,Gym,2023-10-07,913.16,Sports
4201,Club,2023-11-24,3604.94,Entertainment
4202,Cleaning,2023-11-18,9958.73,Home
4203,Tuition,2023-11-01,3606.80,Education
4204,Pen,2023-11-04,7639.99,Education
4205,Coat,2023-11-13,6598.98,Clothing
4206,Fuel,2023-11-24,9841.30,Transportation
4207,Surgery,2023-11-25,1994.51,Medical
4208,Cafe,2023-11-12,4829.74,Food
4209,Calling Card,2023-11-25,9382.51,Communication
4210,Flight,2023-11-27,5955.50,Travel
4211,Dress,2023-11-12,2627.36,Clothing
4212,Water Bill,2023-11-23,2281.63,Home
4213,Internet,2023-11-21,2336.81,Communication
4214,Security,2023-11-16,1370.82,Others
4215,Pen,2023-11-02,5563.59,Education
4216,Vaccination,2023-11-27,2251.46,Medical
4217,Backpack,2023-11-12,8440.20,Education
4218,Shirt,2023-11-04,5619.04,Clothing
4219,Sports Event,2023-11-16,8903.85,Entertainment
4220,Game,2023-11-08,6363.53,Entertainment
4221,Hotel,2023-11-01,4621.82,Travel
4222,Notebook,2023-11-07,2621.11,Education
4223,Tennis,2023-11-01,7208.47,Sports
4224,Cycling,2023-11-12,9409.58,Sports
4225,Socks,2023-11-25,7323.39,Clothing
4226,Roaming,2023-11-25,5617.42,Communication
4227,Football,2023-11-10,7360.18,Sports
4228,Internet,2023-11-14,831.76,Communication
4229,Concert,2023-11-10,6040.33,Entertainment
4230,Fuel,2023-11-24,7002.99,Transportation
4231,Cafe,2023-11-24,1798.40,Food
4232,Taxi,2023-11-10,9081.48,Travel
4233,Concert,2023-11-12,6678.66,Entertainment
4234,Game,2023-11-15,4526.24,Entertainment
4235,Security,2023-11-26,1015.54,Others
4236,Workshop,2023-11-01,7441.90,Education
4237,Vaccination,2023-11-01,9491.93,Medical
4238,Running,2023-11-04,1794.35,Sports
4239,Bus,2023-11-02,2229.21,Transportation
4240,Phone Bill,2023-11-02,1314.90,Communication
4241,Cleaning,2023-11-06,2463.98,Home
4242,Lottery,2023-11-06,2332.94,Others
4243,Rental Car,2023-11-25,8566.42,Travel
4244,Sports Event,2023-11-25,8884.11,Entertainment
4245,Roaming,2023-11-24,3243.27,Communication
4246,Bank Fee,2023-11-18,1370.20,Others
4247,Taxi,2023-11-23,6150.61,Transportation
4248,Jacket,2023-11-14,2797.82,Clothing
4249,SIM Card,2023-11-04,9122.58,Communication
4250,Scooter,2023-11-23,5750.41,Transportation
4251,Laundry,2023-11-07,6225.33,Others
4252,Donation,2023-11-14,3117.03,Others
4253,Exam Fee,2023-11-19,1877.40,Education
4254,Train,2023-11-12,8710.35,Travel
4255,Roaming,2023-11-13,9314.31,Communication
4256,Internet,2023-11-20,2624.70,Home
4257,Music Festival,2023-11-02,5305.98,Entertainment
4258,Therapy,2023-11-21,2393.70,Medical
4259,Water Bill,2023-11-18,1776.92,Home
4260,Notebook,2023-11-25,1273.37,Education
4261,Basketball,2023-11-07,9170.84,Sports
4262,Mobile Recharge,2023-11-24,178.36,Communication
4263,Dress,2023-11-05,4297.12,Clothing
4264,Shirt,2023-11-22,2414.33,Clothing
4265,Snacks,2023-11-03,4023.10,Food
4266,Dental Check,2023-11-26,1145.30,Medical
4267,Drinks,2023-11-05,5261.88,Food
4268,Vegetables,2023-11-23,7362.24,Food
4269,Restaurant,2023-11-19,2740.01,Food
4270,Laundry,2023-11-12,3734.67,Others
4271,Fuel,2023-11-16,7153.15,Travel
4272,Train,2023-11-19,3864.92,Travel
4273,Yoga,2023-11-08,1157.87,Sports
4274,Parking,2023-11-23,5932.99,Transportation
4275,Appliance,2023-11-17,2621.81,Home
4276,Taxi,2023-11-19,679.60,Transportation
4277,Surgery,2023-11-22,6413.50,Medical
4278,Toll,2023-11-08,9480.37,Transportation
4279,Eye Exam,2023-11-12,3549.95,Medical
4280,Train,2023-11-13,1504.05,Travel
4281,Toll,2023-11-02,1367.77,Transportation
4282,Parking,2023-11-24,9572.10,Transportation
4283,Scooter,2023-11-11,8605.75,Transportation
4284,Metro,2023-11-15,2156.10,Transportation
4285,Fruits,2023-11-16,8889.58,Food
4286,Hospital Bill,2023-11-07,3927.91,Medical
4287,Toll,2023-11-24,2298.77,Transportation
4288,Gas,2023-11-07,5198.39,Home
4289,Fruits,2023-11-01,6727.16,Food
4290,Bicycle,2023-11-04,7074.09,Transportation
4291,Laundry,2023-11-24,4044.98,Others
4292,Cleaning,2023-11-13,6518.88,Home
4293,Therapy,2023-11-01,3516.61,Medical
4294,Jacket,2023-11-08,66.65,Clothing
4295,Taxi,2023-11-25,1717.62,Travel
4296,Vaccination,2023-11-28,1211.72,Medical
4297,Fast Food,2023-11-14,6492.47,Food
4298,Postage,2023-11-11,9450.48,Communication
4299,Groceries,2023-11-10,1711.24,Food
4300,Meat,2023-11-01,4421.70,Food
4301,Drinks,2023-12-01,5515.43,Food
4302,Running,2023-12-03,5865.28,Sports
4303,Electricity,2023-12-26,4402.63,Home
4304,Vaccination,2023-12-24,7914.24,Medical
4305,Parking,2023-12-05,6205.90,Transportation
4306,Fitness Class,2023-12-05,717.62,Sports
4307,Ride Sharing,2023-12-26,5400.90,Transportation
4308,Surgery,2023-12-19,3076.28,Medical
4309,Ride Sharing,2023-12-07,9458.81,Transportation
4310,VPN,2023-12-26,5208.13,Communication
4311,Tuition,2023-12-05,9175.03,Education
4312,Pen,2023-12-03,1912.63,Education
4313,Stationery,2023-12-17,9985.67,Education
4314,Yoga,2023-12-22,2363.93,Sports
4315,Club,2023-12-19,9208.42,Entertainment
4316,Online Course,2023-12-17,9042.84,Education
4317,Bus,2023-12-20,2910.02,Transportation
4318,Insurance,2023-12-26,6213.24,Medical
4319,Shirt,2023-12-06,5579.74,Clothing
4320,Gym,2023-12-12,9141.89,Sports
4321,Train,2023-12-27,651.38,Travel
4322,Mobile Recharge,2023-12-02,530.27,Communication
4323,Toll,2023-12-27,3148.73,Travel
4324,Cafe,2023-12-27,5791.36,Food
4325,Club,2023-12-22,619.56,Entertainment
4326,Data Plan,2023-12-19,923.65,Communication
4327,Groceries,2023-12-28,4966.40,Food
4328,Train,2023-12-25,4254.18,Transportation
4329,Groceries,2023-12-10,7753.09,Food
4330,Internet,2023-12-25,3888.33,Home
4331,Train,2023-12-02,5462.74,Travel
4332,Travel Insurance,2023-12-17,8299.82,Travel
4333,Cafe,2023-12-27,8279.58,Food
4334,Bicycle,2023-12-21,2801.93,Transportation
4335,Equipment,2023-12-09,8021.41,Sports
4336,Calling Card,2023-12-13,4142.37,Communication
4337,Concert,2023-12-09,7203.43,Entertainment
4338,Storage,2023-12-12,917.39,Others
4339,Cruise,2023-12-27,7665.75,Travel
4340,Toll,2023-12-20,7874.29,Travel
4341,Appliance,2023-12-12,7777.73,Home
4342,Donation,2023-12-25,9372.11,Others
4343,Accessories,2023-12-08,6594.70,Others
4344,Jeans,2023-12-02,86.49,Clothing
4345,Fitness Class,2023-12-23,4638.26,Sports
4346,Pen,2023-12-15,6377.34,Education
4347,Dress,2023-12-10,8501.06,Clothing
4348,Toll,2023-12-04,740.61,Travel
4349,Appliance,2023-12-03,7352.60,Home
4350,Hotel,2023-12-01,3721.85,Travel
4351,Coat,2023-12-10,5578.88,Clothing
4352,Jeans,2023-12-28,9821.77,Clothing
4353,Shirt,2023-12-27,2772.28,Clothing
4354,Electricity,2023-12-16,538.64,Home
4355,Electricity,2023-12-24,591.85,Home
4356,Gym,2023-12-22,5379.14,Sports
4357,Shoes,2023-12-12,5460.79,Clothing
4358,Amusement Park,2023-12-24,8165.23,Entertainment
4359,Parking,2023-12-10,7767.39,Transportation
4360,Cleaning,2023-12-03,6207.01,Home
4361,Internet,2023-12-19,3033.63,Home
4362,Scarf,2023-12-03,665.42,Clothing
4363,Scooter,2023-12-01,5159.67,Transportation
4364,Stationery,2023-12-01,568.60,Education
4365,Rental Car,2023-12-24,2625.59,Travel
4366,Water Bill,2023-12-07,907.35,Home
4367,Exam Fee,2023-12-10,3163.31,Education
4368,Football,2023-12-18,2712.88,Sports
4369,Stationery,2023-12-12,8578.65,Education
4370,Coat,2023-12-05,4423.17,Clothing
4371,SIM Card,2023-12-15,1401.31,Communication
4372,VPN,2023-12-19,6235.37,Communication
4373,Basketball,2023-12-03,5052.34,Sports
4374,Appliance,2023-12-19,2427.20,Home
4375,Snacks,2023-12-18,3458.72,Food
4376,Maintenance,2023-12-06,5150.31,Home
4377,Pet,2023-12-07,852.84,Others
4378,Online Course,2023-12-03,6309.59,Education
4379,Calling Card,2023-12-11,1506.69,Communication
4380,Toll,2023-12-18,6315.18,Travel
4381,Dress,2023-12-13,4138.48,Clothing
4382,Phone Bill,2023-12-12,407.40,Communication
4383,Storage,2023-12-10,5195.71,Others
4384,Game,2023-12-08,1356.09,Entertainment
4385,Books,2023-12-02,1384.66,Education
4386,Toll,2023-12-08,4828.11,Travel
4387,Equipment,2023-12-12,9522.90,Sports
4388,Rental Car,2023-12-22,2926.23,Travel
4389,Gym,2023-12-18,8812.99,Sports
4390,Doctor Visit,2023-12-07,6571.60,Medical
4391,Water Bill,2023-12-15,8422.32,Home
4392,Laundry,2023-12-21,4438.96,Others
4393,Medicine,2023-12-04,563.84,Medical
4394,Medicine,2023-12-20,8335.28,Medical
4395,Furniture,2023-12-14,1430.18,Home
4396,Bicycle,2023-12-08,4189.33,Transportation
4397,Fuel,2023-12-13,492.88,Travel
4398,Internet,2023-12-07,6715.90,Communication
4399,Coat,2023-12-11,6025.93,Clothing
4400,Notebook,2023-12-03,7491.12,Education
4401,Furniture,2024-01-23,7441.44,Home
4402,Sports Event,2024-01-03,8722.62,Entertainment
4403,Movie,2024-01-04,8947.40,Entertainment
4404,Laundry,2024-01-08,2091.02,Others
4405,Restaurant,2024-01-17,9195.59,Food
4406,Backpack,2024-01-12,2229.02,Education
4407,Gym,2024-01-01,4346.85,Sports
4408,Hospital Bill,2024-01-07,7901.92,Medical
4409,Belt,2024-01-08,4499.16,Clothing
4410,Socks,2024-01-28,5882.05,Clothing
4411,Mobile Recharge,2024-01-18,7483.43,Communication
4412,Equipment,2024-01-05,4637.82,Sports
4413,Metro,2024-01-02,7592.18,Transportation
4414,Shoes,2024-01-10,1899.33,Clothing
4415,Meat,2024-01-04,3411.48,Food
4416,Travel Insurance,2024-01-09,374.38,Travel
4417,Scooter,2024-01-09,392.80,Transportation
4418,Storage,2024-01-01,2397.86,Others
4419,Exam Fee,2024-01-13,7979.62,Education
4420,Shoes,2024-01-18,7587.19,Clothing
4421,Postage,2024-01-04,404.43,Communication
4422,Club,2024-01-08,3231.36,Entertainment
4423,Drinks,2024-01-06,8002.03,Food
4424,Cafe,2024-01-20,4523.04,Food
4425,Charity,2024-01-04,1525.67,Others
4426,Storage,2024-01-05,3878.23,Others
4427,Online Course,2024-01-26,7715.30,Education
4428,Cruise,2024-01-15,5958.53,Travel
4429,Cleaning,2024-01-28,1815.83,Home
4430,Ride Sharing,2024-01-14,2843.38,Transportation
4431,VPN,2024-01-20,9400.46,Communication
4432,Club,2024-01-19,4528.16,Entertainment
4433,Fast Food,2024-01-01,9857.07,Food
4434,Karaoke,2024-01-24,6094.21,Entertainment
4435,Train,2024-01-12,8400.61,Transportation
4436,Movie,2024-01-25,6501.46,Entertainment
4437,Shirt,2024-01-28,8052.07,Clothing
4438,Jeans,2024-01-13,6392.12,Clothing
4439,Lottery,2024-01-25,2917.75,Others
4440,Game,2024-01-13,7445.17,Entertainment
4441,Roaming,2024-01-11,3528.94,Communication
4442,Internet,2024-01-11,4857.02,Communication
4443,Movie,2024-01-23,5745.84,Entertainment
4444,Lottery,2024-01-17,5773.99,Others
4445,Mortgage,2024-01-11,2072.98,Home
4446,Internet,2024-01-28,6745.47,Communication
4447,Bank Fee,2024-01-24,8714.29,Others
4448,Karaoke,2024-01-02,5084.55,Entertainment
4449,Shirt,2024-01-08,2812.52,Clothing
4450,Equipment,2024-01-18,3120.48,Sports
4451,Hotel,2024-01-12,3724.62,Travel
4452,Shoes,2024-01-16,8844.55,Clothing
4453,Phone Bill,2024-01-12,8865.93,Communication
4454,Calling Card,2024-01-01,102.69,Communication
4455,Stationery,2024-01-13,9686.67,Education
4456,Basketball,2024-01-20,5633.83,Sports
4457,Notebook,2024-01-05,5753.03,Education
4458,Theater,2024-01-11,5706.59,Entertainment
4459,Train,2024-01-14,2909.33,Travel
4460,Subscription,2024-01-02,1732.33,Communication
4461,Electricity,2024-01-07,9245.93,Home
4462,Cleaning,2024-01-27,9905.37,Home
4463,Cruise,2024-01-21,4690.00,Travel
4464,Visa Fee,2024-01-21,7841.98,Travel
4465,Bicycle,2024-01-20,6203.72,Transportation
4466,Eye Exam,2024-01-25,5617.56,Medical
4467,Shirt,2024-01-23,7021.26,Clothing
4468,Donation,2024-01-23,5039.25,Others
4469,Sports Event,2024-01-19,5877.39,Entertainment
4470,Doctor Visit,2024-01-11,8724.46,Medical
4471,Vaccination,2024-01-07,6003.98,Medical
4472,Fruits,2024-01-11,5991.15,Food
4473,Tennis,2024-01-14,870.33,Sports
4474,SIM Card,2024-01-13,4777.72,Communication
4475,Rental Car,2024-01-18,5902.40,Travel
4476,Concert,2024-01-10,7550.83,Entertainment
4477,Shirt,2024-01-26,1044.02,Clothing
4478,Drinks,2024-01-23,9748.97,Food
4479,Socks,2024-01-25,1027.13,Clothing
4480,Toll,2024-01-27,8207.46,Transportation
4481,Roaming,2024-01-10,1712.87,Communication
4482,Online Course,2024-01-12,7619.22,Education
4483,Dress,2024-01-03,9810.66,Clothing
4484,Football,2024-01-27,2914.44,Sports
4485,Stationery,2024-01-11,9586.99,Education
4486,Cycling,2024-01-16,2803.07,Sports
4487,Data Plan,2024-01-14,7118.13,Communication
4488,Running,2024-01-11,7366.08,Sports
4489,Internet,2024-01-27,1681.26,Communication
4490,Music Festival,2024-01-23,789.42,Entertainment
4491,Bus,2024-01-14,6896.02,Transportation
4492,Bank Fee,2024-01-03,8191.45,Others
4493,Therapy,2024-01-04,9959.67,Medical
4494,Fuel,2024-01-27,4763.53,Travel
4495,Sports Event,2024-01-26,1116.90,Entertainment
4496,Socks,2024-01-12,6915.18,Clothing
4497,Water Bill,2024-01-06,2399.81,Home
4498,Vegetables,2024-01-02,2955.89,Food
4499,Gift,2024-01-05,6392.75,Others
4500,Electricity,2024-01-01,8782.19,Home
4501,Scarf,2024-02-27,8523.90,Clothing
4502,Health Check,2024-02-07,3214.02,Medical
4503,Surgery,2024-02-04,4317.36,Medical
4504,Jacket,2024-02-06,3988.01,Clothing
4505,Club,2024-02-03,8315.65,Entertainment
4506,Streaming Service,2024-02-02,1363.33,Entertainment
4507,Calling Card,2024-02-17,5219.62,Communication
4508,Jeans,2024-02-27,875.43,Clothing
4509,Metro,2024-02-28,3642.74,Transportation
4510,Medicine,2024-02-11,2501.45,Medical
4511,Tuition,2024-02-02,5027.59,Education
4512,Backpack,2024-02-22,5120.78,Education
4513,Basketball,2024-02-22,5255.20,Sports
4514,Dental Check,2024-02-25,2193.23,Medical
4515,Restaurant,2024-02-25,605.97,Food
4516,Flight,2024-02-20,1332.07,Travel
4517,Scooter,2024-02-06,2332.17,Transportation
4518,Movie,2024-02-25,4047.18,Entertainment
4519,VPN,2024-02-22,1251.79,Communication
4520,Yoga,2024-02-11,8276.35,Sports
4521,Lottery,2024-02-24,8999.10,Others
4522,Amusement Park,2024-02-24,8792.22,Entertainment
4523,Rental Car,2024-02-02,4338.06,Travel
4524,VPN,2024-02-24,5352.83,Communication
4525,Mortgage,2024-02-09,8500.31,Home
4526,Pen,2024-02-06,4069.49,Education
4527,Amusement Park,2024-02-13,2214.59,Entertainment
4528,Cafe,2024-02-07,5558.12,Food
4529,Vegetables,2024-02-03,9261.54,Food
4530,Subscription,2024-02-02,8373.00,Communication
4531,Fast Food,2024-02-26,9624.11,Food
4532,Notebook,2024-02-07,8157.60,Education
4533,Hospital Bill,2024-02-17,8453.31,Medical
4534,Socks,2024-02-03,6815.32,Clothing
4535,Drinks,2024-02-04,8760.94,Food
4536,Cleaning,2024-02-08,3863.10,Home
4537,Insurance,2024-02-27,544.78,Medical
4538,Pen,2024-02-09,5995.82,Education
4539,Exam Fee,2024-02-09,2573.73,Education
4540,VPN,2024-02-02,2910.66,Communication
4541,Notebook,2024-02-15,3146.88,Education
4542,Charity,2024-02-14,9141.65,Others
4543,Belt,2024-02-25,9578.07,Clothing
4544,Electricity,2024-02-18,3388.57,Home
4545,Calling Card,2024-02-19,2830.49,Communication
4546,Pen,2024-02-14,2155.55,Education
4547,Football,2024-02-12,3402.74,Sports
4548,Club,2024-02-07,8318.56,Entertainment
4549,Vaccination,2024-02-06,4062.03,Medical
4550,Sports Event,2024-02-23,1397.30,Entertainment
4551,Concert,2024-02-09,6193.89,Entertainment
4552,Internet,2024-02-05,205.03,Communication
4553,Bicycle,2024-02-26,7053.49,Transportation
4554,Cruise,2024-02-07,2111.48,Travel
4555,Gym,2024-02-18,908.99,Sports
4556,Parking,2024-02-13,9111.76,Transportation
4557,Tuition,2024-02-24,7074.88,Education
4558,Gym,2024-02-09,7601.48,Sports
4559,Hat,2024-02-22,7835.64,Clothing
4560,Pen,2024-02-21,5283.51,Education
4561,Medicine,2024-02-13,5485.75,Medical
4562,Travel Insurance,2024-02-21,9926.61,Travel
4563,Lottery,2024-02-10,4643.78,Others
4564,Medicine,2024-02-09,7688.13,Medical
4565,Vegetables,2024-02-11,2940.23,Food
4566,Vegetables,2024-02-08,3742.46,Food
4567,SIM Card,2024-02-27,2452.51,Communication
4568,Toll,2024-02-21,9203.95,Transportation
4569,Amusement Park,2024-02-02,9737.37,Entertainment
4570,Furniture,2024-02-19,1360.87,Home
4571,Eye Exam,2024-02-08,7474.14,Medical
4572,Toll,2024-02-19,2912.95,Transportation
4573,Theater,2024-02-25,5237.55,Entertainment
4574,Toll,2024-02-02,2398.05,Transportation
4575,Security,2024-02-16,776.18,Others
4576,Shirt,2024-02-14,7592.96,Clothing
4577,VPN,2024-02-09,4589.68,Communication
4578,Gym,2024-02-04,2941.47,Sports
4579,Concert,2024-02-12,2007.01,Entertainment
4580,Taxi,2024-02-02,9588.81,Transportation
4581,Charity,2024-02-02,8674.08,Others
4582,Stationery,2024-02-22,5668.70,Education
4583,Gym,2024-02-22,1390.19,Sports
4584,Metro,2024-02-04,1958.73,Transportation
4585,SIM Card,2024-02-14,6656.93,Communication
4586,Belt,2024-02-21,8154.09,Clothing
4587,Cafe,2024-02-25,429.22,Food
4588,Scarf,2024-02-19,9416.52,Clothing
4589,Electricity,2024-02-15,5015.89,Home
4590,Running,2024-02-05,3519.71,Sports
4591,Eye Exam,2024-02-28,5975.57,Medical
4592,Drinks,2024-02-02,7491.11,Food
4593,Hat,2024-02-27,20.95,Clothing
4594,Postage,2024-02-14,863.69,Communication
4595,Workshop,2024-02-04,84.87,Education
4596,Theater,2024-02-28,104.16,Entertainment
4597,Bicycle,2024-02-20,6951.61,Transportation
4598,Rent,2024-02-06,4461.33,Home
4599,Eye Exam,2024-02-23,2325.79,Medical
4600,Dental Check,2024-02-15,8700.25,Medical
4601,Taxi,2024-03-07,7726.22,Transportation
4602,Workshop,2024-03-19,5143.08,Education
4603,Pen,2024-03-23,4057.12,Education
4604,Drinks,2024-03-05,8801.29,Food
4605,Therapy,2024-03-07,2056.80,Medical
4606,Pen,2024-03-17,6584.72,Education
4607,Delivery,2024-03-10,4394.31,Food
4608,SIM Card,2024-03-16,7450.06,Communication
4609,Drinks,2024-03-05,7394.09,Food
4610,Travel Insurance,2024-03-25,2681.84,Travel
4611,Scooter,2024-03-26,5423.42,Transportation
4612,Insurance,2024-03-10,117.61,Medical
4613,Game,2024-03-08,5844.80,Entertainment
4614,Postage,2024-03-05,9193.58,Communication
4615,Subscription,2024-03-01,5351.57,Communication
4616,Rent,2024-03-22,5342.39,Home
4617,Tuition,2024-03-25,4731.04,Education
4618,Basketball,2024-03-14,2814.85,Sports
4619,Pen,2024-03-15,9328.87,Education
4620,Backpack,2024-03-26,5574.32,Education
4621,Snacks,2024-03-17,1118.24,Food
4622,Shirt,2024-03-14,8410.56,Clothing
4623,Basketball,2024-03-26,5509.49,Sports
4624,Scarf,2024-03-21,6083.00,Clothing
4625,Metro,2024-03-06,8084.20,Transportation
4626,Metro,2024-03-26,3667.12,Transportation
4627,Yoga,2024-03-25,9265.20,Sports
4628,Electricity,2024-03-05,6163.95,Home
4629,Parking,2024-03-16,2244.70,Transportation
4630,Movie,2024-03-20,3604.00,Entertainment
4631,Insurance,2024-03-07,9935.60,Medical
4632,Parking,2024-03-13,3490.42,Transportation
4633,Appliance,2024-03-05,9419.89,Home
4634,Surgery,2024-03-18,3298.69,Medical
4635,Therapy,2024-03-11,8681.00,Medical
4636,Toll,2024-03-03,732.58,Transportation
4637,Fuel,2024-03-28,743.21,Travel
4638,Delivery,2024-03-09,6772.01,Food
4639,Bicycle,2024-03-15,1742.65,Transportation
4640,Notebook,2024-03-13,6242.04,Education
4641,Backpack,2024-03-13,1323.34,Education
4642,Doctor Visit,2024-03-02,8899.08,Medical
4643,Rent,2024-03-14,1276.84,Home
4644,Game,2024-03-17,7391.12,Entertainment
4645,Swimming,2024-03-23,917.98,Sports
4646,Tennis,2024-03-20,5855.25,Sports
4647,Amusement Park,2024-03-27,2632.93,Entertainment
4648,Coat,2024-03-19,4146.84,Clothing
4649,Gym,2024-03-09,4818.60,Sports
4650,Eye Exam,2024-03-07,2496.33,Medical
4651,Travel Insurance,2024-03-13,3933.67,Travel
4652,Shoes,2024-03-20,7720.50,Clothing
4653,Train,2024-03-14,734.51,Travel
4654,Doctor Visit,2024-03-19,684.42,Medical
4655,Seminar,2024-03-08,4657.82,Education
4656,Taxi,2024-03-22,5357.20,Transportation
4657,Game,2024-03-23,2306.60,Entertainment
4658,Hat,2024-03-01,1486.69,Clothing
4659,Internet,2024-03-07,6620.46,Communication
4660,Snacks,2024-03-26,545.92,Food
4661,Mortgage,2024-03-03,5876.23,Home
4662,Water Bill,2024-03-01,5596.53,Home
4663,Charity,2024-03-20,4079.63,Others
4664,Ride Sharing,2024-03-03,2543.33,Transportation
4665,Rent,2024-03-26,7413.22,Home
4666,Security,2024-03-15,8438.54,Others
4667,Bicycle,2024-03-14,4105.83,Transportation
4668,Water Bill,2024-03-01,4768.84,Home
4669,Meat,2024-03-05,8254.38,Food
4670,Pen,2024-03-13,2590.27,Education
4671,Lottery,2024-03-21,3266.92,Others
4672,Vegetables,2024-03-24,2372.07,Food
4673,Pet,2024-03-09,3563.15,Others
4674,Fuel,2024-03-17,863.90,Transportation
4675,Phone Bill,2024-03-14,650.86,Communication
4676,Gas,2024-03-15,9222.42,Home
4677,Train,2024-03-06,8912.53,Transportation
4678,Toll,2024-03-27,7614.87,Transportation
4679,Concert,2024-03-28,4968.96,Entertainment
4680,Fuel,2024-03-26,1512.87,Travel
4681,Internet,2024-03-18,6378.23,Home
4682,Doctor Visit,2024-03-14,6189.63,Medical
4683,Karaoke,2024-03-26,3372.42,Entertainment
4684,Maintenance,2024-03-07,74.27,Home
4685,Online Course,2024-03-08,5777.27,Education
4686,Game,2024-03-23,3820.37,Entertainment
4687,Yoga,2024-03-18,574.03,Sports
4688,Taxi,2024-03-09,4447.43,Transportation
4689,Jacket,2024-03-06,344.82,Clothing
4690,Accessories,2024-03-21,9808.47,Others
4691,Fitness Class,2024-03-20,3064.39,Sports
4692,Vaccination,2024-03-05,4213.41,Medical
4693,Pen,2024-03-11,2038.17,Education
4694,Mortgage,2024-03-19,2491.57,Home
4695,Postage,2024-03-01,546.17,Communication
4696,Seminar,2024-03-25,6505.52,Education
4697,VPN,2024-03-10,5814.38,Communication
4698,Running,2024-03-21,4737.16,Sports
4699,Notebook,2024-03-26,6559.21,Education
4700,Swimming,2024-03-12,8954.31,Sports
4701,Dental Check,2024-04-24,3889.36,Medical
4702,Mobile Recharge,2024-04-22,2066.84,Communication
4703,VPN,2024-04-11,5378.52,Communication
4704,Football,2024-04-25,9174.53,Sports
4705,Fitness Class,2024-04-09,140.51,Sports
4706,Coat,2024-04-20,5067.28,Clothing
4707,Jacket,2024-04-06,8445.43,Clothing
4708,Snacks,2024-04-15,6783.36,Food
4709,Stationery,2024-04-23,7297.65,Education
4710,Cleaning,2024-04-13,1055.93,Home
4711,Electricity,2024-04-01,1251.89,Home
4712,Notebook,2024-04-17,3542.97,Education
4713,Electricity,2024-04-10,1305.85,Home
4714,Internet,2024-04-08,8484.02,Home
4715,Sports Event,2024-04-07,8509.95,Entertainment
4716,Scooter,2024-04-12,5518.12,Transportation
4717,Exam Fee,2024-04-25,986.61,Education
4718,Swimming,2024-04-18,2266.65,Sports
4719,Online Course,2024-04-03,2756.04,Education
4720,Medicine,2024-04-22,3146.37,Medical
4721,Eye Exam,2024-04-21,318.42,Medical
4722,Subscription,2024-04-22,1229.53,Communication
4723,Dress,2024-04-23,9338.49,Clothing
4724,Exam Fee,2024-04-18,5139.11,Education
4725,Online Course,2024-04-23,5100.45,Education
4726,Pen,2024-04-18,140.74,Education
4727,Football,2024-04-20,602.63,Sports
4728,Pen,2024-04-06,2250.31,Education
4729,Electricity,2024-04-21,9391.39,Home
4730,Fruits,2024-04-07,4430.21,Food
4731,Theater,2024-04-04,133.20,Entertainment
4732,Books,2024-04-17,2666.89,Education
4733,Train,2024-04-19,6070.63,Transportation
4734,Belt,2024-04-25,9302.51,Clothing
4735,Tuition,2024-04-22,4535.04,Education
4736,Doctor Visit,2024-04-08,5342.63,Medical
4737,Bus,2024-04-23,7014.40,Transportation
4738,Football,2024-04-12,9245.10,Sports
4739,Delivery,2024-04-08,7130.27,Food
4740,Fuel,2024-04-23,9226.86,Travel
4741,Bus,2024-04-20,4696.63,Transportation
4742,Groceries,2024-04-19,5016.87,Food
4743,Gas,2024-04-27,5702.51,Home
4744,Fuel,2024-04-23,6056.74,Travel
4745,Ride Sharing,2024-04-27,4927.24,Transportation
4746,Visa Fee,2024-04-14,5194.98,Travel
4747,Eye Exam,2024-04-18,433.81,Medical
4748,Appliance,2024-04-01,9735.39,Home
4749,Online Course,2024-04-04,3060.66,Education
4750,Therapy,2024-04-07,5835.81,Medical
4751,Cafe,2024-04-22,1000.20,Food
4752,Internet,2024-04-19,1472.81,Home
4753,Bank Fee,2024-04-06,1974.64,Others
4754,Train,2024-04-05,1351.02,Travel
4755,VPN,2024-04-08,2728.32,Communication
4756,Charity,2024-04-27,9938.29,Others
4757,Notebook,2024-04-17,4422.49,Education
4758,Notebook,2024-04-10,926.08,Education
4759,Books,2024-04-17,2560.95,Education
4760,Fuel,2024-04-13,8490.67,Travel
4761,Bank Fee,2024-04-01,1470.16,Others
4762,Belt,2024-04-27,1632.79,Clothing
4763,Charity,2024-04-18,6677.83,Others
4764,Lottery,2024-04-24,5244.79,Others
4765,Water Bill,2024-04-17,6967.55,Home
4766,Fitness Class,2024-04-28,6251.64,Sports
4767,Roaming,2024-04-18,1903.88,Communication
4768,Eye Exam,2024-04-18,3370.95,Medical
4769,Therapy,2024-04-20,169.36,Medical
4770,Flight,2024-04-27,5580.24,Travel
4771,Medicine,2024-04-10,5715.16,Medical
4772,Accessories,2024-04-03,7932.66,Others
4773,Fitness Class,2024-04-19,4480.97,Sports
4774,Basketball,2024-04-08,6412.39,Sports
4775,Football,2024-04-05,9776.30,Sports
4776,Storage,2024-04-13,9829.18,Others
4777,Toll,2024-04-21,9432.50,Travel
4778,Data Plan,2024-04-27,6494.29,Communication
4779,Train,2024-04-22,3777.53,Transportation
4780,Gas,2024-04-25,1844.23,Home
4781,Belt,2024-04-13,6984.30,Clothing
4782,Belt,2024-04-04,9633.06,Clothing
4783,Ride Sharing,2024-04-15,3887.99,Transportation
4784,Charity,2024-04-04,9610.09,Others
4785,Eye Exam,2024-04-23,6153.43,Medical
4786,Appliance,2024-04-05,6996.75,Home
4787,Ride Sharing,2024-04-02,9391.96,Transportation
4788,Bank Fee,2024-04-25,7376.86,Others
4789,Storage,2024-04-24,4974.68,Others
4790,Game,2024-04-05,2077.93,Entertainment
4791,Pet,2024-04-15,4824.84,Others
4792,Belt,2024-04-15,7813.42,Clothing
4793,Drinks,2024-04-25,3876.65,Food
4794,Electricity,2024-04-20,9008.37,Home
4795,Football,2024-04-12,5845.26,Sports
4796,Metro,2024-04-11,7092.61,Transportation
4797,Gas,2024-04-09,5562.23,Home
4798,Snacks,2024-04-12,8327.80,Food
4799,Postage,2024-04-09,2143.99,Communication
4800,Books,2024-04-12,4764.17,Education
4801,Health Check,2024-05-26,3463.84,Medical
4802,Notebook,2024-05-11,1796.90,Education
4803,Fruits,2024-05-18,7283.23,Food
4804,Surgery,2024-05-09,879.28,Medical
4805,Hospital Bill,2024-05-14,4223.18,Medical
4806,Backpack,2024-05-07,3887.65,Education
4807,Furniture,2024-05-03,8063.47,Home
4808,Cruise,2024-05-14,2321.75,Travel
4809,Cafe,2024-05-21,5081.72,Food
4810,Restaurant,2024-05-26,1243.55,Food
4811,Swimming,2024-05-02,2724.86,Sports
4812,Concert,2024-05-06,2114.91,Entertainment
4813,Stationery,2024-05-20,2182.92,Education
4814,Equipment,2024-05-12,7610.34,Sports
4815,Books,2024-05-17,8629.44,Education
4816,Roaming,2024-05-10,8560.34,Communication
4817,Scarf,2024-05-05,208.50,Clothing
4818,Hospital Bill,2024-05-22,9584.15,Medical
4819,Visa Fee,2024-05-12,1686.32,Travel
4820,Train,2024-05-15,8496.24,Transportation
4821,Roaming,2024-05-26,3329.82,Communication
4822,Delivery,2024-05-07,9591.90,Food
4823,Furniture,2024-05-04,4116.55,Home
4824,Streaming Service,2024-05-01,4632.98,Entertainment
4825,Accessories,2024-05-22,7059.43,Others
4826,Accessories,2024-05-11,736.86,Others
4827,Health Check,2024-05-25,2014.93,Medical
4828,Bank Fee,2024-05-05,6599.05,Others
4829,Shirt,2024-05-01,6212.05,Clothing
4830,Running,2024-05-11,1549.92,Sports
4831,Game,2024-05-28,3278.50,Entertainment
4832,Data Plan,2024-05-02,7873.53,Communication
4833,Lottery,2024-05-01,5622.64,Others
4834,Club,2024-05-13,1712.98,Entertainment
4835,Theater,2024-05-03,355.75,Entertainment
4836,Fuel,2024-05-23,1979.03,Travel
4837,Meat,2024-05-04,9194.69,Food
4838,Fast Food,2024-05-12,5481.46,Food
4839,Ride Sharing,2024-05-27,1556.66,Transportation
4840,Surgery,2024-05-02,5248.43,Medical
4841,Delivery,2024-05-25,8482.47,Food
4842,Donation,2024-05-21,2215.15,Others
4843,Parking,2024-05-15,8684.19,Transportation
4844,Notebook,2024-05-23,5083.97,Education
4845,Hospital Bill,2024-05-09,1251.08,Medical
4846,Stationery,2024-05-02,9200.84,Education
4847,Health Check,2024-05-07,8508.30,Medical
4848,Visa Fee,2024-05-07,8116.45,Travel
4849,Online Course,2024-05-07,9185.35,Education
4850,Seminar,2024-05-25,1439.68,Education
4851,Jeans,2024-05-15,2884.06,Clothing
4852,Calling Card,2024-05-23,4607.00,Communication
4853,Storage,2024-05-17,6011.33,Others
4854,Hotel,2024-05-24,5289.20,Travel
4855,Appliance,2024-05-01,1207.94,Home
4856,Shoes,2024-05-04,6232.15,Clothing
4857,Jacket,2024-05-03,1926.53,Clothing
4858,Dress,2024-05-03,6150.79,Clothing
4859,Pet,2024-05-18,4620.53,Others
4860,Stationery,2024-05-26,1551.43,Education
4861,Flight,2024-05-20,9629.91,Travel
4862,Music Festival,2024-05-15,4010.09,Entertainment
4863,Backpack,2024-05-06,5853.70,Education
4864,Cruise,2024-05-13,9916.71,Travel
4865,Cycling,2024-05-02,4639.69,Sports
4866,Cafe,2024-05-12,9729.90,Food
4867,SIM Card,2024-05-04,5102.12,Communication
4868,Backpack,2024-05-17,1645.85,Education
4869,Toll,2024-05-09,359.80,Transportation
4870,Cycling,2024-05-12,7667.17,Sports
4871,Snacks,2024-05-13,7590.40,Food
4872,Pet,2024-05-11,5643.96,Others
4873,Cycling,2024-05-23,9937.36,Sports
4874,Calling Card,2024-05-25,3528.88,Communication
4875,Postage,2024-05-23,3094.98,Communication
4876,Postage,2024-05-04,1654.09,Communication
4877,Jeans,2024-05-19,4124.18,Clothing
4878,Internet,2024-05-26,9836.82,Home
4879,Electricity,2024-05-10,3802.63,Home
4880,Appliance,2024-05-12,1450.85,Home
4881,Jeans,2024-05-19,8432.76,Clothing
4882,Dress,2024-05-12,9859.10,Clothing
4883,Fruits,2024-05-13,5821.48,Food
4884,Fuel,2024-05-08,4609.30,Transportation
4885,Appliance,2024-05-24,9403.16,Home
4886,Bicycle,2024-05-20,8138.45,Transportation
4887,Roaming,2024-05-08,2914.87,Communication
4888,SIM Card,2024-05-18,6362.53,Communication
4889,Online Course,2024-05-04,2985.61,Education
4890,Tennis,2024-05-18,6457.51,Sports
4891,Gift,2024-05-07,5338.77,Others
4892,Lottery,2024-05-27,1316.54,Others
4893,Taxi,2024-05-20,6534.45,Travel
4894,Online Course,2024-05-22,8659.49,Education
4895,Sports Event,2024-05-15,9432.26,Entertainment
4896,Accessories,2024-05-20,7130.60,Others
4897,Seminar,2024-05-06,1752.82,Education
4898,Postage,2024-05-21,1583.13,Communication
4899,Shoes,2024-05-26,7028.13,Clothing
4900,Belt,2024-05-17,4854.68,Clothing
4901,Gas,2024-06-26,8268.74,Home
4902,Visa Fee,2024-06-01,2047.27,Travel
4903,Mobile Recharge,2024-06-06,4169.75,Communication
4904,Basketball,2024-06-24,9590.25,Sports
4905,Eye Exam,2024-06-23,3861.67,Medical
4906,Internet,2024-06-10,3833.27,Communication
4907,Maintenance,2024-06-21,8314.66,Home
4908,Travel Insurance,2024-06-21,6687.31,Travel
4909,Visa Fee,2024-06-20,3562.31,Travel
4910,Internet,2024-06-24,3772.74,Home
4911,Karaoke,2024-06-17,1246.77,Entertainment
4912,Pet,2024-06-25,18.07,Others
4913,Phone Bill,2024-06-15,944.64,Communication
4914,Workshop,2024-06-21,9353.05,Education
4915,Karaoke,2024-06-21,387.16,Entertainment
4916,Visa Fee,2024-06-22,5780.37,Travel
4917,Scarf,2024-06-08,6152.59,Clothing
4918,Storage,2024-06-13,5325.93,Others
4919,Shirt,2024-06-14,734.39,Clothing
4920,Data Plan,2024-06-15,6624.03,Communication
4921,Phone Bill,2024-06-15,530.40,Communication
4922,Backpack,2024-06-16,3444.80,Education
4923,Train,2024-06-26,3176.20,Travel
4924,Roaming,2024-06-14,1515.06,Communication
4925,Sports Event,2024-06-27,918.24,Entertainment
4926,Therapy,2024-06-28,1912.38,Medical
4927,Belt,2024-06-17,1514.10,Clothing
4928,Shirt,2024-06-04,1609.42,Clothing
4929,Mobile Recharge,2024-06-17,1692.32,Communication
4930,Cycling,2024-06-22,4051.86,Sports
4931,Internet,2024-06-14,8170.94,Home
4932,Cruise,2024-06-21,7186.04,Travel
4933,Seminar,2024-06-23,2220.97,Education
4934,Eye Exam,2024-06-19,9511.56,Medical
4935,Scooter,2024-06-06,3327.04,Transportation
4936,Medicine,2024-06-18,8582.99,Medical
4937,Scarf,2024-06-24,8799.98,Clothing
4938,VPN,2024-06-10,8859.42,Communication
4939,Internet,2024-06-15,1651.37,Home
4940,Bicycle,2024-06-08,7183.26,Transportation
4941,Exam Fee,2024-06-20,3191.25,Education
4942,Internet,2024-06-14,1762.81,Communication
4943,Vegetables,2024-06-09,4313.77,Food
4944,Train,2024-06-12,9319.99,Travel
4945,Electricity,2024-06-08,5246.42,Home
4946,Snacks,2024-06-11,3381.48,Food
4947,Security,2024-06-24,7549.45,Others
4948,Amusement Park,2024-06-13,9726.25,Entertainment
4949,Basketball,2024-06-08,7646.83,Sports
4950,Bank Fee,2024-06-02,2428.32,Others
4951,Tuition,2024-06-08,3324.09,Education
4952,Shirt,2024-06-18,772.31,Clothing
4953,Hat,2024-06-15,9128.66,Clothing
4954,Health Check,2024-06-15,8086.70,Medical
4955,Cycling,2024-06-23,712.68,Sports
4956,Calling Card,2024-06-20,4576.26,Communication
4957,Cleaning,2024-06-19,9127.99,Home
4958,Taxi,2024-06-01,4896.11,Transportation
4959,Ride Sharing,2024-06-10,5037.24,Transportation
4960,Exam Fee,2024-06-15,915.44,Education
4961,Shoes,2024-06-06,2206.97,Clothing
4962,Cycling,2024-06-12,8586.51,Sports
4963,Tuition,2024-06-21,8332.54,Education
4964,Parking,2024-06-16,862.93,Transportation
4965,Amusement Park,2024-06-21,8406.07,Entertainment
4966,Socks,2024-06-08,7400.94,Clothing
4967,Dress,2024-06-13,8822.56,Clothing
4968,Swimming,2024-06-12,2725.24,Sports
4969,Snacks,2024-06-07,6162.98,Food
4970,Movie,2024-06-03,5184.64,Entertainment
4971,Amusement Park,2024-06-11,6472.44,Entertainment
4972,Dress,2024-06-01,7301.10,Clothing
4973,Toll,2024-06-03,5278.31,Transportation
4974,Exam Fee,2024-06-15,6188.78,Education
4975,Taxi,2024-06-25,2374.84,Travel
4976,Drinks,2024-06-22,478.18,Food
4977,Taxi,2024-06-07,7344.56,Travel
4978,Vegetables,2024-06-24,3860.85,Food
4979,Streaming Service,2024-06-22,2883.91,Entertainment
4980,Snacks,2024-06-23,9356.45,Food
4981,Furniture,2024-06-24,6002.86,Home
4982,Water Bill,2024-06-07,7920.89,Home
4983,Dress,2024-06-14,7287.83,Clothing
4984,Ride Sharing,2024-06-09,9395.03,Transportation
4985,Notebook,2024-06-26,6519.69,Education
4986,Security,2024-06-08,3675.07,Others
4987,Postage,2024-06-04,8028.77,Communication
4988,Gas,2024-06-18,8783.88,Home
4989,Karaoke,2024-06-08,9128.76,Entertainment
4990,Exam Fee,2024-06-19,4607.33,Education
4991,Flight,2024-06-17,4816.02,Travel
4992,Vegetables,2024-06-26,6869.61,Food
4993,Internet,2024-06-15,9240.42,Home
4994,Health Check,2024-06-23,1468.79,Medical
4995,Belt,2024-06-18,2392.47,Clothing
4996,Rental Car,2024-06-22,3305.36,Travel
4997,Vaccination,2024-06-04,5693.99,Medical
4998,Books,2024-06-11,7620.32,Education
4999,Cruise,2024-06-22,8982.83,Travel
5000,Lottery,2024-06-27,234.55,Others
5001,Meat,2024-07-17,2684.79,Food
5002,Sports Event,2024-07-04,6138.43,Entertainment
5003,Theater,2024-07-21,1242.45,Entertainment
5004,Dental Check,2024-07-18,4496.57,Medical
5005,Bus,2024-07-21,5399.92,Transportation
5006,Stationery,2024-07-18,2177.70,Education
5007,Ride Sharing,2024-07-20,2850.05,Transportation
5008,Fast Food,2024-07-05,218.18,Food
5009,Train,2024-07-09,1842.41,Transportation
5010,Dental Check,2024-07-14,9299.47,Medical
5011,Medicine,2024-07-12,9577.81,Medical
5012,Electricity,2024-07-05,1811.23,Home
5013,Bus,2024-07-14,1777.04,Transportation
5014,Accessories,2024-07-27,5528.80,Others
5015,Pen,2024-07-12,8705.74,Education
5016,Mobile Recharge,2024-07-06,1879.33,Communication
5017,Gift,2024-07-12,6940.66,Others
5018,Bicycle,2024-07-18,2147.32,Transportation
5019,Toll,2024-07-07,1562.09,Transportation
5020,Water Bill,2024-07-17,9342.72,Home
5021,Snacks,2024-07-25,5599.61,Food
5022,Cruise,2024-07-02,4974.03,Travel
5023,Notebook,2024-07-14,1099.91,Education
5024,Bicycle,2024-07-01,3189.12,Transportation
5025,Fast Food,2024-07-06,5460.83,Food
5026,Mortgage,2024-07-12,7253.64,Home
5027,Lottery,2024-07-14,9807.66,Others
5028,Fruits,2024-07-24,2664.45,Food
5029,Eye Exam,2024-07-12,4893.66,Medical
5030,Online Course,2024-07-21,6493.38,Education
5031,Laundry,2024-07-21,5433.62,Others
5032,Workshop,2024-07-24,4743.91,Education
5033,Medicine,2024-07-25,1419.76,Medical
5034,Surgery,2024-07-15,2389.33,Medical
5035,Furniture,2024-07-05,5065.24,Home
5036,Internet,2024-07-13,2548.47,Communication
5037,Cruise,2024-07-12,251.05,Travel
5038,Mobile Recharge,2024-07-13,8039.73,Communication
5039,Hotel,2024-07-18,4703.22,Travel
5040,Football,2024-07-15,1997.95,Sports
5041,Books,2024-07-18,3165.30,Education
5042,Amusement Park,2024-07-28,2863.81,Entertainment
5043,Visa Fee,2024-07-02,3704.87,Travel
5044,Dress,2024-07-07,3559.41,Clothing
5045,Meat,2024-07-20,1406.92,Food
5046,Laundry,2024-07-10,5249.68,Others
5047,Lottery,2024-07-13,9787.15,Others
5048,Storage,2024-07-27,4206.83,Others
5049,Fruits,2024-07-09,6894.59,Food
5050,Game,2024-07-04,5198.88,Entertainment
5051,Jacket,2024-07-23,7521.11,Clothing
5052,Charity,2024-07-24,389.02,Others
5053,SIM Card,2024-07-11,7332.45,Communication
5054,SIM Card,2024-07-27,6885.01,Communication
5055,Fitness Class,2024-07-03,2028.28,Sports
5056,Scooter,2024-07-15,4118.92,Transportation
5057,Restaurant,2024-07-01,8805.16,Food
5058,Laundry,2024-07-11,1138.20,Others
5059,Dental Check,2024-07-17,3527.97,Medical
5060,Gift,2024-07-05,3001.16,Others
5061,VPN,2024-07-10,453.37,Communication
5062,Shirt,2024-07-08,2072.02,Clothing
5063,Metro,2024-07-25,5345.39,Transportation
5064,SIM Card,2024-07-17,8039.20,Communication
5065,Game,2024-07-10,1188.44,Entertainment
5066,Hat,2024-07-11,6843.95,Clothing
5067,Jacket,2024-07-21,8610.43,Clothing
5068,Delivery,2024-07-21,8638.79,Food
5069,Coat,2024-07-06,8811.04,Clothing
5070,Lottery,2024-07-01,8791.29,Others
5071,Bank Fee,2024-07-09,8697.39,Others
5072,Accessories,2024-07-21,5826.88,Others
5073,Theater,2024-07-16,3566.96,Entertainment
5074,Surgery,2024-07-09,5008.54,Medical
5075,Online Course,2024-07-23,8963.70,Education
5076,Theater,2024-07-12,4151.12,Entertainment
5077,Vegetables,2024-07-09,2168.67,Food
5078,Movie,2024-07-25,8650.97,Entertainment
5079,Toll,2024-07-07,8466.23,Transportation
5080,Basketball,2024-07-06,676.39,Sports
5081,Delivery,2024-07-05,7899.41,Food
5082,Toll,2024-07-14,1636.39,Travel
5083,Football,2024-07-14,4464.52,Sports
5084,Basketball,2024-07-16,8805.04,Sports
5085,VPN,2024-07-24,2396.30,Communication
5086,Coat,2024-07-28,4072.73,Clothing
5087,Swimming,2024-07-25,9820.16,Sports
5088,Concert,2024-07-23,4311.09,Entertainment
5089,Furniture,2024-07-25,7739.74,Home
5090,Medicine,2024-07-06,6460.48,Medical
5091,Snacks,2024-07-16,552.96,Food
5092,Pen,2024-07-19,1947.59,Education
5093,Game,2024-07-25,1992.80,Entertainment
5094,Notebook,2024-07-22,8029.86,Education
5095,Fruits,2024-07-25,5660.36,Food
5096,Basketball,2024-07-10,8022.69,Sports
5097,Basketball,2024-07-05,2711.54,Sports
5098,Jacket,2024-07-27,3394.04,Clothing
5099,Notebook,2024-07-02,6660.10,Education
5100,Cafe,2024-07-11,8579.53,Food
5101,Meat,2024-08-02,5372.70,Food
5102,Online Course,2024-08-27,3625.71,Education
5103,Mortgage,2024-08-17,9836.23,Home
5104,Phone Bill,2024-08-07,7116.96,Communication
5105,Groceries,2024-08-26,386.48,Food
5106,Cruise,2024-08-09,6415.21,Travel
5107,Laundry,2024-08-18,1938.86,Others
5108,Bank Fee,2024-08-26,3286.69,Others
5109,Rent,2024-08-10,39.09,Home
5110,Calling Card,2024-08-15,2770.77,Communication
5111,Streaming Service,2024-08-10,7627.33,Entertainment
5112,Books,2024-08-25,7976.25,Education
5113,Pen,2024-08-11,6213.46,Education
5114,Gym,2024-08-28,9795.39,Sports
5115,SIM Card,2024-08-13,6117.61,Communication
5116,Concert,2024-08-11,1169.91,Entertainment
5117,Train,2024-08-20,6339.59,Transportation
5118,Online Course,2024-08-18,3976.65,Education
5119,Therapy,2024-08-10,3447.06,Medical
5120,Storage,2024-08-05,4611.91,Others
5121,Flight,2024-08-03,7481.43,Travel
5122,VPN,2024-08-26,8448.95,Communication
5123,Accessories,2024-08-27,4455.71,Others
5124,Dress,2024-08-16,2240.03,Clothing
5125,Charity,2024-08-09,2063.95,Others
5126,Shoes,2024-08-24,6470.52,Clothing
5127,Sports Event,2024-08-13,2144.54,Entertainment
5128,Parking,2024-08-10,1803.67,Transportation
5129,Phone Bill,2024-08-16,8364.61,Communication
5130,Yoga,2024-08-04,2508.10,Sports
5131,Yoga,2024-08-05,7656.38,Sports
5132,Restaurant,2024-08-08,3445.90,Food
5133,Running,2024-08-16,9453.10,Sports
5134,Seminar,2024-08-20,6487.28,Education
5135,Tuition,2024-08-24,6336.60,Education
5136,Travel Insurance,2024-08-13,2812.25,Travel
5137,Fitness Class,2024-08-25,7106.76,Sports
5138,Cruise,2024-08-18,6555.37,Travel
5139,Phone Bill,2024-08-17,5218.64,Communication
5140,Internet,2024-08-24,7327.45,Communication
5141,Scooter,2024-08-28,7368.39,Transportation
5142,Rent,2024-08-05,3399.74,Home
5143,Postage,2024-08-07,3574.01,Communication
5144,Online Course,2024-08-03,2245.22,Education
5145,Game,2024-08-07,7725.71,Entertainment
5146,Travel Insurance,2024-08-22,5933.49,Travel
5147,Subscription,2024-08-15,8290.92,Communication
5148,Movie,2024-08-25,3613.85,Entertainment
5149,Internet,2024-08-07,5157.58,Home
5150,Security,2024-08-13,4801.11,Others
5151,Roaming,2024-08-05,8062.37,Communication
5152,Snacks,2024-08-12,2552.62,Food
5153,Meat,2024-08-03,4470.25,Food
5154,Groceries,2024-08-15,7471.52,Food
5155,Ride Sharing,2024-08-16,2987.75,Transportation
5156,Books,2024-08-23,4240.28,Education
5157,Metro,2024-08-12,1023.16,Transportation
5158,Train,2024-08-03,6793.42,Travel
5159,Mortgage,2024-08-24,1885.39,Home
5160,Bicycle,2024-08-08,9143.82,Transportation
5161,Running,2024-08-27,3831.57,Sports
5162,Appliance,2024-08-14,8497.91,Home
5163,Seminar,2024-08-14,3119.17,Education
5164,Bus,2024-08-24,754.68,Transportation
5165,Taxi,2024-08-11,7798.01,Travel
5166,Cafe,2024-08-04,2081.73,Food
5167,Karaoke,2024-08-08,2264.90,Entertainment
5168,Hat,2024-08-11,1381.06,Clothing
5169,Data Plan,2024-08-02,4595.30,Communication
5170,Game,2024-08-11,3030.02,Entertainment
5171,Taxi,2024-08-24,2314.70,Transportation
5172,Charity,2024-08-15,9532.28,Others
5173,Internet,2024-08-14,3992.36,Communication
5174,Tennis,2024-08-12,650.66,Sports
5175,Tennis,2024-08-10,2185.57,Sports
5176,Appliance,2024-08-27,6467.69,Home
5177,SIM Card,2024-08-09,4805.93,Communication
5178,Toll,2024-08-21,9647.17,Transportation
5179,Hat,2024-08-22,8226.15,Clothing
5180,Gas,2024-08-21,2424.13,Home
5181,Basketball,2024-08-28,8935.24,Sports
5182,Phone Bill,2024-08-12,3801.33,Communication
5183,Cafe,2024-08-24,8049.58,Food
5184,Cleaning,2024-08-27,1836.75,Home
5185,Appliance,2024-08-19,6789.44,Home
5186,Gym,2024-08-24,8982.48,Sports
5187,Metro,2024-08-15,5468.14,Transportation
5188,Fitness Class,2024-08-20,7812.49,Sports
5189,Therapy,2024-08-22,4347.94,Medical
5190,Karaoke,2024-08-11,7991.41,Entertainment
5191,Fast Food,2024-08-15,7481.27,Food
5192,Shoes,2024-08-12,8283.47,Clothing
5193,Shirt,2024-08-28,48.37,Clothing
5194,Game,2024-08-26,1396.87,Entertainment
5195,Mortgage,2024-08-08,2076.30,Home
5196,Charity,2024-08-11,6534.16,Others
5197,Bicycle,2024-08-03,3398.37,Transportation
5198,Rental Car,2024-08-03,2119.12,Travel
5199,Football,2024-08-13,6594.88,Sports
5200,Streaming Service,2024-08-23,6426.77,Entertainment
5201,Sports Event,2024-09-20,1885.12,Entertainment
5202,Security,2024-09-02,1198.92,Others
5203,Internet,2024-09-15,2046.90,Home
5204,Mobile Recharge,2024-09-24,6594.25,Communication
5205,Yoga,2024-09-02,1220.48,Sports
5206,Furniture,2024-09-18,5527.39,Home
5207,Fast Food,2024-09-18,1106.58,Food
5208,Music Festival,2024-09-12,5821.18,Entertainment
5209,Accessories,2024-09-19,2882.80,Others
5210,Workshop,2024-09-13,3400.82,Education
5211,Internet,2024-09-08,8443.12,Home
5212,Internet,2024-09-15,4297.56,Home
5213,Appliance,2024-09-14,2496.33,Home
5214,Calling Card,2024-09-15,1474.60,Communication
5215,Medicine,2024-09-27,7945.80,Medical
5216,Medicine,2024-09-08,2899.66,Medical
5217,Rental Car,2024-09-23,3592.91,Travel
5218,Metro,2024-09-10,4536.84,Transportation
5219,Amusement Park,2024-09-23,301.34,Entertainment
5220,Gas,2024-09-10,469.93,Home
5221,Running,2024-09-05,7804.96,Sports
5222,Bank Fee,2024-09-06,4129.06,Others
5223,Socks,2024-09-17,848.23,Clothing
5224,Visa Fee,2024-09-07,8416.13,Travel
5225,Rental Car,2024-09-15,4199.85,Travel
5226,Online Course,2024-09-02,4681.24,Education
5227,Maintenance,2024-09-05,9622.17,Home
5228,Football,2024-09-19,2815.73,Sports
5229,Equipment,2024-09-24,2339.25,Sports
5230,Fuel,2024-09-15,8641.96,Travel
5231,Charity,2024-09-28,8621.21,Others
5232,Cafe,2024-09-02,6171.29,Food
5233,Dress,2024-09-17,2711.25,Clothing
5234,Gym,2024-09-04,2026.56,Sports
5235,Basketball,2024-09-27,7941.87,Sports
5236,Jacket,2024-09-19,7691.08,Clothing
5237,Surgery,2024-09-13,9985.24,Medical
5238,Delivery,2024-09-11,6467.22,Food
5239,Flight,2024-09-06,8553.07,Travel
5240,Calling Card,2024-09-24,2494.02,Communication
5241,Toll,2024-09-17,4877.57,Travel
5242,Calling Card,2024-09-06,5310.74,Communication
5243,Scarf,2024-09-11,8048.43,Clothing
5244,Taxi,2024-09-26,4268.79,Transportation
5245,Cafe,2024-09-17,3844.31,Food
5246,Restaurant,2024-09-20,9072.92,Food
5247,Yoga,2024-09-14,2611.42,Sports
5248,Charity,2024-09-20,7580.46,Others
5249,Meat,2024-09-28,1375.64,Food
5250,Belt,2024-09-05,8076.14,Clothing
5251,Subscription,2024-09-09,2049.24,Communication
5252,Cycling,2024-09-24,2582.30,Sports
5253,Calling Card,2024-09-17,4847.40,Communication
5254,Concert,2024-09-11,7881.45,Entertainment
5255,Metro,2024-09-13,7443.40,Transportation
5256,Hospital Bill,2024-09-24,6593.14,Medical
5257,Rent,2024-09-09,9024.26,Home
5258,Cycling,2024-09-01,5913.18,Sports
5259,Dress,2024-09-16,2236.83,Clothing
5260,Ride Sharing,2024-09-14,5330.34,Transportation
5261,Maintenance,2024-09-05,6769.75,Home
5262,Game,2024-09-26,5034.05,Entertainment
5263,Taxi,2024-09-16,2011.27,Travel
5264,Coat,2024-09-03,1224.14,Clothing
5265,Cruise,2024-09-25,9001.92,Travel
5266,Notebook,2024-09-15,1418.25,Education
5267,Toll,2024-09-09,3219.98,Transportation
5268,Gym,2024-09-05,5631.50,Sports
5269,Maintenance,2024-09-25,3070.08,Home
5270,Vegetables,2024-09-07,7646.25,Food
5271,Running,2024-09-18,1875.81,Sports
5272,Postage,2024-09-14,2706.10,Communication
5273,Health Check,2024-09-26,583.39,Medical
5274,Subscription,2024-09-26,6273.94,Communication
5275,Toll,2024-09-07,2302.10,Transportation
5276,Socks,2024-09-19,4835.87,Clothing
5277,Backpack,2024-09-24,7492.48,Education
5278,Water Bill,2024-09-09,7466.80,Home
5279,Roaming,2024-09-04,2317.98,Communication
5280,Medicine,2024-09-19,7845.11,Medical
5281,Charity,2024-09-03,1523.81,Others
5282,Therapy,2024-09-02,6650.73,Medical
5283,Gift,2024-09-19,7009.58,Others
5284,Doctor Visit,2024-09-10,492.97,Medical
5285,Gas,2024-09-18,6284.11,Home
5286,Gift,2024-09-02,2034.15,Others
5287,Laundry,2024-09-12,6551.04,Others
5288,Scarf,2024-09-19,1213.41,Clothing
5289,Maintenance,2024-09-13,6301.04,Home
5290,Storage,2024-09-25,6831.21,Others
5291,Parking,2024-09-11,1560.56,Transportation
5292,Theater,2024-09-03,4007.33,Entertainment
5293,Streaming Service,2024-09-06,9214.23,Entertainment
5294,Fast Food,2024-09-11,274.12,Food
5295,Internet,2024-09-27,1433.82,Communication
5296,Scooter,2024-09-14,3490.19,Transportation
5297,Yoga,2024-09-03,698.53,Sports
5298,Fuel,2024-09-25,1254.57,Transportation
5299,Cycling,2024-09-07,3366.07,Sports
5300,Seminar,2024-09-18,1820.97,Education
5301,Exam Fee,2024-10-21,4502.55,Education
5302,Subscription,2024-10-21,2415.67,Communication
5303,Train,2024-10-06,4408.83,Transportation
5304,Internet,2024-10-02,5452.02,Communication
5305,Hospital Bill,2024-10-21,9851.52,Medical
5306,Cafe,2024-10-27,9284.72,Food
5307,Lottery,2024-10-26,1942.83,Others
5308,Surgery,2024-10-17,8762.71,Medical
5309,Delivery,2024-10-16,6251.01,Food
5310,Accessories,2024-10-18,1290.00,Others
5311,Club,2024-10-21,4110.61,Entertainment
5312,Exam Fee,2024-10-10,444.30,Education
5313,Rent,2024-10-04,9623.49,Home
5314,Movie,2024-10-01,5936.74,Entertainment
5315,Maintenance,2024-10-07,6246.01,Home
5316,Music Festival,2024-10-16,4821.03,Entertainment
5317,Taxi,2024-10-27,629.77,Transportation
5318,Ride Sharing,2024-10-25,5732.45,Transportation
5319,Therapy,2024-10-21,5581.81,Medical
5320,Exam Fee,2024-10-10,5703.10,Education
5321,Accessories,2024-10-08,9691.68,Others
5322,Workshop,2024-10-15,7144.14,Education
5323,Hat,2024-10-27,2276.16,Clothing
5324,Parking,2024-10-19,5281.42,Transportation
5325,Backpack,2024-10-27,1416.28,Education
5326,Maintenance,2024-10-22,4755.88,Home
5327,Travel Insurance,2024-10-12,4071.91,Travel
5328,Insurance,2024-10-16,9429.91,Medical
5329,Visa Fee,2024-10-28,4207.11,Travel
5330,Game,2024-10-23,8618.16,Entertainment
5331,Gas,2024-10-27,8415.23,Home
5332,Yoga,2024-10-11,8924.23,Sports
5333,Dress,2024-10-08,6925.42,Clothing
5334,Belt,2024-10-23,7797.02,Clothing
5335,Fitness Class,2024-10-12,6134.98,Sports
5336,Bus,2024-10-27,2644.57,Transportation
5337,Eye Exam,2024-10-17,8828.03,Medical
5338,Taxi,2024-10-21,667.55,Travel
5339,Meat,2024-10-19,2378.37,Food
5340,Appliance,2024-10-19,3093.91,Home
5341,Movie,2024-10-25,7469.79,Entertainment
5342,Movie,2024-10-26,8150.25,Entertainment
5343,Lottery,2024-10-11,467.41,Others
5344,Shoes,2024-10-16,8597.67,Clothing
5345,Taxi,2024-10-17,6924.45,Travel
5346,Yoga,2024-10-16,7833.11,Sports
5347,Health Check,2024-10-12,2470.16,Medical
5348,Online Course,2024-10-21,4105.73,Education
5349,Health Check,2024-10-02,8390.10,Medical
5350,Tuition,2024-10-03,5386.55,Education
5351,Bicycle,2024-10-13,4467.75,Transportation
5352,Gym,2024-10-20,3218.10,Sports
5353,Dental Check,2024-10-18,5199.76,Medical
5354,Mobile Recharge,2024-10-16,4951.78,Communication
5355,Drinks,2024-10-26,739.11,Food
5356,Equipment,2024-10-06,9827.80,Sports
5357,Shirt,2024-10-01,9441.73,Clothing
5358,Taxi,2024-10-17,5837.64,Transportation
5359,Electricity,2024-10-21,4362.92,Home
5360,Visa Fee,2024-10-26,149.83,Travel
5361,Bicycle,2024-10-03,2406.16,Transportation
5362,Gift,2024-10-09,8329.25,Others
5363,Charity,2024-10-16,4417.33,Others
5364,Phone Bill,2024-10-08,5796.46,Communication
5365,Meat,2024-10-09,2683.06,Food
5366,Cruise,2024-10-28,2356.91,Travel
5367,Ride Sharing,2024-10-14,3174.77,Transportation
5368,Books,2024-10-25,7877.55,Education
5369,Train,2024-10-17,5662.58,Travel
5370,Hospital Bill,2024-10-06,369.38,Medical
5371,Storage,2024-10-03,1427.01,Others
5372,Accessories,2024-10-17,620.63,Others
5373,Storage,2024-10-20,7133.63,Others
5374,Security,2024-10-19,8616.62,Others
5375,Phone Bill,2024-10-08,1428.23,Communication
5376,Electricity,2024-10-08,8764.35,Home
5377,Dental Check,2024-10-24,2012.68,Medical
5378,Vegetables,2024-10-20,6883.27,Food
5379,Socks,2024-10-20,2865.72,Clothing
5380,Music Festival,2024-10-03,6711.51,Entertainment
5381,Jeans,2024-10-15,339.40,Clothing
5382,Water Bill,2024-10-28,2734.14,Home
5383,Security,2024-10-19,2054.39,Others
5384,Cafe,2024-10-03,2842.65,Food
5385,Electricity,2024-10-09,9895.03,Home
5386,Books,2024-10-26,4874.55,Education
5387,Roaming,2024-10-15,7161.47,Communication
5388,Charity,2024-10-07,8463.80,Others
5389,Game,2024-10-02,1272.88,Entertainment
5390,Taxi,2024-10-21,8198.99,Travel
5391,Groceries,2024-10-08,6834.18,Food
5392,Lottery,2024-10-27,4000.42,Others
5393,Internet,2024-10-01,6699.15,Communication
5394,Therapy,2024-10-14,8898.13,Medical
5395,Belt,2024-10-01,5466.80,Clothing
5396,Surgery,2024-10-18,683.93,Medical
5397,Surgery,2024-10-08,9516.41,Medical
5398,Accessories,2024-10-11,4307.78,Others
5399,Socks,2024-10-26,2226.33,Clothing
5400,Gift,2024-10-26,9966.27,Others
5401,Lottery,2024-11-16,5341.03,Others
5402,Fruits,2024-11-20,6544.27,Food
5403,Pet,2024-11-25,2324.31,Others
5404,Metro,2024-11-25,543.31,Transportation
5405,Theater,2024-11-09,4491.32,Entertainment
5406,Hotel,2024-11-01,2187.91,Travel
5407,Gym,2024-11-24,2540.89,Sports
5408,Pen,2024-11-21,1819.09,Education
5409,Game,2024-11-10,4756.56,Entertainment
5410,Postage,2024-11-22,7094.53,Communication
5411,Fitness Class,2024-11-17,1147.90,Sports
5412,Lottery,2024-11-05,2512.09,Others
5413,Parking,2024-11-18,8989.85,Transportation
5414,Socks,2024-11-05,8230.91,Clothing
5415,Gym,2024-11-03,5723.17,Sports
5416,Roaming,2024-11-02,7052.51,Communication
5417,Security,2024-11-24,1532.50,Others
5418,Therapy,2024-11-06,9409.78,Medical
5419,Fruits,2024-11-10,633.59,Food
5420,Charity,2024-11-12,2996.34,Others
5421,Maintenance,2024-11-03,5494.69,Home
5422,Internet,2024-11-19,2752.55,Home
5423,Dress,2024-11-17,5475.44,Clothing
5424,Football,2024-11-14,6242.67,Sports
5425,Train,2024-11-22,1214.59,Travel
5426,Notebook,2024-11-18,3656.08,Education
5427,Basketball,2024-11-06,6939.29,Sports
5428,Parking,2024-11-03,5293.59,Transportation
5429,Doctor Visit,2024-11-18,7872.45,Medical
5430,Metro,2024-11-10,9518.25,Transportation
5431,Bicycle,2024-11-24,7314.34,Transportation
5432,Taxi,2024-11-28,8781.93,Travel
5433,Bus,2024-11-06,3048.87,Transportation
5434,Mortgage,2024-11-05,827.54,Home
5435,VPN,2024-11-12,9793.06,Communication
5436,Game,2024-11-25,2107.29,Entertainment
5437,Vegetables,2024-11-07,548.98,Food
5438,Club,2024-11-11,6170.03,Entertainment
5439,Internet,2024-11-28,9458.20,Communication
5440,Meat,2024-11-01,1458.17,Food
5441,Mobile Recharge,2024-11-25,9519.49,Communication
5442,Amusement Park,2024-11-11,6000.76,Entertainment
5443,Insurance,2024-11-20,8297.35,Medical
5444,Basketball,2024-11-17,4503.19,Sports
5445,Dental Check,2024-11-05,2378.51,Medical
5446,Running,2024-11-24,9250.30,Sports
5447,Meat,2024-11-03,2079.37,Food
5448,Online Course,2024-11-22,2016.62,Education
5449,Dental Check,2024-11-18,8910.06,Medical
5450,Train,2024-11-15,6468.85,Transportation
5451,Charity,2024-11-18,1362.26,Others
5452,Dress,2024-11-18,5695.52,Clothing
5453,Fuel,2024-11-19,8017.23,Transportation
5454,Furniture,2024-11-19,9191.61,Home
5455,Fast Food,2024-11-11,8372.61,Food
5456,Cycling,2024-11-11,9041.73,Sports
5457,Seminar,2024-11-09,6774.76,Education
5458,Amusement Park,2024-11-01,5605.44,Entertainment
5459,Train,2024-11-21,7691.67,Travel
5460,Mobile Recharge,2024-11-23,6306.31,Communication
5461,Surgery,2024-11-05,6846.02,Medical
5462,Fruits,2024-11-20,9842.04,Food
5463,Tuition,2024-11-18,6894.34,Education
5464,Tennis,2024-11-12,491.74,Sports
5465,Maintenance,2024-11-01,3765.85,Home
5466,Bicycle,2024-11-01,4133.05,Transportation
5467,Online Course,2024-11-23,1440.08,Education
5468,Hotel,2024-11-21,7528.98,Travel
5469,Mobile Recharge,2024-11-07,1290.81,Communication
5470,Yoga,2024-11-10,8607.84,Sports
5471,Fast Food,2024-11-22,4212.70,Food
5472,Cycling,2024-11-20,3075.01,Sports
5473,Cycling,2024-11-28,31.92,Sports
5474,Charity,2024-11-15,2856.84,Others
5475,Fuel,2024-11-13,5502.12,Transportation
5476,Ride Sharing,2024-11-03,7127.76,Transportation
5477,Phone Bill,2024-11-02,6508.99,Communication
5478,Donation,2024-11-27,7395.16,Others
5479,Storage,2024-11-18,8439.59,Others
5480,Laundry,2024-11-16,6235.81,Others
5481,Gas,2024-11-08,1705.10,Home
5482,Cruise,2024-11-19,6116.50,Travel
5483,Bank Fee,2024-11-08,6029.66,Others
5484,Dental Check,2024-11-01,5555.27,Medical
5485,Coat,2024-11-06,5819.18,Clothing
5486,Concert,2024-11-04,6219.05,Entertainment
5487,Postage,2024-11-24,4411.75,Communication
5488,Game,2024-11-27,451.15,Entertainment
5489,Shirt,2024-11-11,649.56,Clothing
5490,Exam Fee,2024-11-05,3289.51,Education
5491,Insurance,2024-11-13,2764.28,Medical
5492,Eye Exam,2024-11-14,6801.43,Medical
5493,Game,2024-11-14,8122.72,Entertainment
5494,Socks,2024-11-11,113.25,Clothing
5495,Bank Fee,2024-11-17,464.18,Others
5496,Therapy,2024-11-13,8170.55,Medical
5497,Visa Fee,2024-11-28,4938.69,Travel
5498,Snacks,2024-11-21,1261.50,Food
5499,Bus,2024-11-05,9294.85,Transportation
5500,Gift,2024-11-03,2292.61,Others
5501,Hospital Bill,2024-12-15,671.08,Medical
5502,Toll,2024-12-09,8670.82,Travel
5503,Furniture,2024-12-15,4781.43,Home
5504,Visa Fee,2024-12-15,5859.89,Travel
5505,Basketball,2024-12-24,8367.97,Sports
5506,Rent,2024-12-28,1009.45,Home
5507,Water Bill,2024-12-05,5552.99,Home
5508,Books,2024-12-16,7260.97,Education
5509,Stationery,2024-12-24,9220.47,Education
5510,Karaoke,2024-12-02,4222.61,Entertainment
5511,Online Course,2024-12-17,3269.91,Education
5512,Pet,2024-12-15,4948.82,Others
5513,Amusement Park,2024-12-04,6393.49,Entertainment
5514,Cruise,2024-12-12,8874.75,Travel
5515,Running,2024-12-04,2294.06,Sports
5516,Health Check,2024-12-20,9987.85,Medical
5517,Internet,2024-12-04,3909.85,Home
5518,Medicine,2024-12-13,4823.72,Medical
5519,Groceries,2024-12-04,2494.53,Food
5520,Scooter,2024-12-09,8577.07,Transportation
5521,Bank Fee,2024-12-08,8357.29,Others
5522,Lottery,2024-12-09,6893.19,Others
5523,Gift,2024-12-09,6160.96,Others
5524,Stationery,2024-12-19,2822.13,Education
5525,Delivery,2024-12-16,2381.80,Food
5526,Delivery,2024-12-24,1606.64,Food
5527,Appliance,2024-12-07,7217.27,Home
5528,Amusement Park,2024-12-09,7890.84,Entertainment
5529,Fuel,2024-12-20,2532.48,Travel
5530,Scarf,2024-12-01,270.39,Clothing
5531,Travel Insurance,2024-12-20,6498.43,Travel
5532,Drinks,2024-12-16,2441.34,Food
5533,Ride Sharing,2024-12-13,4868.48,Transportation
5534,Internet,2024-12-03,1322.07,Home
5535,Snacks,2024-12-27,7795.16,Food
5536,Security,2024-12-06,4242.58,Others
5537,Therapy,2024-12-06,9003.17,Medical
5538,Notebook,2024-12-24,6356.83,Education
5539,Running,2024-12-22,7960.09,Sports
5540,Storage,2024-12-23,5145.28,Others
5541,Train,2024-12-08,15.37,Transportation
5542,Fuel,2024-12-03,9156.66,Travel
5543,Gym,2024-12-26,3755.88,Sports
5544,Yoga,2024-12-24,9018.34,Sports
5545,Medicine,2024-12-08,7777.52,Medical
5546,Basketball,2024-12-21,3856.45,Sports
5547,Dress,2024-12-19,5653.77,Clothing
5548,Running,2024-12-21,1487.68,Sports
5549,Notebook,2024-12-06,7303.97,Education
5550,Basketball,2024-12-02,245.72,Sports
5551,Surgery,2024-12-19,9540.99,Medical
5552,Scarf,2024-12-10,6397.57,Clothing
5553,Toll,2024-12-13,8057.54,Travel
5554,Pet,2024-12-17,9085.14,Others
5555,Pet,2024-12-02,3765.02,Others
5556,Storage,2024-12-22,6586.25,Others
5557,Postage,2024-12-06,9384.67,Communication
5558,Drinks,2024-12-07,1495.98,Food
5559,Stationery,2024-12-25,8548.19,Education
5560,Jeans,2024-12-24,1544.43,Clothing
5561,Metro,2024-12-10,4864.55,Transportation
5562,Laundry,2024-12-23,774.70,Others
5563,Karaoke,2024-12-04,1886.18,Entertainment
5564,Insurance,2024-12-13,396.27,Medical
5565,Bank Fee,2024-12-08,4946.93,Others
5566,Furniture,2024-12-25,2395.54,Home
5567,Gas,2024-12-05,861.56,Home
5568,Hospital Bill,2024-12-07,8572.86,Medical
5569,Sports Event,2024-12-09,533.01,Entertainment
5570,Gym,2024-12-25,6977.42,Sports
5571,Snacks,2024-12-17,2791.12,Food
5572,Electricity,2024-12-12,8090.18,Home
5573,Ride Sharing,2024-12-16,7500.36,Transportation
5574,Gym,2024-12-23,9890.08,Sports
5575,Karaoke,2024-12-07,7957.12,Entertainment
5576,Phone Bill,2024-12-08,6379.97,Communication
5577,Music Festival,2024-12-10,3125.03,Entertainment
5578,Scarf,2024-12-21,4453.29,Clothing
5579,Socks,2024-12-04,6022.28,Clothing
5580,Subscription,2024-12-02,5269.25,Communication
5581,Gift,2024-12-21,5579.72,Others
5582,Shoes,2024-12-14,1577.28,Clothing
5583,Drinks,2024-12-02,7241.72,Food
5584,Books,2024-12-04,8001.87,Education
5585,Backpack,2024-12-19,3074.07,Education
5586,Travel Insurance,2024-12-04,3952.57,Travel
5587,Hotel,2024-12-19,7116.09,Travel
5588,Jeans,2024-12-18,5314.11,Clothing
5589,Tennis,2024-12-02,6292.28,Sports
5590,Data Plan,2024-12-09,3318.80,Communication
5591,Dental Check,2024-12-02,3062.69,Medical
5592,Meat,2024-12-15,6592.31,Food
5593,Basketball,2024-12-26,5981.86,Sports
5594,Club,2024-12-19,6964.63,Entertainment
5595,Taxi,2024-12-12,4125.06,Travel
5596,Flight,2024-12-08,3027.69,Travel
5597,Hospital Bill,2024-12-25,9699.45,Medical
5598,Concert,2024-12-11,1045.51,Entertainment
5599,Stationery,2024-12-18,2163.11,Education
5600,Karaoke,2024-12-04,1157.48,Entertainment
5601,Taxi,2025-01-14,7333.30,Travel
5602,Surgery,2025-01-02,1499.53,Medical
5603,Backpack,2025-01-11,9348.42,Education
5604,Pen,2025-01-24,7660.88,Education
5605,Tuition,2025-01-21,7000.80,Education
5606,Music Festival,2025-01-23,672.26,Entertainment
5607,Seminar,2025-01-04,9831.92,Education
5608,Taxi,2025-01-09,5455.14,Travel
5609,Gift,2025-01-02,5102.27,Others
5610,Postage,2025-01-04,4136.80,Communication
5611,Internet,2025-01-19,6529.27,Communication
5612,Appliance,2025-01-25,7619.46,Home
5613,Basketball,2025-01-24,7385.13,Sports
5614,Exam Fee,2025-01-21,3952.26,Education
5615,Shoes,2025-01-21,9015.88,Clothing
5616,Health Check,2025-01-11,7753.29,Medical
5617,Internet,2025-01-04,8054.98,Communication
5618,Books,2025-01-07,6526.63,Education
5619,Visa Fee,2025-01-17,2073.15,Travel
5620,Football,2025-01-11,7906.30,Sports
5621,Fuel,2025-01-10,7497.77,Transportation
5622,Equipment,2025-01-10,6398.93,Sports
5623,Rent,2025-01-24,6688.12,Home
5624,Subscription,2025-01-28,674.89,Communication
5625,SIM Card,2025-01-03,8699.42,Communication
5626,Surgery,2025-01-17,693.52,Medical
5627,Maintenance,2025-01-07,906.14,Home
5628,Seminar,2025-01-16,303.59,Education
5629,Water Bill,2025-01-15,3605.76,Home
5630,Storage,2025-01-25,1749.20,Others
5631,Mobile Recharge,2025-01-05,6415.53,Communication
5632,Internet,2025-01-11,8965.74,Home
5633,Stationery,2025-01-28,1414.56,Education
5634,Cruise,2025-01-28,9964.02,Travel
5635,Hotel,2025-01-27,8149.50,Travel
5636,Flight,2025-01-12,8276.03,Travel
5637,Seminar,2025-01-05,4526.02,Education
5638,Maintenance,2025-01-14,6246.92,Home
5639,Cleaning,2025-01-01,92.85,Home
5640,Health Check,2025-01-16,8225.39,Medical
5641,Bus,2025-01-28,9866.15,Transportation
5642,Accessories,2025-01-26,4862.76,Others
5643,Running,2025-01-05,8466.14,Sports
5644,Coat,2025-01-23,6362.55,Clothing
5645,Restaurant,2025-01-04,4504.89,Food
5646,Metro,2025-01-04,2755.90,Transportation
5647,Rental Car,2025-01-11,6680.70,Travel
5648,Shoes,2025-01-25,9436.24,Clothing
5649,Maintenance,2025-01-22,635.03,Home
5650,Cycling,2025-01-05,9294.47,Sports
5651,Postage,2025-01-27,6412.58,Communication
5652,Jacket,2025-01-20,7647.92,Clothing
5653,Taxi,2025-01-20,6253.41,Travel
5654,Backpack,2025-01-04,5908.59,Education
5655,Hat,2025-01-14,4558.24,Clothing
5656,Fitness Class,2025-01-01,1411.53,Sports
5657,Music Festival,2025-01-03,7937.41,Entertainment
5658,Socks,2025-01-09,6717.14,Clothing
5659,Sports Event,2025-01-22,6079.55,Entertainment
5660,Lottery,2025-01-23,1259.39,Others
5661,Laundry,2025-01-23,1634.20,Others
5662,Mortgage,2025-01-03,9777.95,Home
5663,Mobile Recharge,2025-01-21,908.67,Communication
5664,Streaming Service,2025-01-04,4396.16,Entertainment
5665,Socks,2025-01-15,6997.86,Clothing
5666,Movie,2025-01-02,6911.75,Entertainment
5667,Charity,2025-01-23,2413.29,Others
5668,Rental Car,2025-01-18,8502.53,Travel
5669,Therapy,2025-01-18,9723.63,Medical
5670,Train,2025-01-05,9612.04,Travel
5671,Dress,2025-01-21,271.44,Clothing
5672,Scarf,2025-01-23,4111.59,Clothing
5673,VPN,2025-01-01,2902.24,Communication
5674,Cruise,2025-01-22,6583.03,Travel
5675,Vegetables,2025-01-11,2717.66,Food
5676,Travel Insurance,2025-01-26,9820.03,Travel
5677,Football,2025-01-01,6862.37,Sports
5678,Pen,2025-01-10,8782.82,Education
5679,Amusement Park,2025-01-26,6657.61,Entertainment
5680,Metro,2025-01-24,9203.50,Transportation
5681,Pet,2025-01-02,3940.15,Others
5682,Game,2025-01-05,5236.95,Entertainment
5683,Backpack,2025-01-27,7646.54,Education
5684,Visa Fee,2025-01-19,4590.65,Travel
5685,Delivery,2025-01-19,1100.34,Food
5686,Medicine,2025-01-23,269.44,Medical
5687,Vaccination,2025-01-14,9552.60,Medical
5688,Equipment,2025-01-11,3933.21,Sports
5689,Scarf,2025-01-02,9903.20,Clothing
5690,Restaurant,2025-01-07,9556.70,Food
5691,Football,2025-01-12,1784.63,Sports
5692,Phone Bill,2025-01-23,246.61,Communication
5693,Running,2025-01-28,2286.05,Sports
5694,Bicycle,2025-01-26,7365.55,Transportation
5695,Pen,2025-01-12,9685.86,Education
5696,Flight,2025-01-12,7590.40,Travel
5697,Gym,2025-01-26,8924.30,Sports
5698,Bicycle,2025-01-07,4409.95,Transportation
5699,Internet,2025-01-03,9778.97,Home
5700,Game,2025-01-05,9796.35,Entertainment
5701,Ride Sharing,2025-02-09,9065.87,Transportation
5702,Phone Bill,2025-02-23,3105.48,Communication
5703,Concert,2025-02-22,3867.25,Entertainment
5704,Streaming Service,2025-02-14,5827.43,Entertainment
5705,Amusement Park,2025-02-06,9496.01,Entertainment
5706,Rent,2025-02-05,6003.98,Home
5707,Gift,2025-02-28,1007.03,Others
5708,Shirt,2025-02-03,8739.85,Clothing
5709,Coat,2025-02-17,1145.65,Clothing
5710,Gift,2025-02-26,4387.81,Others
5711,Electricity,2025-02-14,8666.34,Home
5712,Tuition,2025-02-20,5940.95,Education
5713,Gift,2025-02-06,1549.25,Others
5714,Amusement Park,2025-02-10,2368.63,Entertainment
5715,Equipment,2025-02-07,9810.37,Sports
5716,Train,2025-02-24,6328.59,Travel
5717,Fitness Class,2025-02-13,3717.58,Sports
5718,Karaoke,2025-02-02,6695.97,Entertainment
5719,Club,2025-02-12,171.99,Entertainment
5720,Theater,2025-02-18,1666.14,Entertainment
5721,Internet,2025-02-07,9500.42,Home
5722,Restaurant,2025-02-25,8084.20,Food
5723,Donation,2025-02-22,8888.73,Others
5724,Jeans,2025-02-23,2723.97,Clothing
5725,Shirt,2025-02-18,2524.00,Clothing
5726,Storage,2025-02-23,754.71,Others
5727,Electricity,2025-02-10,928.44,Home
5728,Furniture,2025-02-25,404.33,Home
5729,Belt,2025-02-22,7292.82,Clothing
5730,Pet,2025-02-14,6095.91,Others
5731,Charity,2025-02-04,6308.99,Others
5732,Meat,2025-02-21,6346.15,Food
5733,Drinks,2025-02-24,231.58,Food
5734,Shoes,2025-02-05,1443.84,Clothing
5735,Data Plan,2025-02-24,3675.31,Communication
5736,Fast Food,2025-02-12,1238.65,Food
5737,Charity,2025-02-26,192.43,Others
5738,Books,2025-02-07,3850.04,Education
5739,Furniture,2025-02-14,7767.09,Home
5740,Cruise,2025-02-11,3003.60,Travel
5741,Swimming,2025-02-17,155.12,Sports
5742,Bank Fee,2025-02-04,6425.90,Others
5743,Music Festival,2025-02-14,1620.88,Entertainment
5744,Train,2025-02-11,6910.43,Transportation
5745,Mortgage,2025-02-03,5594.39,Home
5746,SIM Card,2025-02-05,5306.18,Communication
5747,Seminar,2025-02-09,2651.77,Education
5748,Bank Fee,2025-02-06,310.01,Others
5749,Football,2025-02-14,5978.13,Sports
5750,Cafe,2025-02-26,8497.77,Food
5751,Fruits,2025-02-24,8792.79,Food
5752,Bus,2025-02-10,7202.00,Transportation
5753,Rental Car,2025-02-23,492.09,Travel
5754,Lottery,2025-02-09,1473.85,Others
5755,Rent,2025-02-20,6324.38,Home
5756,Train,2025-02-07,6846.61,Transportation
5757,Accessories,2025-02-17,2213.84,Others
5758,Fuel,2025-02-04,347.85,Transportation
5759,Stationery,2025-02-10,2436.80,Education
5760,Notebook,2025-02-12,5120.43,Education
5761,Delivery,2025-02-08,559.70,Food
5762,Fast Food,2025-02-05,450.60,Food
5763,Groceries,2025-02-11,7648.38,Food
5764,Doctor Visit,2025-02-13,196.25,Medical
5765,Delivery,2025-02-19,921.26,Food
5766,Shoes,2025-02-04,800.97,Clothing
5767,Fruits,2025-02-12,2607.13,Food
5768,Calling Card,2025-02-18,5869.73,Communication
5769,Surgery,2025-02-12,9932.58,Medical
5770,Swimming,2025-02-28,4373.31,Sports
5771,Cycling,2025-02-24,1712.61,Sports
5772,Travel Insurance,2025-02-24,5575.12,Travel
5773,Visa Fee,2025-02-21,8481.16,Travel
5774,Security,2025-02-03,1100.13,Others
5775,Insurance,2025-02-07,7986.38,Medical
5776,Tuition,2025-02-28,6489.60,Education
5777,Toll,2025-02-08,5563.51,Travel
5778,Cleaning,2025-02-18,4784.38,Home
5779,Cycling,2025-02-27,7096.94,Sports
5780,Notebook,2025-02-16,5475.11,Education
5781,Fuel,2025-02-01,2045.67,Travel
5782,Internet,2025-02-24,5839.76,Home
5783,Phone Bill,2025-02-18,1900.34,Communication
5784,Online Course,2025-02-12,147.64,Education
5785,Seminar,2025-02-03,2286.18,Education
5786,Rent,2025-02-07,739.96,Home
5787,Water Bill,2025-02-28,6132.76,Home
5788,Rent,2025-02-01,7477.39,Home
5789,Parking,2025-02-28,6165.57,Transportation
5790,Storage,2025-02-06,2491.52,Others
5791,Mortgage,2025-02-10,3322.57,Home
5792,Postage,2025-02-11,137.42,Communication
5793,Delivery,2025-02-05,1554.11,Food
5794,Meat,2025-02-02,9564.80,Food
5795,Rental Car,2025-02-23,4903.69,Travel
5796,Music Festival,2025-02-02,2672.42,Entertainment
5797,Appliance,2025-02-22,6643.72,Home
5798,Exam Fee,2025-02-05,987.00,Education
5799,Taxi,2025-02-10,2004.76,Transportation
5800,Water Bill,2025-02-19,5522.05,Home
5801,Delivery,2025-03-15,6652.86,Food
5802,Hat,2025-03-06,149.68,Clothing
5803,Postage,2025-03-16,2788.48,Communication
5804,Drinks,2025-03-15,2967.88,Food
5805,Stationery,2025-03-10,9400.81,Education
5806,Calling Card,2025-03-27,6964.83,Communication
5807,Game,2025-03-08,6674.52,Entertainment
5808,Bus,2025-03-25,7466.94,Transportation
5809,Gym,2025-03-20,6429.61,Sports
5810,Coat,2025-03-19,7977.60,Clothing
5811,Internet,2025-03-05,9249.88,Home
5812,Cafe,2025-03-26,150.50,Food
5813,Surgery,2025-03-03,4182.03,Medical
5814,Club,2025-03-28,9382.43,Entertainment
5815,Postage,2025-03-04,2206.22,Communication
5816,Yoga,2025-03-20,7486.36,Sports
5817,Hat,2025-03-10,7816.02,Clothing
5818,Eye Exam,2025-03-24,575.91,Medical
5819,Health Check,2025-03-09,9565.66,Medical
5820,Stationery,2025-03-08,5353.56,Education
5821,Scarf,2025-03-18,2092.51,Clothing
5822,Electricity,2025-03-01,9227.37,Home
5823,Train,2025-03-19,4611.61,Transportation
5824,Restaurant,2025-03-23,575.15,Food
5825,Accessories,2025-03-07,1423.12,Others
5826,Eye Exam,2025-03-04,6289.55,Medical
5827,Mobile Recharge,2025-03-11,4066.37,Communication
5828,Phone Bill,2025-03-25,7607.50,Communication
5829,Therapy,2025-03-13,3852.21,Medical
5830,Tennis,2025-03-09,1876.08,Sports
5831,Lottery,2025-03-19,2467.09,Others
5832,Backpack,2025-03-09,3464.47,Education
5833,Equipment,2025-03-22,4220.86,Sports
5834,Lottery,2025-03-01,9627.27,Others
5835,Drinks,2025-03-21,8303.26,Food
5836,Sports Event,2025-03-04,9984.50,Entertainment
5837,Gas,2025-03-27,7255.62,Home
5838,Donation,2025-03-07,5682.94,Others
5839,Phone Bill,2025-03-11,2427.38,Communication
5840,Insurance,2025-03-10,501.87,Medical
5841,VPN,2025-03-05,1404.04,Communication
5842,Accessories,2025-03-19,3362.34,Others
5843,Security,2025-03-18,6695.76,Others
5844,Vaccination,2025-03-04,5970.62,Medical
5845,Hospital Bill,2025-03-17,3769.88,Medical
5846,Seminar,2025-03-05,3089.38,Education
5847,Streaming Service,2025-03-12,5013.41,Entertainment
5848,Data Plan,2025-03-24,2904.78,Communication
5849,Gym,2025-03-27,3361.27,Sports
5850,Fitness Class,2025-03-14,4407.99,Sports
5851,Train,2025-03-12,1830.45,Travel
5852,Basketball,2025-03-19,220.98,Sports
5853,Fitness Class,2025-03-18,3545.74,Sports
5854,Socks,2025-03-25,9424.98,Clothing
5855,Socks,2025-03-19,6007.26,Clothing
5856,Internet,2025-03-08,7531.51,Home
5857,Tuition,2025-03-25,6186.28,Education
5858,Swimming,2025-03-06,3777.79,Sports
5859,Theater,2025-03-12,9229.50,Entertainment
5860,Drinks,2025-03-04,7936.60,Food
5861,Socks,2025-03-05,3629.69,Clothing
5862,Cruise,2025-03-18,2179.08,Travel
5863,Running,2025-03-07,6397.33,Sports
5864,Subscription,2025-03-09,2342.74,Communication
5865,Shoes,2025-03-24,5733.48,Clothing
5866,Phone Bill,2025-03-06,7701.68,Communication
5867,Belt,2025-03-28,3791.30,Clothing
5868,Flight,2025-03-23,3661.23,Travel
5869,Jacket,2025-03-25,8444.69,Clothing
5870,Scooter,2025-03-11,7767.18,Transportation
5871,Club,2025-03-25,283.78,Entertainment
5872,Movie,2025-03-22,4232.81,Entertainment
5873,Gas,2025-03-25,5300.81,Home
5874,Yoga,2025-03-05,6150.22,Sports
5875,Fast Food,2025-03-09,9208.86,Food
5876,Gas,2025-03-12,9705.25,Home
5877,Gas,2025-03-22,1283.38,Home
5878,Club,2025-03-03,9275.92,Entertainment
5879,Snacks,2025-03-26,515.75,Food
5880,Therapy,2025-03-11,29.53,Medical
5881,Insurance,2025-03-01,1182.02,Medical
5882,Flight,2025-03-07,4549.05,Travel
5883,Shoes,2025-03-10,2633.84,Clothing
5884,Club,2025-03-08,2230.65,Entertainment
5885,Surgery,2025-03-24,3823.95,Medical
5886,Hotel,2025-03-08,3967.85,Travel
5887,Concert,2025-03-28,1754.21,Entertainment
5888,Shoes,2025-03-11,6729.23,Clothing
5889,Internet,2025-03-13,241.30,Communication
5890,Postage,2025-03-25,8041.73,Communication
5891,Surgery,2025-03-22,2280.89,Medical
5892,Insurance,2025-03-20,7068.61,Medical
5893,Equipment,2025-03-07,1973.42,Sports
5894,Appliance,2025-03-24,4340.51,Home
5895,Storage,2025-03-17,4869.39,Others
5896,Bicycle,2025-03-07,8886.66,Transportation
5897,Exam Fee,2025-03-01,2427.10,Education
5898,Socks,2025-03-02,1666.46,Clothing
5899,Cycling,2025-03-02,4690.93,Sports
5900,Bus,2025-03-24,8152.52,Transportation
5901,Socks,2025-04-08,8787.32,Clothing
5902,Meat,2025-04-09,3324.52,Food
5903,Rent,2025-04-24,8210.88,Home
5904,Parking,2025-04-03,8267.18,Transportation
5905,Theater,2025-04-15,968.48,Entertainment
5906,Internet,2025-04-19,3847.26,Home
5907,Gift,2025-04-17,2585.08,Others
5908,Movie,2025-04-26,2336.87,Entertainment
5909,Rental Car,2025-04-22,9242.35,Travel
5910,Taxi,2025-04-23,7915.62,Travel
5911,Health Check,2025-04-19,5901.81,Medical
5912,Drinks,2025-04-14,5260.17,Food
5913,Jacket,2025-04-03,7534.94,Clothing
5914,Rent,2025-04-01,7944.50,Home
5915,Scooter,2025-04-03,2206.95,Transportation
5916,Ride Sharing,2025-04-27,2891.80,Transportation
5917,Books,2025-04-03,195.62,Education
5918,Club,2025-04-15,5242.99,Entertainment
5919,Gas,2025-04-25,4508.09,Home
5920,Amusement Park,2025-04-25,6495.19,Entertainment
5921,Surgery,2025-04-28,4399.11,Medical
5922,Drinks,2025-04-08,6783.64,Food
5923,Exam Fee,2025-04-04,871.92,Education
5924,Laundry,2025-04-28,5110.46,Others
5925,Dental Check,2025-04-03,3405.83,Medical
5926,Accessories,2025-04-18,85.27,Others
5927,Scarf,2025-04-02,4387.82,Clothing
5928,Sports Event,2025-04-20,5740.33,Entertainment
5929,Jeans,2025-04-06,1110.71,Clothing
5930,Fast Food,2025-04-03,5951.68,Food
5931,Fuel,2025-04-06,9816.05,Travel
5932,Fitness Class,2025-04-25,1807.26,Sports
5933,Donation,2025-04-09,9278.93,Others
5934,Amusement Park,2025-04-13,9174.61,Entertainment
5935,Postage,2025-04-14,192.60,Communication
5936,Cleaning,2025-04-20,7941.20,Home
5937,Pen,2025-04-26,7419.32,Education
5938,Pet,2025-04-26,457.52,Others
5939,Health Check,2025-04-10,4313.79,Medical
5940,Amusement Park,2025-04-07,741.30,Entertainment
5941,Medicine,2025-04-09,6083.83,Medical
5942,Shirt,2025-04-15,6492.44,Clothing
5943,Donation,2025-04-04,3958.91,Others
5944,Electricity,2025-04-27,5576.11,Home
5945,Taxi,2025-04-21,2639.71,Transportation
5946,Water Bill,2025-04-17,8625.47,Home
5947,Shirt,2025-04-27,1307.42,Clothing
5948,Delivery,2025-04-11,2593.81,Food
5949,Pet,2025-04-27,3952.03,Others
5950,Fitness Class,2025-04-22,6482.94,Sports
5951,Mobile Recharge,2025-04-09,3946.09,Communication
5952,Subscription,2025-04-06,7219.90,Communication
5953,Internet,2025-04-06,4020.42,Communication
5954,Running,2025-04-07,7892.88,Sports
5955,Theater,2025-04-26,3320.15,Entertainment
5956,Storage,2025-04-09,6224.65,Others
5957,Phone Bill,2025-04-14,2581.53,Communication
5958,Eye Exam,2025-04-17,5149.48,Medical
5959,Lottery,2025-04-06,685.84,Others
5960,Cycling,2025-04-15,5647.17,Sports
5961,Amusement Park,2025-04-14,9125.22,Entertainment
5962,Cruise,2025-04-02,1883.60,Travel
5963,Taxi,2025-04-06,6503.40,Transportation
5964,Flight,2025-04-01,5911.20,Travel
5965,Lottery,2025-04-16,3358.77,Others
5966,Surgery,2025-04-02,2226.97,Medical
5967,Metro,2025-04-02,8482.39,Transportation
5968,Cruise,2025-04-03,1297.61,Travel
5969,Cycling,2025-04-03,7908.62,Sports
5970,Rent,2025-04-06,7296.51,Home
5971,Dress,2025-04-22,1867.93,Clothing
5972,Karaoke,2025-04-27,6626.21,Entertainment
5973,Dental Check,2025-04-13,5415.13,Medical
5974,Gas,2025-04-19,1419.76,Home
5975,Train,2025-04-11,4634.11,Travel
5976,Exam Fee,2025-04-26,3513.56,Education
5977,Roaming,2025-04-06,8729.96,Communication
5978,Books,2025-04-27,8520.54,Education
5979,Pen,2025-04-23,3390.04,Education
5980,Postage,2025-04-05,8750.16,Communication
5981,Drinks,2025-04-12,6025.91,Food
5982,Security,2025-04-19,4427.03,Others
5983,Rental Car,2025-04-22,1023.10,Travel
5984,Online Course,2025-04-14,3154.59,Education
5985,Delivery,2025-04-18,5641.37,Food
5986,Gym,2025-04-20,183.61,Sports
5987,Belt,2025-04-18,1321.53,Clothing
5988,Accessories,2025-04-23,7569.83,Others
5989,Sports Event,2025-04-24,8795.20,Entertainment
5990,Pet,2025-04-19,9262.38,Others
5991,Tennis,2025-04-22,8785.64,Sports
5992,Medicine,2025-04-14,7010.85,Medical
5993,Surgery,2025-04-17,2844.93,Medical
5994,Notebook,2025-04-07,3414.27,Education
5995,Scarf,2025-04-28,1062.46,Clothing
5996,Fuel,2025-04-11,8985.50,Travel
5997,Coat,2025-04-01,1043.11,Clothing
5998,Rental Car,2025-04-07,138.37,Travel
5999,Hat,2025-04-21,3618.34,Clothing
6000,Train,2025-04-13,3708.22,Travel
6001,Seminar,2025-05-26,6638.12,Education
6002,Seminar,2025-05-16,5752.77,Education
6003,Toll,2025-05-03,1302.82,Transportation
6004,Insurance,2025-05-11,359.90,Medical
6005,Data Plan,2025-05-02,8857.50,Communication
6006,Amusement Park,2025-05-15,2915.77,Entertainment
6007,Fuel,2025-05-10,4266.67,Transportation
6008,Security,2025-05-01,6198.21,Others
6009,Gas,2025-05-06,4364.70,Home
6010,Donation,2025-05-14,4363.49,Others
6011,Football,2025-05-20,8709.08,Sports
6012,Dental Check,2025-05-02,83.25,Medical
6013,Rent,2025-05-06,4672.58,Home
6014,SIM Card,2025-05-28,6491.25,Communication
6015,Amusement Park,2025-05-01,8526.42,Entertainment
6016,Online Course,2025-05-03,9128.73,Education
6017,Roaming,2025-05-14,5673.24,Communication
6018,Theater,2025-05-18,6667.15,Entertainment
6019,Vaccination,2025-05-09,3530.17,Medical
6020,Maintenance,2025-05-04,9427.32,Home
6021,Concert,2025-05-06,3597.06,Entertainment
6022,Bus,2025-05-06,7405.66,Transportation
6023,Notebook,2025-05-11,5648.79,Education
6024,Sports Event,2025-05-19,5339.80,Entertainment
6025,Game,2025-05-26,9782.83,Entertainment
6026,Health Check,2025-05-18,9940.51,Medical
6027,Ride Sharing,2025-05-22,9115.53,Transportation
6028,Fuel,2025-05-12,7298.00,Transportation
6029,Metro,2025-05-07,3175.26,Transportation
6030,Amusement Park,2025-05-08,6555.98,Entertainment
6031,Meat,2025-05-10,2422.22,Food
6032,Scarf,2025-05-08,2521.33,Clothing
6033,Workshop,2025-05-08,7531.33,Education
6034,Therapy,2025-05-20,8052.30,Medical
6035,Lottery,2025-05-14,1835.55,Others
6036,Cleaning,2025-05-15,4331.72,Home
6037,Therapy,2025-05-15,7335.47,Medical
6038,Music Festival,2025-05-16,9379.44,Entertainment
6039,Snacks,2025-05-26,2990.41,Food
6040,Yoga,2025-05-15,6250.27,Sports
6041,Charity,2025-05-09,8054.89,Others
6042,Internet,2025-05-26,2073.02,Home
6043,Data Plan,2025-05-02,2758.07,Communication
6044,Health Check,2025-05-01,3637.67,Medical
6045,Internet,2025-05-18,7049.05,Communication
6046,Fuel,2025-05-27,2431.08,Travel
6047,Hotel,2025-05-23,264.95,Travel
6048,Karaoke,2025-05-19,2182.27,Entertainment
6049,Belt,2025-05-09,7865.33,Clothing
6050,Mortgage,2025-05-24,8891.83,Home
6051,Health Check,2025-05-27,7315.23,Medical
6052,Socks,2025-05-09,4943.08,Clothing
6053,Workshop,2025-05-08,1091.47,Education
6054,Vaccination,2025-05-18,2341.78,Medical
6055,Accessories,2025-05-01,4557.49,Others
6056,Mortgage,2025-05-19,9297.93,Home
6057,Socks,2025-05-21,6364.96,Clothing
6058,Internet,2025-05-22,751.66,Communication
6059,Internet,2025-05-11,7256.13,Communication
6060,Yoga,2025-05-21,1352.67,Sports
6061,VPN,2025-05-28,9960.21,Communication
6062,Electricity,2025-05-04,1010.11,Home
6063,Storage,2025-05-07,6680.55,Others
6064,Security,2025-05-14,2033.17,Others
6065,Shoes,2025-05-26,3536.43,Clothing
6066,Fuel,2025-05-19,532.38,Travel
6067,Storage,2025-05-19,5386.29,Others
6068,Notebook,2025-05-06,9738.02,Education
6069,Fitness Class,2025-05-02,358.70,Sports
6070,Health Check,2025-05-10,5893.12,Medical
6071,Hotel,2025-05-12,2344.04,Travel
6072,Bank Fee,2025-05-15,779.86,Others
6073,Theater,2025-05-17,405.32,Entertainment
6074,Electricity,2025-05-09,8317.56,Home
6075,Insurance,2025-05-02,5983.59,Medical
6076,Vegetables,2025-05-12,3551.92,Food
6077,Drinks,2025-05-13,4536.40,Food
6078,Karaoke,2025-05-14,9591.19,Entertainment
6079,Pet,2025-05-04,3717.10,Others
6080,Phone Bill,2025-05-06,2536.42,Communication
6081,Basketball,2025-05-16,4482.86,Sports
6082,Fast Food,2025-05-08,2336.95,Food
6083,Gym,2025-05-19,4915.86,Sports
6084,Online Course,2025-05-12,1733.79,Education
6085,Delivery,2025-05-06,3766.19,Food
6086,Mobile Recharge,2025-05-04,1296.06,Communication
6087,VPN,2025-05-19,9820.52,Communication
6088,Mortgage,2025-05-16,8870.83,Home
6089,Seminar,2025-05-20,7680.38,Education
6090,Flight,2025-05-11,5885.22,Travel
6091,Mobile Recharge,2025-05-15,7218.95,Communication
6092,Running,2025-05-27,4523.20,Sports
6093,Parking,2025-05-12,5134.05,Transportation
6094,Scarf,2025-05-12,2712.16,Clothing
6095,Restaurant,2025-05-12,5057.87,Food
6096,Running,2025-05-01,1941.65,Sports
6097,Hotel,2025-05-28,7930.37,Travel
6098,Course,2025-05-28,4500.96,Education
6099,Strawberry,2025-05-24,40.00,Food
6100,Taxi,2025-05-24,24.60,Transportation
6101,Badminton,2025-05-24,100.00,Sports
6102,food,2025-01-15,100.00,Food
6103,foos,2022-01-15,200.00,Others
6104,English class,2025-06-07,100.00,Education
6105,Water,2025-05-25,10.00,Food
6106,Coffee,2025-05-01,12.50,Food
6107,Book Purchase,2025-05-03,80.00,Education
