date,company,category,price,change
2025-01-01,Amazon,E-commerce,31121.0,
2025-01-02,Amazon,E-commerce,29559.2,-0.05
2025-01-03,Amazon,E-commerce,34888.3,0.18
2025-01-04,Amazon,E-commerce,38125.9,0.093
2025-01-05,Amazon,E-commerce,39630.5,0.039
2025-01-06,Amazon,E-commerce,34177.6,-0.138
2025-01-07,Amazon,E-commerce,29474.7,-0.138
2025-01-08,Amazon,E-commerce,24264.6,-0.177
2025-01-09,Amazon,E-commerce,27818.6,0.146
2025-01-10,Amazon,E-commerce,28943.7,0.04
2025-01-11,Amazon,E-commerce,31352.7,0.083
2025-01-12,Amazon,E-commerce,25340.3,-0.192
2025-01-13,Amazon,E-commerce,30103.4,0.188
2025-01-14,Amazon,E-commerce,34106.4,0.133
2025-01-15,Amazon,E-commerce,30182.0,-0.115
2025-01-16,Amazon,E-commerce,26340.7,-0.127
2025-01-17,Amazon,E-commerce,23005.0,-0.127
2025-01-18,Amazon,E-commerce,21203.6,-0.078
2025-01-19,Amazon,E-commerce,21413.6,0.01
2025-01-20,Amazon,E-commerce,20830.7,-0.027
2025-01-21,Amazon,E-commerce,19091.1,-0.084
2025-01-22,Amazon,E-commerce,19945.3,0.045
2025-01-23,Amazon,E-commerce,17069.1,-0.144
2025-01-24,Amazon,E-commerce,15650.0,-0.083
2025-01-25,Amazon,E-commerce,14813.4,-0.053
2025-01-26,Amazon,E-commerce,14553.1,-0.018
2025-01-27,Amazon,E-commerce,16213.2,0.114
2025-01-28,Amazon,E-commerce,14265.5,-0.12
2025-01-29,Amazon,E-commerce,14346.7,0.006
2025-01-30,Amazon,E-commerce,14877.0,0.037
2025-01-31,Amazon,E-commerce,12178.1,-0.181
2025-02-01,Amazon,E-commerce,12701.9,0.043
2025-02-02,Amazon,E-commerce,11027.9,-0.132
2025-02-03,Amazon,E-commerce,9109.3,-0.174
2025-02-04,Amazon,E-commerce,10744.9,0.18
2025-02-05,Amazon,E-commerce,12746.2,0.186
2025-02-06,Amazon,E-commerce,14318.5,0.123
2025-02-07,Amazon,E-commerce,13199.5,-0.078
2025-02-08,Amazon,E-commerce,11075.3,-0.161
2025-02-09,Amazon,E-commerce,11891.5,0.074
2025-02-10,Amazon,E-commerce,11606.8,-0.024
2025-02-11,Amazon,E-commerce,9852.0,-0.151
2025-02-12,Amazon,E-commerce,9833.0,-0.002
2025-02-13,Amazon,E-commerce,8001.7,-0.186
2025-02-14,Amazon,E-commerce,9311.8,0.164
2025-02-15,Amazon,E-commerce,8413.3,-0.096
2025-02-16,Amazon,E-commerce,8960.2,0.065
2025-02-17,Amazon,E-commerce,8285.4,-0.075
2025-02-18,Amazon,E-commerce,8351.9,0.008
2025-02-19,Amazon,E-commerce,8507.9,0.019
2025-02-20,Amazon,E-commerce,7435.4,-0.126
2025-02-21,Amazon,E-commerce,8832.1,0.188
2025-02-22,Amazon,E-commerce,9804.1,0.11
2025-02-23,Amazon,E-commerce,11527.6,0.176
2025-02-24,Amazon,E-commerce,13348.2,0.158
2025-02-25,Amazon,E-commerce,13870.9,0.039
2025-02-26,Amazon,E-commerce,16211.6,0.169
2025-02-27,Amazon,E-commerce,13543.1,-0.165
2025-02-28,Amazon,E-commerce,11896.2,-0.122
2025-03-01,Amazon,E-commerce,9732.2,-0.182
2025-03-02,Amazon,E-commerce,9052.2,-0.07
2025-03-03,Amazon,E-commerce,8649.1,-0.045
2025-03-04,Amazon,E-commerce,7858.1,-0.091
2025-03-05,Amazon,E-commerce,8891.4,0.131
2025-03-06,Amazon,E-commerce,8381.9,-0.057
2025-03-07,Amazon,E-commerce,7647.4,-0.088
2025-03-08,Amazon,E-commerce,7778.0,0.017
2025-03-09,Amazon,E-commerce,6660.9,-0.144
2025-03-10,Amazon,E-commerce,7466.0,0.121
2025-03-11,Amazon,E-commerce,6195.5,-0.17
2025-03-12,Amazon,E-commerce,7402.1,0.195
2025-03-13,Amazon,E-commerce,8208.1,0.109
2025-03-14,Amazon,E-commerce,7218.9,-0.121
2025-03-15,Amazon,E-commerce,5791.1,-0.198
2025-03-16,Amazon,E-commerce,6521.8,0.126
2025-03-17,Amazon,E-commerce,7061.5,0.083
2025-03-18,Amazon,E-commerce,7708.3,0.092
2025-03-19,Amazon,E-commerce,8544.7,0.109
2025-03-20,Amazon,E-commerce,7088.9,-0.17
2025-03-21,Amazon,E-commerce,6687.5,-0.057
2025-03-22,Amazon,E-commerce,5660.0,-0.154
2025-03-23,Amazon,E-commerce,6482.0,0.145
2025-03-24,Amazon,E-commerce,6801.7,0.049
2025-03-25,Amazon,E-commerce,6341.7,-0.068
2025-03-26,Amazon,E-commerce,5234.6,-0.175
2025-03-27,Amazon,E-commerce,4838.8,-0.076
2025-03-28,Amazon,E-commerce,4500.4,-0.07
2025-03-29,Amazon,E-commerce,4913.8,0.092
2025-03-30,Amazon,E-commerce,5184.1,0.055
2025-03-31,Amazon,E-commerce,5987.1,0.155
2025-04-01,Amazon,E-commerce,5920.5,-0.011
2025-04-02,Amazon,E-commerce,5019.6,-0.152
2025-04-03,Amazon,E-commerce,5447.8,0.085
2025-04-04,Amazon,E-commerce,6016.1,0.104
2025-04-05,Amazon,E-commerce,6163.6,0.025
2025-04-06,Amazon,E-commerce,6831.6,0.108
2025-04-07,Amazon,E-commerce,6814.7,-0.002
2025-04-08,Amazon,E-commerce,6876.6,0.009
2025-04-09,Amazon,E-commerce,6677.3,-0.029
2025-04-10,Amazon,E-commerce,5409.7,-0.19
2025-04-11,Amazon,E-commerce,4561.3,-0.157
2025-04-12,Amazon,E-commerce,3706.3,-0.187
2025-04-13,Amazon,E-commerce,3908.6,0.055
2025-04-14,Amazon,E-commerce,3618.3,-0.074
2025-04-15,Amazon,E-commerce,3630.7,0.003
2025-04-16,Amazon,E-commerce,4222.7,0.163
2025-04-17,Amazon,E-commerce,3799.2,-0.1
2025-04-18,Amazon,E-commerce,3663.0,-0.036
2025-04-19,Amazon,E-commerce,4037.4,0.102
2025-04-20,Amazon,E-commerce,3599.5,-0.108
2025-04-21,Amazon,E-commerce,2990.4,-0.169
2025-04-22,Amazon,E-commerce,2738.9,-0.084
2025-04-23,Amazon,E-commerce,2367.8,-0.136
2025-04-24,Amazon,E-commerce,2774.7,0.172
2025-04-25,Amazon,E-commerce,3116.7,0.123
2025-04-26,Amazon,E-commerce,3283.0,0.053
2025-04-27,Amazon,E-commerce,3770.8,0.149
2025-04-28,Amazon,E-commerce,4228.9,0.121
2025-04-29,Amazon,E-commerce,3698.7,-0.125
2025-04-30,Amazon,E-commerce,4279.5,0.157
2025-05-01,Amazon,E-commerce,4346.8,0.016
2025-05-02,Amazon,E-commerce,4881.3,0.123
2025-05-03,Amazon,E-commerce,5654.7,0.158
2025-05-04,Amazon,E-commerce,5243.1,-0.073
2025-05-05,Amazon,E-commerce,4425.3,-0.156
2025-05-06,Amazon,E-commerce,3943.7,-0.109
2025-05-07,Amazon,E-commerce,3828.7,-0.029
2025-05-08,Amazon,E-commerce,4315.7,0.127
2025-05-09,Amazon,E-commerce,4938.5,0.144
2025-05-10,Amazon,E-commerce,3964.5,-0.197
2025-05-11,Amazon,E-commerce,3981.5,0.004
2025-05-12,Amazon,E-commerce,3850.0,-0.033
2025-05-13,Amazon,E-commerce,3422.1,-0.111
2025-05-14,Amazon,E-commerce,2901.7,-0.152
2025-05-15,Amazon,E-commerce,2713.2,-0.065
2025-05-16,Amazon,E-commerce,3193.9,0.177
2025-05-17,Amazon,E-commerce,2968.1,-0.071
2025-05-18,Amazon,E-commerce,2990.4,0.008
2025-05-19,Amazon,E-commerce,3233.2,0.081
2025-05-20,Amazon,E-commerce,3056.8,-0.055
2025-05-21,Amazon,E-commerce,3633.7,0.189
2025-05-22,Amazon,E-commerce,4305.9,0.185
2025-05-23,Amazon,E-commerce,3878.3,-0.099
2025-05-24,Amazon,E-commerce,3874.1,-0.001
2025-05-25,Amazon,E-commerce,3565.5,-0.08
2025-05-26,Amazon,E-commerce,3258.7,-0.086
2025-05-27,Amazon,E-commerce,2655.0,-0.185
2025-05-28,Amazon,E-commerce,2771.4,0.044
2025-05-29,Amazon,E-commerce,2774.3,0.001
2025-05-30,Amazon,E-commerce,2276.6,-0.179
2025-05-31,Amazon,E-commerce,2075.0,-0.089
2025-06-01,Amazon,E-commerce,2413.9,0.163
2025-06-02,Amazon,E-commerce,2162.4,-0.104
2025-06-03,Amazon,E-commerce,1855.3,-0.142
2025-06-04,Amazon,E-commerce,1847.4,-0.004
2025-06-05,Amazon,E-commerce,2206.3,0.194
2025-06-06,Amazon,E-commerce,1978.7,-0.103
2025-06-07,Amazon,E-commerce,2114.9,0.069
2025-06-08,Amazon,E-commerce,2336.2,0.105
2025-06-09,Amazon,E-commerce,2091.1,-0.105
2025-06-10,Amazon,E-commerce,2281.9,0.091
2025-06-11,Amazon,E-commerce,2161.3,-0.053
2025-06-12,Amazon,E-commerce,2275.6,0.053
2025-06-13,Amazon,E-commerce,2397.2,0.053
2025-06-14,Amazon,E-commerce,2431.5,0.014
2025-06-15,Amazon,E-commerce,2033.0,-0.164
2025-06-16,Amazon,E-commerce,2305.7,0.134
2025-06-17,Amazon,E-commerce,2140.4,-0.072
2025-06-18,Amazon,E-commerce,1872.0,-0.125
2025-06-19,Amazon,E-commerce,1528.1,-0.184
2025-06-20,Amazon,E-commerce,1583.7,0.036
2025-06-21,Amazon,E-commerce,1696.2,0.071
2025-06-22,Amazon,E-commerce,1368.2,-0.193
2025-06-23,Amazon,E-commerce,1374.8,0.005
2025-06-24,Amazon,E-commerce,1224.4,-0.109
2025-06-25,Amazon,E-commerce,1295.5,0.058
2025-06-26,Amazon,E-commerce,1126.8,-0.13
2025-06-27,Amazon,E-commerce,1212.8,0.076
2025-06-28,Amazon,E-commerce,1157.9,-0.045
2025-06-29,Amazon,E-commerce,1360.1,0.175
2025-06-30,Amazon,E-commerce,1162.9,-0.145
2025-07-01,Amazon,E-commerce,1089.0,-0.064
2025-07-02,Amazon,E-commerce,920.6,-0.155
2025-07-03,Amazon,E-commerce,1077.0,0.17
2025-07-04,Amazon,E-commerce,1239.6,0.151
2025-07-05,Amazon,E-commerce,1119.6,-0.097
2025-07-06,Amazon,E-commerce,1191.2,0.064
2025-07-07,Amazon,E-commerce,1342.4,0.127
2025-07-08,Amazon,E-commerce,1372.0,0.022
2025-07-09,Amazon,E-commerce,1388.3,0.012
2025-07-10,Amazon,E-commerce,1244.9,-0.103
2025-07-11,Amazon,E-commerce,1042.3,-0.163
2025-07-12,Amazon,E-commerce,1207.9,0.159
2025-07-13,Amazon,E-commerce,1401.4,0.16
2025-07-14,Amazon,E-commerce,1476.0,0.053
2025-07-15,Amazon,E-commerce,1380.9,-0.064
2025-07-16,Amazon,E-commerce,1297.7,-0.06
2025-07-17,Amazon,E-commerce,1414.9,0.09
2025-07-18,Amazon,E-commerce,1639.7,0.159
2025-07-19,Amazon,E-commerce,1893.6,0.155
2025-07-20,Amazon,E-commerce,2105.6,0.112
2025-07-21,Amazon,E-commerce,2225.2,0.057
2025-07-22,Amazon,E-commerce,1855.0,-0.166
2025-07-23,Amazon,E-commerce,1604.0,-0.135
2025-07-24,Amazon,E-commerce,1859.7,0.159
2025-07-25,Amazon,E-commerce,1938.8,0.043
2025-07-26,Amazon,E-commerce,1558.2,-0.196
2025-07-27,Amazon,E-commerce,1309.8,-0.159
2025-07-28,Amazon,E-commerce,1395.5,0.065
2025-07-29,Amazon,E-commerce,1119.2,-0.198
2025-07-30,Amazon,E-commerce,967.3,-0.136
2025-07-31,Amazon,E-commerce,986.2,0.019
2025-08-01,Amazon,E-commerce,1061.9,0.077
2025-08-02,Amazon,E-commerce,1126.5,0.061
2025-08-03,Amazon,E-commerce,1002.2,-0.11
2025-08-04,Amazon,E-commerce,1087.3,0.085
2025-08-05,Amazon,E-commerce,973.0,-0.105
2025-08-06,Amazon,E-commerce,905.0,-0.07
2025-08-07,Amazon,E-commerce,994.3,0.099
2025-08-08,Amazon,E-commerce,1053.8,0.06
2025-08-09,Amazon,E-commerce,1201.0,0.14
2025-08-10,Amazon,E-commerce,1276.7,0.063
2025-08-11,Amazon,E-commerce,1311.6,0.027
2025-08-12,Amazon,E-commerce,1098.4,-0.163
2025-08-13,Amazon,E-commerce,1040.3,-0.053
2025-08-14,Amazon,E-commerce,942.6,-0.094
2025-08-15,Amazon,E-commerce,846.1,-0.102
2025-08-16,Amazon,E-commerce,1006.1,0.189
2025-08-17,Amazon,E-commerce,963.1,-0.043
2025-08-18,Amazon,E-commerce,1114.2,0.157
2025-08-19,Amazon,E-commerce,1172.6,0.052
2025-08-20,Amazon,E-commerce,1310.9,0.118
2025-08-21,Amazon,E-commerce,1312.3,0.001
2025-08-22,Amazon,E-commerce,1352.6,0.031
2025-08-23,Amazon,E-commerce,1348.6,-0.003
2025-08-24,Amazon,E-commerce,1184.2,-0.122
2025-08-25,Amazon,E-commerce,1289.6,0.089
2025-08-26,Amazon,E-commerce,1176.5,-0.088
2025-08-27,Amazon,E-commerce,952.6,-0.19
2025-08-28,Amazon,E-commerce,1008.1,0.058
2025-08-29,Amazon,E-commerce,877.9,-0.129
2025-08-30,Amazon,E-commerce,1032.5,0.176
2025-08-31,Amazon,E-commerce,1220.0,0.182
2025-09-01,Amazon,E-commerce,1422.5,0.166
2025-09-02,Amazon,E-commerce,1348.6,-0.052
2025-09-03,Amazon,E-commerce,1087.2,-0.194
2025-09-04,Amazon,E-commerce,1273.5,0.171
2025-09-05,Amazon,E-commerce,1236.9,-0.029
2025-09-06,Amazon,E-commerce,1467.8,0.187
2025-09-07,Amazon,E-commerce,1740.0,0.185
2025-09-08,Amazon,E-commerce,1985.6,0.141
2025-09-09,Amazon,E-commerce,1822.4,-0.082
2025-09-10,Amazon,E-commerce,1738.6,-0.046
2025-09-11,Amazon,E-commerce,1982.8,0.14
2025-09-12,Amazon,E-commerce,1837.6,-0.073
2025-09-13,Amazon,E-commerce,1594.7,-0.132
2025-09-14,Amazon,E-commerce,1630.9,0.023
2025-09-15,Amazon,E-commerce,1915.4,0.174
2025-09-16,Amazon,E-commerce,2065.6,0.078
2025-09-17,Amazon,E-commerce,2123.5,0.028
2025-09-18,Amazon,E-commerce,1781.4,-0.161
2025-09-19,Amazon,E-commerce,1863.3,0.046
2025-09-20,Amazon,E-commerce,2228.6,0.196
2025-09-21,Amazon,E-commerce,1907.7,-0.144
2025-09-22,Amazon,E-commerce,1921.7,0.007
2025-09-23,Amazon,E-commerce,2211.8,0.151
2025-09-24,Amazon,E-commerce,2424.8,0.096
2025-09-25,Amazon,E-commerce,2615.9,0.079
2025-09-26,Amazon,E-commerce,2827.8,0.081
2025-09-27,Amazon,E-commerce,2668.8,-0.056
2025-09-28,Amazon,E-commerce,2448.5,-0.083
2025-09-29,Amazon,E-commerce,2751.5,0.124
2025-09-30,Amazon,E-commerce,3092.8,0.124
2025-10-01,Amazon,E-commerce,3546.9,0.147
2025-10-02,Amazon,E-commerce,4133.2,0.165
2025-10-03,Amazon,E-commerce,4151.9,0.005
2025-10-04,Amazon,E-commerce,4154.5,0.001
2025-10-05,Amazon,E-commerce,4650.2,0.119
2025-10-06,Amazon,E-commerce,4929.1,0.06
2025-10-07,Amazon,E-commerce,5327.3,0.081
2025-10-08,Amazon,E-commerce,5957.6,0.118
2025-10-09,Amazon,E-commerce,6887.0,0.156
2025-10-10,Amazon,E-commerce,6440.7,-0.065
2025-10-11,Amazon,E-commerce,6120.2,-0.05
2025-10-12,Amazon,E-commerce,5126.2,-0.162
2025-10-13,Amazon,E-commerce,5286.7,0.031
2025-10-14,Amazon,E-commerce,4305.4,-0.186
2025-10-15,Amazon,E-commerce,4246.2,-0.014
2025-10-16,Amazon,E-commerce,4318.6,0.017
2025-10-17,Amazon,E-commerce,3949.8,-0.085
2025-10-18,Amazon,E-commerce,4093.4,0.036
2025-10-19,Amazon,E-commerce,3324.6,-0.188
2025-10-20,Amazon,E-commerce,2709.4,-0.185
2025-10-21,Amazon,E-commerce,3059.0,0.129
2025-10-22,Amazon,E-commerce,2887.9,-0.056
2025-10-23,Amazon,E-commerce,2457.1,-0.149
2025-10-24,Amazon,E-commerce,2479.0,0.009
2025-10-25,Amazon,E-commerce,2746.7,0.108
2025-10-26,Amazon,E-commerce,2434.5,-0.114
2025-10-27,Amazon,E-commerce,2554.1,0.049
2025-10-28,Amazon,E-commerce,2130.5,-0.166
2025-10-29,Amazon,E-commerce,1748.5,-0.179
2025-10-30,Amazon,E-commerce,1770.4,0.013
2025-10-31,Amazon,E-commerce,1799.2,0.016
2025-11-01,Amazon,E-commerce,1898.1,0.055
2025-11-02,Amazon,E-commerce,2069.7,0.09
2025-11-03,Amazon,E-commerce,2463.7,0.19
2025-11-04,Amazon,E-commerce,2479.7,0.007
2025-11-05,Amazon,E-commerce,2304.1,-0.071
2025-11-06,Amazon,E-commerce,2576.2,0.118
2025-11-07,Amazon,E-commerce,2340.0,-0.092
2025-11-08,Amazon,E-commerce,2282.9,-0.024
2025-11-09,Amazon,E-commerce,1898.0,-0.169
2025-11-10,Amazon,E-commerce,1537.6,-0.19
2025-11-11,Amazon,E-commerce,1822.2,0.185
2025-11-12,Amazon,E-commerce,2067.1,0.134
2025-11-13,Amazon,E-commerce,2229.1,0.078
2025-11-14,Amazon,E-commerce,2147.9,-0.036
2025-11-15,Amazon,E-commerce,1867.2,-0.131
2025-11-16,Amazon,E-commerce,1610.6,-0.137
2025-11-17,Amazon,E-commerce,1449.7,-0.1
2025-11-18,Amazon,E-commerce,1478.3,0.02
2025-11-19,Amazon,E-commerce,1605.1,0.086
2025-11-20,Amazon,E-commerce,1708.0,0.064
2025-11-21,Amazon,E-commerce,1557.7,-0.088
2025-11-22,Amazon,E-commerce,1841.1,0.182
2025-11-23,Amazon,E-commerce,2016.3,0.095
2025-11-24,Amazon,E-commerce,2060.1,0.022
2025-11-25,Amazon,E-commerce,2152.2,0.045
2025-11-26,Amazon,E-commerce,2082.9,-0.032
2025-11-27,Amazon,E-commerce,1872.8,-0.101
2025-11-28,Amazon,E-commerce,1764.9,-0.058
2025-11-29,Amazon,E-commerce,1946.9,0.103
2025-11-30,Amazon,E-commerce,1568.7,-0.194
2025-12-01,Amazon,E-commerce,1327.8,-0.154
2025-12-02,Amazon,E-commerce,1086.7,-0.182
2025-12-03,Amazon,E-commerce,887.0,-0.184
2025-12-04,Amazon,E-commerce,1013.2,0.142
2025-12-05,Amazon,E-commerce,1095.7,0.081
2025-12-06,Amazon,E-commerce,1084.4,-0.01
2025-12-07,Amazon,E-commerce,909.9,-0.161
2025-12-08,Amazon,E-commerce,906.9,-0.003
2025-12-09,Amazon,E-commerce,897.3,-0.011
2025-12-10,Amazon,E-commerce,780.0,-0.131
2025-12-11,Amazon,E-commerce,759.3,-0.026
2025-12-12,Amazon,E-commerce,728.5,-0.041
2025-12-13,Amazon,E-commerce,762.3,0.046
2025-12-14,Amazon,E-commerce,803.5,0.054
2025-12-15,Amazon,E-commerce,657.3,-0.182
2025-12-16,Amazon,E-commerce,624.4,-0.05
2025-12-17,Amazon,E-commerce,655.8,0.05
2025-12-18,Amazon,E-commerce,656.6,0.001
2025-12-19,Amazon,E-commerce,750.3,0.143
2025-12-20,Amazon,E-commerce,797.9,0.063
2025-12-21,Amazon,E-commerce,690.3,-0.135
2025-12-22,Amazon,E-commerce,571.7,-0.172
2025-12-23,Amazon,E-commerce,604.3,0.057
2025-12-24,Amazon,E-commerce,489.8,-0.189
2025-12-25,Amazon,E-commerce,506.7,0.034
2025-12-26,Amazon,E-commerce,595.9,0.176
2025-12-27,Amazon,E-commerce,613.9,0.03
2025-12-28,Amazon,E-commerce,586.4,-0.045
2025-12-29,Amazon,E-commerce,620.0,0.057
2025-12-30,Amazon,E-commerce,609.7,-0.017
2025-12-31,Amazon,E-commerce,620.8,0.018
2025-01-01,Apple Store,E-commerce,65594.0,
2025-01-02,Apple Store,E-commerce,77177.0,0.177
2025-01-03,Apple Store,E-commerce,73660.9,-0.046
2025-01-04,Apple Store,E-commerce,87249.6,0.184
2025-01-05,Apple Store,E-commerce,101396.2,0.162
2025-01-06,Apple Store,E-commerce,89058.0,-0.122
2025-01-07,Apple Store,E-commerce,73717.2,-0.172
2025-01-08,Apple Store,E-commerce,61945.4,-0.16
2025-01-09,Apple Store,E-commerce,50007.8,-0.193
2025-01-10,Apple Store,E-commerce,41895.4,-0.162
2025-01-11,Apple Store,E-commerce,44962.3,0.073
2025-01-12,Apple Store,E-commerce,37250.2,-0.172
2025-01-13,Apple Store,E-commerce,34552.9,-0.072
2025-01-14,Apple Store,E-commerce,39319.5,0.138
2025-01-15,Apple Store,E-commerce,31821.6,-0.191
2025-01-16,Apple Store,E-commerce,35824.3,0.126
2025-01-17,Apple Store,E-commerce,32698.4,-0.087
2025-01-18,Apple Store,E-commerce,27704.2,-0.153
2025-01-19,Apple Store,E-commerce,29884.4,0.079
2025-01-20,Apple Store,E-commerce,31425.7,0.052
2025-01-21,Apple Store,E-commerce,36170.7,0.151
2025-01-22,Apple Store,E-commerce,39571.8,0.094
2025-01-23,Apple Store,E-commerce,44375.5,0.121
2025-01-24,Apple Store,E-commerce,40506.5,-0.087
2025-01-25,Apple Store,E-commerce,35280.2,-0.129
2025-01-26,Apple Store,E-commerce,38816.9,0.1
2025-01-27,Apple Store,E-commerce,43581.1,0.123
2025-01-28,Apple Store,E-commerce,52131.8,0.196
2025-01-29,Apple Store,E-commerce,50309.6,-0.035
2025-01-30,Apple Store,E-commerce,47734.1,-0.051
2025-01-31,Apple Store,E-commerce,53011.8,0.111
2025-02-01,Apple Store,E-commerce,49636.1,-0.064
2025-02-02,Apple Store,E-commerce,58188.6,0.172
2025-02-03,Apple Store,E-commerce,66530.8,0.143
2025-02-04,Apple Store,E-commerce,64641.1,-0.028
2025-02-05,Apple Store,E-commerce,71127.8,0.1
2025-02-06,Apple Store,E-commerce,78369.8,0.102
2025-02-07,Apple Store,E-commerce,65928.6,-0.159
2025-02-08,Apple Store,E-commerce,76544.5,0.161
2025-02-09,Apple Store,E-commerce,76705.3,0.002
2025-02-10,Apple Store,E-commerce,86721.7,0.131
2025-02-11,Apple Store,E-commerce,80479.4,-0.072
2025-02-12,Apple Store,E-commerce,93212.0,0.158
2025-02-13,Apple Store,E-commerce,89080.9,-0.044
2025-02-14,Apple Store,E-commerce,71650.9,-0.196
2025-02-15,Apple Store,E-commerce,83269.3,0.162
2025-02-16,Apple Store,E-commerce,69656.0,-0.163
2025-02-17,Apple Store,E-commerce,64621.7,-0.072
2025-02-18,Apple Store,E-commerce,76255.2,0.18
2025-02-19,Apple Store,E-commerce,89999.6,0.18
2025-02-20,Apple Store,E-commerce,92643.4,0.029
2025-02-21,Apple Store,E-commerce,97528.9,0.053
2025-02-22,Apple Store,E-commerce,95517.7,-0.021
2025-02-23,Apple Store,E-commerce,87616.9,-0.083
2025-02-24,Apple Store,E-commerce,81612.1,-0.069
2025-02-25,Apple Store,E-commerce,87244.0,0.069
2025-02-26,Apple Store,E-commerce,96051.2,0.101
2025-02-27,Apple Store,E-commerce,107253.8,0.117
2025-02-28,Apple Store,E-commerce,119678.9,0.116
2025-03-01,Apple Store,E-commerce,100109.3,-0.164
2025-03-02,Apple Store,E-commerce,99885.9,-0.002
2025-03-03,Apple Store,E-commerce,82208.4,-0.177
2025-03-04,Apple Store,E-commerce,83837.1,0.02
2025-03-05,Apple Store,E-commerce,81876.3,-0.023
2025-03-06,Apple Store,E-commerce,94573.8,0.155
2025-03-07,Apple Store,E-commerce,88934.0,-0.06
2025-03-08,Apple Store,E-commerce,75311.7,-0.153
2025-03-09,Apple Store,E-commerce,64556.9,-0.143
2025-03-10,Apple Store,E-commerce,71309.9,0.105
2025-03-11,Apple Store,E-commerce,74681.9,0.047
2025-03-12,Apple Store,E-commerce,62766.4,-0.16
2025-03-13,Apple Store,E-commerce,52324.7,-0.166
2025-03-14,Apple Store,E-commerce,56531.0,0.08
2025-03-15,Apple Store,E-commerce,46870.1,-0.171
2025-03-16,Apple Store,E-commerce,52904.4,0.129
2025-03-17,Apple Store,E-commerce,57268.8,0.082
2025-03-18,Apple Store,E-commerce,47678.6,-0.167
2025-03-19,Apple Store,E-commerce,39760.8,-0.166
2025-03-20,Apple Store,E-commerce,47500.5,0.195
2025-03-21,Apple Store,E-commerce,45111.6,-0.05
2025-03-22,Apple Store,E-commerce,42777.4,-0.052
2025-03-23,Apple Store,E-commerce,48129.7,0.125
2025-03-24,Apple Store,E-commerce,56740.1,0.179
2025-03-25,Apple Store,E-commerce,67770.4,0.194
2025-03-26,Apple Store,E-commerce,74639.0,0.101
2025-03-27,Apple Store,E-commerce,70944.6,-0.049
2025-03-28,Apple Store,E-commerce,59125.3,-0.167
2025-03-29,Apple Store,E-commerce,65679.8,0.111
2025-03-30,Apple Store,E-commerce,67214.2,0.023
2025-03-31,Apple Store,E-commerce,65176.9,-0.03
2025-04-01,Apple Store,E-commerce,75770.9,0.163
2025-04-02,Apple Store,E-commerce,63986.9,-0.156
2025-04-03,Apple Store,E-commerce,63798.1,-0.003
2025-04-04,Apple Store,E-commerce,51328.2,-0.195
2025-04-05,Apple Store,E-commerce,50684.8,-0.013
2025-04-06,Apple Store,E-commerce,41689.3,-0.177
2025-04-07,Apple Store,E-commerce,35332.8,-0.152
2025-04-08,Apple Store,E-commerce,29927.3,-0.153
2025-04-09,Apple Store,E-commerce,31713.5,0.06
2025-04-10,Apple Store,E-commerce,34834.6,0.098
2025-04-11,Apple Store,E-commerce,35996.3,0.033
2025-04-12,Apple Store,E-commerce,42650.9,0.185
2025-04-13,Apple Store,E-commerce,40516.1,-0.05
2025-04-14,Apple Store,E-commerce,37043.3,-0.086
2025-04-15,Apple Store,E-commerce,42504.9,0.147
2025-04-16,Apple Store,E-commerce,37805.5,-0.111
2025-04-17,Apple Store,E-commerce,44810.5,0.185
2025-04-18,Apple Store,E-commerce,36066.2,-0.195
2025-04-19,Apple Store,E-commerce,42844.9,0.188
2025-04-20,Apple Store,E-commerce,35015.6,-0.183
2025-04-21,Apple Store,E-commerce,40494.1,0.156
2025-04-22,Apple Store,E-commerce,40942.8,0.011
2025-04-23,Apple Store,E-commerce,49016.1,0.197
2025-04-24,Apple Store,E-commerce,40659.8,-0.17
2025-04-25,Apple Store,E-commerce,41535.7,0.022
2025-04-26,Apple Store,E-commerce,49332.8,0.188
2025-04-27,Apple Store,E-commerce,49788.6,0.009
2025-04-28,Apple Store,E-commerce,52365.6,0.052
2025-04-29,Apple Store,E-commerce,56465.8,0.078
2025-04-30,Apple Store,E-commerce,55439.0,-0.018
2025-05-01,Apple Store,E-commerce,58267.7,0.051
2025-05-02,Apple Store,E-commerce,60232.8,0.034
2025-05-03,Apple Store,E-commerce,69898.0,0.16
2025-05-04,Apple Store,E-commerce,57189.0,-0.182
2025-05-05,Apple Store,E-commerce,52178.4,-0.088
2025-05-06,Apple Store,E-commerce,61579.1,0.18
2025-05-07,Apple Store,E-commerce,71192.0,0.156
2025-05-08,Apple Store,E-commerce,69929.2,-0.018
2025-05-09,Apple Store,E-commerce,73289.6,0.048
2025-05-10,Apple Store,E-commerce,66763.3,-0.089
2025-05-11,Apple Store,E-commerce,58434.5,-0.125
2025-05-12,Apple Store,E-commerce,57586.0,-0.015
2025-05-13,Apple Store,E-commerce,54208.0,-0.059
2025-05-14,Apple Store,E-commerce,56022.0,0.033
2025-05-15,Apple Store,E-commerce,46559.5,-0.169
2025-05-16,Apple Store,E-commerce,55394.5,0.19
2025-05-17,Apple Store,E-commerce,66167.9,0.194
2025-05-18,Apple Store,E-commerce,71412.7,0.079
2025-05-19,Apple Store,E-commerce,72443.8,0.014
2025-05-20,Apple Store,E-commerce,66924.4,-0.076
2025-05-21,Apple Store,E-commerce,75324.6,0.126
2025-05-22,Apple Store,E-commerce,80890.5,0.074
2025-05-23,Apple Store,E-commerce,69974.1,-0.135
2025-05-24,Apple Store,E-commerce,81475.8,0.164
2025-05-25,Apple Store,E-commerce,91987.4,0.129
2025-05-26,Apple Store,E-commerce,108537.7,0.18
2025-05-27,Apple Store,E-commerce,118337.3,0.09
2025-05-28,Apple Store,E-commerce,123705.9,0.045
2025-05-29,Apple Store,E-commerce,119660.3,-0.033
2025-05-30,Apple Store,E-commerce,140372.5,0.173
2025-05-31,Apple Store,E-commerce,160926.6,0.146
2025-06-01,Apple Store,E-commerce,131652.0,-0.182
2025-06-02,Apple Store,E-commerce,106710.1,-0.189
2025-06-03,Apple Store,E-commerce,101437.1,-0.049
2025-06-04,Apple Store,E-commerce,114037.8,0.124
2025-06-05,Apple Store,E-commerce,136264.9,0.195
2025-06-06,Apple Store,E-commerce,117210.5,-0.14
2025-06-07,Apple Store,E-commerce,121623.8,0.038
2025-06-08,Apple Store,E-commerce,115829.2,-0.048
2025-06-09,Apple Store,E-commerce,137601.1,0.188
2025-06-10,Apple Store,E-commerce,156431.5,0.137
2025-06-11,Apple Store,E-commerce,177601.6,0.135
2025-06-12,Apple Store,E-commerce,175377.5,-0.013
2025-06-13,Apple Store,E-commerce,169402.0,-0.034
2025-06-14,Apple Store,E-commerce,154047.9,-0.091
2025-06-15,Apple Store,E-commerce,126712.1,-0.177
2025-06-16,Apple Store,E-commerce,145198.0,0.146
2025-06-17,Apple Store,E-commerce,163371.1,0.125
2025-06-18,Apple Store,E-commerce,196026.8,0.2
2025-06-19,Apple Store,E-commerce,234968.5,0.199
2025-06-20,Apple Store,E-commerce,240178.4,0.022
2025-06-21,Apple Store,E-commerce,266020.4,0.108
2025-06-22,Apple Store,E-commerce,313347.1,0.178
2025-06-23,Apple Store,E-commerce,357171.5,0.14
2025-06-24,Apple Store,E-commerce,321075.5,-0.101
2025-06-25,Apple Store,E-commerce,314723.8,-0.02
2025-06-26,Apple Store,E-commerce,268038.9,-0.148
2025-06-27,Apple Store,E-commerce,316720.2,0.182
2025-06-28,Apple Store,E-commerce,330171.3,0.042
2025-06-29,Apple Store,E-commerce,294333.5,-0.109
2025-06-30,Apple Store,E-commerce,314548.4,0.069
2025-07-01,Apple Store,E-commerce,329411.3,0.047
2025-07-02,Apple Store,E-commerce,310722.1,-0.057
2025-07-03,Apple Store,E-commerce,262691.7,-0.155
2025-07-04,Apple Store,E-commerce,280720.0,0.069
2025-07-05,Apple Store,E-commerce,283000.3,0.008
2025-07-06,Apple Store,E-commerce,313826.8,0.109
2025-07-07,Apple Store,E-commerce,316357.9,0.008
2025-07-08,Apple Store,E-commerce,360924.1,0.141
2025-07-09,Apple Store,E-commerce,368417.9,0.021
2025-07-10,Apple Store,E-commerce,377398.1,0.024
2025-07-11,Apple Store,E-commerce,434257.5,0.151
2025-07-12,Apple Store,E-commerce,417492.1,-0.039
2025-07-13,Apple Store,E-commerce,356373.8,-0.146
2025-07-14,Apple Store,E-commerce,289202.0,-0.188
2025-07-15,Apple Store,E-commerce,318716.5,0.102
2025-07-16,Apple Store,E-commerce,334054.4,0.048
2025-07-17,Apple Store,E-commerce,361323.9,0.082
2025-07-18,Apple Store,E-commerce,319838.7,-0.115
2025-07-19,Apple Store,E-commerce,273317.7,-0.145
2025-07-20,Apple Store,E-commerce,220244.3,-0.194
2025-07-21,Apple Store,E-commerce,207081.4,-0.06
2025-07-22,Apple Store,E-commerce,214529.5,0.036
2025-07-23,Apple Store,E-commerce,205282.8,-0.043
2025-07-24,Apple Store,E-commerce,200148.6,-0.025
2025-07-25,Apple Store,E-commerce,232505.4,0.162
2025-07-26,Apple Store,E-commerce,218392.8,-0.061
2025-07-27,Apple Store,E-commerce,219614.9,0.006
2025-07-28,Apple Store,E-commerce,244532.7,0.113
2025-07-29,Apple Store,E-commerce,234413.2,-0.041
2025-07-30,Apple Store,E-commerce,245860.7,0.049
2025-07-31,Apple Store,E-commerce,281497.1,0.145
2025-08-01,Apple Store,E-commerce,332112.6,0.18
2025-08-02,Apple Store,E-commerce,285228.0,-0.141
2025-08-03,Apple Store,E-commerce,333897.9,0.171
2025-08-04,Apple Store,E-commerce,332845.0,-0.003
2025-08-05,Apple Store,E-commerce,300658.1,-0.097
2025-08-06,Apple Store,E-commerce,295743.7,-0.016
2025-08-07,Apple Store,E-commerce,352530.3,0.192
2025-08-08,Apple Store,E-commerce,351489.4,-0.003
2025-08-09,Apple Store,E-commerce,327412.6,-0.068
2025-08-10,Apple Store,E-commerce,344883.4,0.053
2025-08-11,Apple Store,E-commerce,309035.6,-0.104
2025-08-12,Apple Store,E-commerce,256606.3,-0.17
2025-08-13,Apple Store,E-commerce,218513.6,-0.148
2025-08-14,Apple Store,E-commerce,186002.8,-0.149
2025-08-15,Apple Store,E-commerce,160103.9,-0.139
2025-08-16,Apple Store,E-commerce,136973.9,-0.144
2025-08-17,Apple Store,E-commerce,144692.3,0.056
2025-08-18,Apple Store,E-commerce,126280.5,-0.127
2025-08-19,Apple Store,E-commerce,118484.8,-0.062
2025-08-20,Apple Store,E-commerce,137290.2,0.159
2025-08-21,Apple Store,E-commerce,135860.3,-0.01
2025-08-22,Apple Store,E-commerce,144966.1,0.067
2025-08-23,Apple Store,E-commerce,125965.1,-0.131
2025-08-24,Apple Store,E-commerce,110460.7,-0.123
2025-08-25,Apple Store,E-commerce,90174.3,-0.184
2025-08-26,Apple Store,E-commerce,78232.9,-0.132
2025-08-27,Apple Store,E-commerce,71304.3,-0.089
2025-08-28,Apple Store,E-commerce,62092.1,-0.129
2025-08-29,Apple Store,E-commerce,51876.8,-0.165
2025-08-30,Apple Store,E-commerce,44004.7,-0.152
2025-08-31,Apple Store,E-commerce,43314.3,-0.016
2025-09-01,Apple Store,E-commerce,38226.3,-0.117
2025-09-02,Apple Store,E-commerce,36150.9,-0.054
2025-09-03,Apple Store,E-commerce,36200.4,0.001
2025-09-04,Apple Store,E-commerce,38957.3,0.076
2025-09-05,Apple Store,E-commerce,31778.4,-0.184
2025-09-06,Apple Store,E-commerce,35584.4,0.12
2025-09-07,Apple Store,E-commerce,37404.9,0.051
2025-09-08,Apple Store,E-commerce,31147.2,-0.167
2025-09-09,Apple Store,E-commerce,35801.5,0.149
2025-09-10,Apple Store,E-commerce,41828.7,0.168
2025-09-11,Apple Store,E-commerce,34484.9,-0.176
2025-09-12,Apple Store,E-commerce,31407.1,-0.089
2025-09-13,Apple Store,E-commerce,35253.9,0.122
2025-09-14,Apple Store,E-commerce,38754.7,0.099
2025-09-15,Apple Store,E-commerce,33864.2,-0.126
2025-09-16,Apple Store,E-commerce,29927.2,-0.116
2025-09-17,Apple Store,E-commerce,28376.6,-0.052
2025-09-18,Apple Store,E-commerce,28200.9,-0.006
2025-09-19,Apple Store,E-commerce,29534.9,0.047
2025-09-20,Apple Store,E-commerce,27986.2,-0.052
2025-09-21,Apple Store,E-commerce,27566.8,-0.015
2025-09-22,Apple Store,E-commerce,30295.6,0.099
2025-09-23,Apple Store,E-commerce,24681.0,-0.185
2025-09-24,Apple Store,E-commerce,22237.0,-0.099
2025-09-25,Apple Store,E-commerce,24134.7,0.085
2025-09-26,Apple Store,E-commerce,27950.0,0.158
2025-09-27,Apple Store,E-commerce,28080.5,0.005
2025-09-28,Apple Store,E-commerce,28441.2,0.013
2025-09-29,Apple Store,E-commerce,23972.2,-0.157
2025-09-30,Apple Store,E-commerce,23468.0,-0.021
2025-10-01,Apple Store,E-commerce,23774.1,0.013
2025-10-02,Apple Store,E-commerce,21325.1,-0.103
2025-10-03,Apple Store,E-commerce,19356.8,-0.092
2025-10-04,Apple Store,E-commerce,18406.6,-0.049
2025-10-05,Apple Store,E-commerce,14873.1,-0.192
2025-10-06,Apple Store,E-commerce,13814.6,-0.071
2025-10-07,Apple Store,E-commerce,12220.1,-0.115
2025-10-08,Apple Store,E-commerce,11376.9,-0.069
2025-10-09,Apple Store,E-commerce,9646.5,-0.152
2025-10-10,Apple Store,E-commerce,11153.4,0.156
2025-10-11,Apple Store,E-commerce,11571.0,0.037
2025-10-12,Apple Store,E-commerce,12399.9,0.072
2025-10-13,Apple Store,E-commerce,13834.2,0.116
2025-10-14,Apple Store,E-commerce,13825.6,-0.001
2025-10-15,Apple Store,E-commerce,11541.1,-0.165
2025-10-16,Apple Store,E-commerce,11712.4,0.015
2025-10-17,Apple Store,E-commerce,12119.3,0.035
2025-10-18,Apple Store,E-commerce,13309.1,0.098
2025-10-19,Apple Store,E-commerce,12945.3,-0.027
2025-10-20,Apple Store,E-commerce,11016.9,-0.149
2025-10-21,Apple Store,E-commerce,10064.0,-0.086
2025-10-22,Apple Store,E-commerce,9512.8,-0.055
2025-10-23,Apple Store,E-commerce,10068.1,0.058
2025-10-24,Apple Store,E-commerce,10353.1,0.028
2025-10-25,Apple Store,E-commerce,9757.2,-0.058
2025-10-26,Apple Store,E-commerce,11656.0,0.195
2025-10-27,Apple Store,E-commerce,12149.1,0.042
2025-10-28,Apple Store,E-commerce,10872.2,-0.105
2025-10-29,Apple Store,E-commerce,9140.4,-0.159
2025-10-30,Apple Store,E-commerce,7871.2,-0.139
2025-10-31,Apple Store,E-commerce,7071.3,-0.102
2025-11-01,Apple Store,E-commerce,6111.6,-0.136
2025-11-02,Apple Store,E-commerce,5345.3,-0.125
2025-11-03,Apple Store,E-commerce,4885.8,-0.086
2025-11-04,Apple Store,E-commerce,4247.5,-0.131
2025-11-05,Apple Store,E-commerce,4921.6,0.159
2025-11-06,Apple Store,E-commerce,4095.2,-0.168
2025-11-07,Apple Store,E-commerce,4135.4,0.01
2025-11-08,Apple Store,E-commerce,3987.2,-0.036
2025-11-09,Apple Store,E-commerce,4756.5,0.193
2025-11-10,Apple Store,E-commerce,4018.4,-0.155
2025-11-11,Apple Store,E-commerce,3854.2,-0.041
2025-11-12,Apple Store,E-commerce,4577.9,0.188
2025-11-13,Apple Store,E-commerce,5247.3,0.146
2025-11-14,Apple Store,E-commerce,5912.8,0.127
2025-11-15,Apple Store,E-commerce,5340.2,-0.097
2025-11-16,Apple Store,E-commerce,4637.2,-0.132
2025-11-17,Apple Store,E-commerce,4950.0,0.067
2025-11-18,Apple Store,E-commerce,5800.1,0.172
2025-11-19,Apple Store,E-commerce,5931.8,0.023
2025-11-20,Apple Store,E-commerce,6101.8,0.029
2025-11-21,Apple Store,E-commerce,5564.7,-0.088
2025-11-22,Apple Store,E-commerce,6164.6,0.108
2025-11-23,Apple Store,E-commerce,5392.9,-0.125
2025-11-24,Apple Store,E-commerce,5012.6,-0.071
2025-11-25,Apple Store,E-commerce,4863.1,-0.03
2025-11-26,Apple Store,E-commerce,4877.9,0.003
2025-11-27,Apple Store,E-commerce,4375.3,-0.103
2025-11-28,Apple Store,E-commerce,3701.2,-0.154
2025-11-29,Apple Store,E-commerce,3865.0,0.044
2025-11-30,Apple Store,E-commerce,3538.2,-0.085
2025-12-01,Apple Store,E-commerce,3653.2,0.032
2025-12-02,Apple Store,E-commerce,3148.1,-0.138
2025-12-03,Apple Store,E-commerce,3124.3,-0.008
2025-12-04,Apple Store,E-commerce,3165.1,0.013
2025-12-05,Apple Store,E-commerce,2597.7,-0.179
2025-12-06,Apple Store,E-commerce,2427.9,-0.065
2025-12-07,Apple Store,E-commerce,2072.8,-0.146
2025-12-08,Apple Store,E-commerce,1710.8,-0.175
2025-12-09,Apple Store,E-commerce,2046.1,0.196
2025-12-10,Apple Store,E-commerce,1900.7,-0.071
2025-12-11,Apple Store,E-commerce,2136.3,0.124
2025-12-12,Apple Store,E-commerce,1926.7,-0.098
2025-12-13,Apple Store,E-commerce,2066.5,0.073
2025-12-14,Apple Store,E-commerce,2281.6,0.104
2025-12-15,Apple Store,E-commerce,2368.9,0.038
2025-12-16,Apple Store,E-commerce,2342.0,-0.011
2025-12-17,Apple Store,E-commerce,2259.4,-0.035
2025-12-18,Apple Store,E-commerce,2122.8,-0.06
2025-12-19,Apple Store,E-commerce,2487.5,0.172
2025-12-20,Apple Store,E-commerce,2816.5,0.132
2025-12-21,Apple Store,E-commerce,3340.4,0.186
2025-12-22,Apple Store,E-commerce,2838.4,-0.15
2025-12-23,Apple Store,E-commerce,3100.5,0.092
2025-12-24,Apple Store,E-commerce,3644.2,0.175
2025-12-25,Apple Store,E-commerce,3179.5,-0.128
2025-12-26,Apple Store,E-commerce,2628.2,-0.173
2025-12-27,Apple Store,E-commerce,2881.7,0.096
2025-12-28,Apple Store,E-commerce,2967.5,0.03
2025-12-29,Apple Store,E-commerce,3373.3,0.137
2025-12-30,Apple Store,E-commerce,2887.2,-0.144
2025-12-31,Apple Store,E-commerce,3228.2,0.118
2025-01-01,Google,Technology,17938.0,
2025-01-02,Google,Technology,15797.1,-0.119
2025-01-03,Google,Technology,13671.8,-0.135
2025-01-04,Google,Technology,11835.8,-0.134
2025-01-05,Google,Technology,13325.1,0.126
2025-01-06,Google,Technology,14205.6,0.066
2025-01-07,Google,Technology,14336.6,0.009
2025-01-08,Google,Technology,13527.1,-0.056
2025-01-09,Google,Technology,15568.0,0.151
2025-01-10,Google,Technology,14898.3,-0.043
2025-01-11,Google,Technology,16785.0,0.127
2025-01-12,Google,Technology,16376.3,-0.024
2025-01-13,Google,Technology,15570.3,-0.049
2025-01-14,Google,Technology,15337.8,-0.015
2025-01-15,Google,Technology,14119.3,-0.079
2025-01-16,Google,Technology,15517.7,0.099
2025-01-17,Google,Technology,15534.6,0.001
2025-01-18,Google,Technology,13870.6,-0.107
2025-01-19,Google,Technology,16087.5,0.16
2025-01-20,Google,Technology,15340.4,-0.046
2025-01-21,Google,Technology,15607.6,0.017
2025-01-22,Google,Technology,18145.2,0.163
2025-01-23,Google,Technology,19047.0,0.05
2025-01-24,Google,Technology,16128.2,-0.153
2025-01-25,Google,Technology,18965.7,0.176
2025-01-26,Google,Technology,19934.5,0.051
2025-01-27,Google,Technology,18618.1,-0.066
2025-01-28,Google,Technology,15931.6,-0.144
2025-01-29,Google,Technology,17805.4,0.118
2025-01-30,Google,Technology,18660.5,0.048
2025-01-31,Google,Technology,18910.3,0.013
2025-02-01,Google,Technology,21889.7,0.158
2025-02-02,Google,Technology,24416.7,0.115
2025-02-03,Google,Technology,21014.7,-0.139
2025-02-04,Google,Technology,19432.1,-0.075
2025-02-05,Google,Technology,17477.1,-0.101
2025-02-06,Google,Technology,19182.5,0.098
2025-02-07,Google,Technology,15603.3,-0.187
2025-02-08,Google,Technology,16039.5,0.028
2025-02-09,Google,Technology,17723.4,0.105
2025-02-10,Google,Technology,20394.4,0.151
2025-02-11,Google,Technology,19106.1,-0.063
2025-02-12,Google,Technology,21561.3,0.129
2025-02-13,Google,Technology,18203.2,-0.156
2025-02-14,Google,Technology,20725.8,0.139
2025-02-15,Google,Technology,17637.6,-0.149
2025-02-16,Google,Technology,16912.9,-0.041
2025-02-17,Google,Technology,18924.2,0.119
2025-02-18,Google,Technology,16274.2,-0.14
2025-02-19,Google,Technology,14511.7,-0.108
2025-02-20,Google,Technology,15801.8,0.089
2025-02-21,Google,Technology,17192.6,0.088
2025-02-22,Google,Technology,18163.3,0.056
2025-02-23,Google,Technology,19572.4,0.078
2025-02-24,Google,Technology,19906.9,0.017
2025-02-25,Google,Technology,17930.5,-0.099
2025-02-26,Google,Technology,16823.8,-0.062
2025-02-27,Google,Technology,14681.1,-0.127
2025-02-28,Google,Technology,17079.7,0.163
2025-03-01,Google,Technology,17649.4,0.033
2025-03-02,Google,Technology,16949.5,-0.04
2025-03-03,Google,Technology,16691.9,-0.015
2025-03-04,Google,Technology,19678.3,0.179
2025-03-05,Google,Technology,16949.7,-0.139
2025-03-06,Google,Technology,17534.3,0.034
2025-03-07,Google,Technology,17575.6,0.002
2025-03-08,Google,Technology,18359.2,0.045
2025-03-09,Google,Technology,14820.3,-0.193
2025-03-10,Google,Technology,17026.3,0.149
2025-03-11,Google,Technology,19969.3,0.173
2025-03-12,Google,Technology,20489.6,0.026
2025-03-13,Google,Technology,22101.3,0.079
2025-03-14,Google,Technology,25836.4,0.169
2025-03-15,Google,Technology,27978.1,0.083
2025-03-16,Google,Technology,24089.6,-0.139
2025-03-17,Google,Technology,24824.7,0.031
2025-03-18,Google,Technology,25884.4,0.043
2025-03-19,Google,Technology,25098.8,-0.03
2025-03-20,Google,Technology,27472.6,0.095
2025-03-21,Google,Technology,32245.9,0.174
2025-03-22,Google,Technology,37735.0,0.17
2025-03-23,Google,Technology,36993.0,-0.02
2025-03-24,Google,Technology,31270.0,-0.155
2025-03-25,Google,Technology,37334.4,0.194
2025-03-26,Google,Technology,42395.4,0.136
2025-03-27,Google,Technology,36030.4,-0.15
2025-03-28,Google,Technology,42095.6,0.168
2025-03-29,Google,Technology,48324.0,0.148
2025-03-30,Google,Technology,48688.2,0.008
2025-03-31,Google,Technology,50465.8,0.037
2025-04-01,Google,Technology,48427.0,-0.04
2025-04-02,Google,Technology,39802.4,-0.178
2025-04-03,Google,Technology,37178.6,-0.066
2025-04-04,Google,Technology,41682.4,0.121
2025-04-05,Google,Technology,33423.2,-0.198
2025-04-06,Google,Technology,31197.2,-0.067
2025-04-07,Google,Technology,29926.4,-0.041
2025-04-08,Google,Technology,30374.1,0.015
2025-04-09,Google,Technology,35475.2,0.168
2025-04-10,Google,Technology,33294.8,-0.061
2025-04-11,Google,Technology,31256.5,-0.061
2025-04-12,Google,Technology,34225.9,0.095
2025-04-13,Google,Technology,33571.8,-0.019
2025-04-14,Google,Technology,29873.6,-0.11
2025-04-15,Google,Technology,29305.3,-0.019
2025-04-16,Google,Technology,25095.3,-0.144
2025-04-17,Google,Technology,21846.9,-0.129
2025-04-18,Google,Technology,21832.6,-0.001
2025-04-19,Google,Technology,21124.6,-0.032
2025-04-20,Google,Technology,24630.0,0.166
2025-04-21,Google,Technology,23274.3,-0.055
2025-04-22,Google,Technology,24024.5,0.032
2025-04-23,Google,Technology,25295.6,0.053
2025-04-24,Google,Technology,20368.9,-0.195
2025-04-25,Google,Technology,21701.4,0.065
2025-04-26,Google,Technology,18906.5,-0.129
2025-04-27,Google,Technology,22393.4,0.184
2025-04-28,Google,Technology,19246.4,-0.141
2025-04-29,Google,Technology,18589.1,-0.034
2025-04-30,Google,Technology,15505.9,-0.166
2025-05-01,Google,Technology,18587.7,0.199
2025-05-02,Google,Technology,18604.0,0.001
2025-05-03,Google,Technology,19313.9,0.038
2025-05-04,Google,Technology,15969.3,-0.173
2025-05-05,Google,Technology,17566.0,0.1
2025-05-06,Google,Technology,15527.6,-0.116
2025-05-07,Google,Technology,18000.0,0.159
2025-05-08,Google,Technology,15877.0,-0.118
2025-05-09,Google,Technology,13912.6,-0.124
2025-05-10,Google,Technology,11333.5,-0.185
2025-05-11,Google,Technology,11206.9,-0.011
2025-05-12,Google,Technology,11497.5,0.026
2025-05-13,Google,Technology,9500.2,-0.174
2025-05-14,Google,Technology,10547.2,0.11
2025-05-15,Google,Technology,10350.2,-0.019
2025-05-16,Google,Technology,10451.2,0.01
2025-05-17,Google,Technology,10203.5,-0.024
2025-05-18,Google,Technology,9798.5,-0.04
2025-05-19,Google,Technology,10032.2,0.024
2025-05-20,Google,Technology,8648.8,-0.138
2025-05-21,Google,Technology,7548.4,-0.127
2025-05-22,Google,Technology,8640.7,0.145
2025-05-23,Google,Technology,10182.7,0.178
2025-05-24,Google,Technology,9666.6,-0.051
2025-05-25,Google,Technology,8780.2,-0.092
2025-05-26,Google,Technology,9285.9,0.058
2025-05-27,Google,Technology,8946.9,-0.037
2025-05-28,Google,Technology,7248.4,-0.19
2025-05-29,Google,Technology,6251.5,-0.138
2025-05-30,Google,Technology,6791.5,0.086
2025-05-31,Google,Technology,7223.2,0.064
2025-06-01,Google,Technology,5856.9,-0.189
2025-06-02,Google,Technology,5205.5,-0.111
2025-06-03,Google,Technology,4645.6,-0.108
2025-06-04,Google,Technology,4965.0,0.069
2025-06-05,Google,Technology,4011.1,-0.192
2025-06-06,Google,Technology,3375.9,-0.158
2025-06-07,Google,Technology,3780.9,0.12
2025-06-08,Google,Technology,3294.8,-0.129
2025-06-09,Google,Technology,3496.1,0.061
2025-06-10,Google,Technology,3130.0,-0.105
2025-06-11,Google,Technology,2628.5,-0.16
2025-06-12,Google,Technology,2358.4,-0.103
2025-06-13,Google,Technology,2568.1,0.089
2025-06-14,Google,Technology,2933.5,0.142
2025-06-15,Google,Technology,3321.0,0.132
2025-06-16,Google,Technology,3184.4,-0.041
2025-06-17,Google,Technology,3398.5,0.067
2025-06-18,Google,Technology,2997.5,-0.118
2025-06-19,Google,Technology,2749.5,-0.083
2025-06-20,Google,Technology,3185.3,0.159
2025-06-21,Google,Technology,2564.8,-0.195
2025-06-22,Google,Technology,2139.6,-0.166
2025-06-23,Google,Technology,1889.6,-0.117
2025-06-24,Google,Technology,1531.7,-0.189
2025-06-25,Google,Technology,1336.5,-0.127
2025-06-26,Google,Technology,1380.9,0.033
2025-06-27,Google,Technology,1337.5,-0.031
2025-06-28,Google,Technology,1547.6,0.157
2025-06-29,Google,Technology,1744.1,0.127
2025-06-30,Google,Technology,1633.8,-0.063
2025-07-01,Google,Technology,1476.6,-0.096
2025-07-02,Google,Technology,1405.5,-0.048
2025-07-03,Google,Technology,1456.3,0.036
2025-07-04,Google,Technology,1321.2,-0.093
2025-07-05,Google,Technology,1386.8,0.05
2025-07-06,Google,Technology,1336.5,-0.036
2025-07-07,Google,Technology,1364.3,0.021
2025-07-08,Google,Technology,1329.5,-0.026
2025-07-09,Google,Technology,1220.2,-0.082
2025-07-10,Google,Technology,1439.1,0.179
2025-07-11,Google,Technology,1590.8,0.105
2025-07-12,Google,Technology,1361.8,-0.144
2025-07-13,Google,Technology,1562.5,0.147
2025-07-14,Google,Technology,1554.7,-0.005
2025-07-15,Google,Technology,1800.0,0.158
2025-07-16,Google,Technology,2015.9,0.12
2025-07-17,Google,Technology,1955.6,-0.03
2025-07-18,Google,Technology,1582.1,-0.191
2025-07-19,Google,Technology,1435.7,-0.093
2025-07-20,Google,Technology,1459.6,0.017
2025-07-21,Google,Technology,1537.5,0.053
2025-07-22,Google,Technology,1388.6,-0.097
2025-07-23,Google,Technology,1188.3,-0.144
2025-07-24,Google,Technology,1347.5,0.134
2025-07-25,Google,Technology,1608.6,0.194
2025-07-26,Google,Technology,1625.1,0.01
2025-07-27,Google,Technology,1411.7,-0.131
2025-07-28,Google,Technology,1283.1,-0.091
2025-07-29,Google,Technology,1035.9,-0.193
2025-07-30,Google,Technology,1207.6,0.166
2025-07-31,Google,Technology,1023.0,-0.153
2025-08-01,Google,Technology,1054.3,0.031
2025-08-02,Google,Technology,959.0,-0.09
2025-08-03,Google,Technology,979.8,0.022
2025-08-04,Google,Technology,1039.1,0.061
2025-08-05,Google,Technology,1176.2,0.132
2025-08-06,Google,Technology,1038.1,-0.117
2025-08-07,Google,Technology,835.0,-0.196
2025-08-08,Google,Technology,713.7,-0.145
2025-08-09,Google,Technology,827.9,0.16
2025-08-10,Google,Technology,951.7,0.15
2025-08-11,Google,Technology,988.8,0.039
2025-08-12,Google,Technology,1028.6,0.04
2025-08-13,Google,Technology,1096.5,0.066
2025-08-14,Google,Technology,954.1,-0.13
2025-08-15,Google,Technology,1112.3,0.166
2025-08-16,Google,Technology,1076.1,-0.032
2025-08-17,Google,Technology,1025.8,-0.047
2025-08-18,Google,Technology,1033.6,0.008
2025-08-19,Google,Technology,846.3,-0.181
2025-08-20,Google,Technology,733.3,-0.133
2025-08-21,Google,Technology,803.1,0.095
2025-08-22,Google,Technology,669.1,-0.167
2025-08-23,Google,Technology,696.7,0.041
2025-08-24,Google,Technology,625.8,-0.102
2025-08-25,Google,Technology,598.0,-0.044
2025-08-26,Google,Technology,547.5,-0.085
2025-08-27,Google,Technology,515.9,-0.058
2025-08-28,Google,Technology,561.1,0.088
2025-08-29,Google,Technology,515.6,-0.081
2025-08-30,Google,Technology,529.3,0.027
2025-08-31,Google,Technology,524.2,-0.01
2025-09-01,Google,Technology,558.5,0.065
2025-09-02,Google,Technology,656.1,0.175
2025-09-03,Google,Technology,717.1,0.093
2025-09-04,Google,Technology,635.4,-0.114
2025-09-05,Google,Technology,516.2,-0.188
2025-09-06,Google,Technology,467.1,-0.095
2025-09-07,Google,Technology,484.9,0.038
2025-09-08,Google,Technology,397.9,-0.179
2025-09-09,Google,Technology,397.3,-0.001
2025-09-10,Google,Technology,412.7,0.039
2025-09-11,Google,Technology,385.3,-0.066
2025-09-12,Google,Technology,427.1,0.108
2025-09-13,Google,Technology,359.9,-0.157
2025-09-14,Google,Technology,298.7,-0.17
2025-09-15,Google,Technology,326.0,0.091
2025-09-16,Google,Technology,325.4,-0.002
2025-09-17,Google,Technology,349.9,0.075
2025-09-18,Google,Technology,340.8,-0.026
2025-09-19,Google,Technology,306.2,-0.101
2025-09-20,Google,Technology,345.3,0.128
2025-09-21,Google,Technology,386.7,0.12
2025-09-22,Google,Technology,416.8,0.078
2025-09-23,Google,Technology,378.8,-0.091
2025-09-24,Google,Technology,392.5,0.036
2025-09-25,Google,Technology,370.6,-0.056
2025-09-26,Google,Technology,310.1,-0.163
2025-09-27,Google,Technology,361.9,0.167
2025-09-28,Google,Technology,309.3,-0.145
2025-09-29,Google,Technology,365.0,0.18
2025-09-30,Google,Technology,357.1,-0.022
2025-10-01,Google,Technology,312.1,-0.126
2025-10-02,Google,Technology,317.4,0.017
2025-10-03,Google,Technology,364.7,0.149
2025-10-04,Google,Technology,398.6,0.093
2025-10-05,Google,Technology,447.5,0.123
2025-10-06,Google,Technology,475.9,0.064
2025-10-07,Google,Technology,512.5,0.077
2025-10-08,Google,Technology,584.1,0.14
2025-10-09,Google,Technology,525.6,-0.1
2025-10-10,Google,Technology,523.4,-0.004
2025-10-11,Google,Technology,465.0,-0.112
2025-10-12,Google,Technology,555.7,0.195
2025-10-13,Google,Technology,654.4,0.178
2025-10-14,Google,Technology,533.8,-0.184
2025-10-15,Google,Technology,577.7,0.082
2025-10-16,Google,Technology,676.0,0.17
2025-10-17,Google,Technology,589.6,-0.128
2025-10-18,Google,Technology,605.7,0.027
2025-10-19,Google,Technology,706.3,0.166
2025-10-20,Google,Technology,574.6,-0.186
2025-10-21,Google,Technology,620.0,0.079
2025-10-22,Google,Technology,569.8,-0.081
2025-10-23,Google,Technology,666.5,0.17
2025-10-24,Google,Technology,792.1,0.188
2025-10-25,Google,Technology,932.8,0.178
2025-10-26,Google,Technology,923.2,-0.01
2025-10-27,Google,Technology,1056.9,0.145
2025-10-28,Google,Technology,1202.6,0.138
2025-10-29,Google,Technology,1115.5,-0.072
2025-10-30,Google,Technology,1262.3,0.132
2025-10-31,Google,Technology,1028.5,-0.185
2025-11-01,Google,Technology,1068.1,0.039
2025-11-02,Google,Technology,952.8,-0.108
2025-11-03,Google,Technology,808.2,-0.152
2025-11-04,Google,Technology,671.4,-0.169
2025-11-05,Google,Technology,724.1,0.079
2025-11-06,Google,Technology,677.8,-0.064
2025-11-07,Google,Technology,738.7,0.09
2025-11-08,Google,Technology,610.3,-0.174
2025-11-09,Google,Technology,565.2,-0.074
2025-11-10,Google,Technology,574.1,0.016
2025-11-11,Google,Technology,640.9,0.116
2025-11-12,Google,Technology,594.4,-0.072
2025-11-13,Google,Technology,624.3,0.05
2025-11-14,Google,Technology,720.7,0.154
2025-11-15,Google,Technology,754.1,0.046
2025-11-16,Google,Technology,673.6,-0.107
2025-11-17,Google,Technology,545.4,-0.19
2025-11-18,Google,Technology,626.2,0.148
2025-11-19,Google,Technology,506.3,-0.191
2025-11-20,Google,Technology,582.2,0.15
2025-11-21,Google,Technology,588.9,0.012
2025-11-22,Google,Technology,692.3,0.176
2025-11-23,Google,Technology,775.1,0.12
2025-11-24,Google,Technology,929.4,0.199
2025-11-25,Google,Technology,873.9,-0.06
2025-11-26,Google,Technology,967.3,0.107
2025-11-27,Google,Technology,929.4,-0.039
2025-11-28,Google,Technology,921.9,-0.008
2025-11-29,Google,Technology,968.9,0.051
2025-11-30,Google,Technology,1113.8,0.149
2025-12-01,Google,Technology,1329.4,0.194
2025-12-02,Google,Technology,1472.1,0.107
2025-12-03,Google,Technology,1423.6,-0.033
2025-12-04,Google,Technology,1378.9,-0.031
2025-12-05,Google,Technology,1509.9,0.095
2025-12-06,Google,Technology,1352.1,-0.104
2025-12-07,Google,Technology,1141.5,-0.156
2025-12-08,Google,Technology,1075.1,-0.058
2025-12-09,Google,Technology,983.6,-0.085
2025-12-10,Google,Technology,903.4,-0.081
2025-12-11,Google,Technology,807.2,-0.107
2025-12-12,Google,Technology,659.3,-0.183
2025-12-13,Google,Technology,532.2,-0.193
2025-12-14,Google,Technology,636.0,0.195
2025-12-15,Google,Technology,617.6,-0.029
2025-12-16,Google,Technology,589.1,-0.046
2025-12-17,Google,Technology,631.4,0.072
2025-12-18,Google,Technology,560.2,-0.113
2025-12-19,Google,Technology,661.1,0.18
2025-12-20,Google,Technology,736.8,0.115
2025-12-21,Google,Technology,615.8,-0.164
2025-12-22,Google,Technology,595.5,-0.033
2025-12-23,Google,Technology,685.8,0.152
2025-12-24,Google,Technology,807.8,0.178
2025-12-25,Google,Technology,797.2,-0.013
2025-12-26,Google,Technology,833.4,0.045
2025-12-27,Google,Technology,722.4,-0.133
2025-12-28,Google,Technology,864.3,0.196
2025-12-29,Google,Technology,771.6,-0.107
2025-12-30,Google,Technology,908.2,0.177
2025-12-31,Google,Technology,962.6,0.06
2025-01-01,Nvidia,Semiconductors,47230.0,
2025-01-02,Nvidia,Semiconductors,49265.4,0.043
2025-01-03,Nvidia,Semiconductors,49515.4,0.005
2025-01-04,Nvidia,Semiconductors,44181.0,-0.108
2025-01-05,Nvidia,Semiconductors,38464.5,-0.129
2025-01-06,Nvidia,Semiconductors,34163.9,-0.112
2025-01-07,Nvidia,Semiconductors,29878.9,-0.125
2025-01-08,Nvidia,Semiconductors,33220.4,0.112
2025-01-09,Nvidia,Semiconductors,31228.9,-0.06
2025-01-10,Nvidia,Semiconductors,25705.6,-0.177
2025-01-11,Nvidia,Semiconductors,30529.1,0.188
2025-01-12,Nvidia,Semiconductors,35215.7,0.154
2025-01-13,Nvidia,Semiconductors,41241.1,0.171
2025-01-14,Nvidia,Semiconductors,49405.4,0.198
2025-01-15,Nvidia,Semiconductors,42960.8,-0.13
2025-01-16,Nvidia,Semiconductors,41177.8,-0.042
2025-01-17,Nvidia,Semiconductors,45431.3,0.103
2025-01-18,Nvidia,Semiconductors,48993.5,0.078
2025-01-19,Nvidia,Semiconductors,42210.8,-0.138
2025-01-20,Nvidia,Semiconductors,47543.4,0.126
2025-01-21,Nvidia,Semiconductors,42303.0,-0.11
2025-01-22,Nvidia,Semiconductors,37629.6,-0.11
2025-01-23,Nvidia,Semiconductors,38186.2,0.015
2025-01-24,Nvidia,Semiconductors,39605.8,0.037
2025-01-25,Nvidia,Semiconductors,40874.5,0.032
2025-01-26,Nvidia,Semiconductors,34195.4,-0.163
2025-01-27,Nvidia,Semiconductors,39358.4,0.151
2025-01-28,Nvidia,Semiconductors,35668.1,-0.094
2025-01-29,Nvidia,Semiconductors,30382.3,-0.148
2025-01-30,Nvidia,Semiconductors,35106.8,0.155
2025-01-31,Nvidia,Semiconductors,41505.3,0.182
2025-02-01,Nvidia,Semiconductors,47517.4,0.145
2025-02-02,Nvidia,Semiconductors,53400.4,0.124
2025-02-03,Nvidia,Semiconductors,56716.4,0.062
2025-02-04,Nvidia,Semiconductors,57870.2,0.02
2025-02-05,Nvidia,Semiconductors,48309.7,-0.165
2025-02-06,Nvidia,Semiconductors,46540.7,-0.037
2025-02-07,Nvidia,Semiconductors,44170.6,-0.051
2025-02-08,Nvidia,Semiconductors,39925.9,-0.096
2025-02-09,Nvidia,Semiconductors,43494.0,0.089
2025-02-10,Nvidia,Semiconductors,43422.2,-0.002
2025-02-11,Nvidia,Semiconductors,36145.5,-0.168
2025-02-12,Nvidia,Semiconductors,32099.8,-0.112
2025-02-13,Nvidia,Semiconductors,34452.9,0.073
2025-02-14,Nvidia,Semiconductors,28611.5,-0.17
2025-02-15,Nvidia,Semiconductors,32630.9,0.14
2025-02-16,Nvidia,Semiconductors,32567.5,-0.002
2025-02-17,Nvidia,Semiconductors,32314.6,-0.008
2025-02-18,Nvidia,Semiconductors,33509.1,0.037
2025-02-19,Nvidia,Semiconductors,37861.0,0.13
2025-02-20,Nvidia,Semiconductors,35556.1,-0.061
2025-02-21,Nvidia,Semiconductors,38088.0,0.071
2025-02-22,Nvidia,Semiconductors,39089.4,0.026
2025-02-23,Nvidia,Semiconductors,35446.7,-0.093
2025-02-24,Nvidia,Semiconductors,40815.2,0.151
2025-02-25,Nvidia,Semiconductors,45671.0,0.119
2025-02-26,Nvidia,Semiconductors,48565.6,0.063
2025-02-27,Nvidia,Semiconductors,55376.1,0.14
2025-02-28,Nvidia,Semiconductors,63511.9,0.147
2025-03-01,Nvidia,Semiconductors,68805.3,0.083
2025-03-02,Nvidia,Semiconductors,78080.6,0.135
2025-03-03,Nvidia,Semiconductors,84248.1,0.079
2025-03-04,Nvidia,Semiconductors,90318.7,0.072
2025-03-05,Nvidia,Semiconductors,94603.8,0.047
2025-03-06,Nvidia,Semiconductors,104167.0,0.101
2025-03-07,Nvidia,Semiconductors,89942.2,-0.137
2025-03-08,Nvidia,Semiconductors,103644.7,0.152
2025-03-09,Nvidia,Semiconductors,119060.5,0.149
2025-03-10,Nvidia,Semiconductors,96641.3,-0.188
2025-03-11,Nvidia,Semiconductors,109236.3,0.13
2025-03-12,Nvidia,Semiconductors,93019.9,-0.148
2025-03-13,Nvidia,Semiconductors,86885.0,-0.066
2025-03-14,Nvidia,Semiconductors,95347.9,0.097
2025-03-15,Nvidia,Semiconductors,82409.6,-0.136
2025-03-16,Nvidia,Semiconductors,92891.0,0.127
2025-03-17,Nvidia,Semiconductors,105231.9,0.133
2025-03-18,Nvidia,Semiconductors,105546.2,0.003
2025-03-19,Nvidia,Semiconductors,84706.6,-0.197
2025-03-20,Nvidia,Semiconductors,77490.9,-0.085
2025-03-21,Nvidia,Semiconductors,81115.2,0.047
2025-03-22,Nvidia,Semiconductors,96727.8,0.192
2025-03-23,Nvidia,Semiconductors,101827.8,0.053
2025-03-24,Nvidia,Semiconductors,92044.3,-0.096
2025-03-25,Nvidia,Semiconductors,96978.1,0.054
2025-03-26,Nvidia,Semiconductors,98529.2,0.016
2025-03-27,Nvidia,Semiconductors,109558.4,0.112
2025-03-28,Nvidia,Semiconductors,92335.0,-0.157
2025-03-29,Nvidia,Semiconductors,101975.8,0.104
2025-03-30,Nvidia,Semiconductors,103659.0,0.017
2025-03-31,Nvidia,Semiconductors,122856.3,0.185
2025-04-01,Nvidia,Semiconductors,115085.5,-0.063
2025-04-02,Nvidia,Semiconductors,121190.7,0.053
2025-04-03,Nvidia,Semiconductors,142133.8,0.173
2025-04-04,Nvidia,Semiconductors,119535.1,-0.159
2025-04-05,Nvidia,Semiconductors,140440.7,0.175
2025-04-06,Nvidia,Semiconductors,150995.5,0.075
2025-04-07,Nvidia,Semiconductors,124893.6,-0.173
2025-04-08,Nvidia,Semiconductors,114950.3,-0.08
2025-04-09,Nvidia,Semiconductors,124522.0,0.083
2025-04-10,Nvidia,Semiconductors,102972.3,-0.173
2025-04-11,Nvidia,Semiconductors,106356.8,0.033
2025-04-12,Nvidia,Semiconductors,99800.2,-0.062
2025-04-13,Nvidia,Semiconductors,104627.2,0.048
2025-04-14,Nvidia,Semiconductors,85616.1,-0.182
2025-04-15,Nvidia,Semiconductors,98339.9,0.149
2025-04-16,Nvidia,Semiconductors,116965.1,0.189
2025-04-17,Nvidia,Semiconductors,138902.0,0.188
2025-04-18,Nvidia,Semiconductors,152772.8,0.1
2025-04-19,Nvidia,Semiconductors,130167.7,-0.148
2025-04-20,Nvidia,Semiconductors,143614.7,0.103
2025-04-21,Nvidia,Semiconductors,116304.2,-0.19
2025-04-22,Nvidia,Semiconductors,94072.6,-0.191
2025-04-23,Nvidia,Semiconductors,87435.2,-0.071
2025-04-24,Nvidia,Semiconductors,87038.0,-0.005
2025-04-25,Nvidia,Semiconductors,96452.3,0.108
2025-04-26,Nvidia,Semiconductors,103524.0,0.073
2025-04-27,Nvidia,Semiconductors,101283.9,-0.022
2025-04-28,Nvidia,Semiconductors,92112.7,-0.091
2025-04-29,Nvidia,Semiconductors,110429.3,0.199
2025-04-30,Nvidia,Semiconductors,107168.6,-0.03
2025-05-01,Nvidia,Semiconductors,105084.7,-0.019
2025-05-02,Nvidia,Semiconductors,90945.5,-0.135
2025-05-03,Nvidia,Semiconductors,101670.1,0.118
2025-05-04,Nvidia,Semiconductors,109546.8,0.077
2025-05-05,Nvidia,Semiconductors,97311.3,-0.112
2025-05-06,Nvidia,Semiconductors,81055.7,-0.167
2025-05-07,Nvidia,Semiconductors,86907.9,0.072
2025-05-08,Nvidia,Semiconductors,92279.1,0.062
2025-05-09,Nvidia,Semiconductors,83909.8,-0.091
2025-05-10,Nvidia,Semiconductors,99042.5,0.18
2025-05-11,Nvidia,Semiconductors,85218.5,-0.14
2025-05-12,Nvidia,Semiconductors,82912.0,-0.027
2025-05-13,Nvidia,Semiconductors,97624.4,0.177
2025-05-14,Nvidia,Semiconductors,94489.7,-0.032
2025-05-15,Nvidia,Semiconductors,99725.5,0.055
2025-05-16,Nvidia,Semiconductors,95640.5,-0.041
2025-05-17,Nvidia,Semiconductors,87002.8,-0.09
2025-05-18,Nvidia,Semiconductors,103845.8,0.194
2025-05-19,Nvidia,Semiconductors,100079.7,-0.036
2025-05-20,Nvidia,Semiconductors,115856.2,0.158
2025-05-21,Nvidia,Semiconductors,103341.6,-0.108
2025-05-22,Nvidia,Semiconductors,91482.3,-0.115
2025-05-23,Nvidia,Semiconductors,74325.2,-0.188
2025-05-24,Nvidia,Semiconductors,78834.2,0.061
2025-05-25,Nvidia,Semiconductors,74688.4,-0.053
2025-05-26,Nvidia,Semiconductors,85573.7,0.146
2025-05-27,Nvidia,Semiconductors,84656.7,-0.011
2025-05-28,Nvidia,Semiconductors,100511.0,0.187
2025-05-29,Nvidia,Semiconductors,87867.7,-0.126
2025-05-30,Nvidia,Semiconductors,100823.7,0.147
2025-05-31,Nvidia,Semiconductors,111978.8,0.111
2025-06-01,Nvidia,Semiconductors,124113.8,0.108
2025-06-02,Nvidia,Semiconductors,141230.7,0.138
2025-06-03,Nvidia,Semiconductors,155976.5,0.104
2025-06-04,Nvidia,Semiconductors,163851.5,0.05
2025-06-05,Nvidia,Semiconductors,139683.1,-0.148
2025-06-06,Nvidia,Semiconductors,113563.8,-0.187
2025-06-07,Nvidia,Semiconductors,132681.0,0.168
2025-06-08,Nvidia,Semiconductors,138871.9,0.047
2025-06-09,Nvidia,Semiconductors,155344.2,0.119
2025-06-10,Nvidia,Semiconductors,154196.1,-0.007
2025-06-11,Nvidia,Semiconductors,130592.2,-0.153
2025-06-12,Nvidia,Semiconductors,111013.1,-0.15
2025-06-13,Nvidia,Semiconductors,119253.2,0.074
2025-06-14,Nvidia,Semiconductors,115928.7,-0.028
2025-06-15,Nvidia,Semiconductors,102041.6,-0.12
2025-06-16,Nvidia,Semiconductors,101698.5,-0.003
2025-06-17,Nvidia,Semiconductors,83970.8,-0.174
2025-06-18,Nvidia,Semiconductors,86724.1,0.033
2025-06-19,Nvidia,Semiconductors,78710.5,-0.092
2025-06-20,Nvidia,Semiconductors,88078.9,0.119
2025-06-21,Nvidia,Semiconductors,81397.7,-0.076
2025-06-22,Nvidia,Semiconductors,79939.7,-0.018
2025-06-23,Nvidia,Semiconductors,64323.3,-0.195
2025-06-24,Nvidia,Semiconductors,53322.7,-0.171
2025-06-25,Nvidia,Semiconductors,51029.7,-0.043
2025-06-26,Nvidia,Semiconductors,50620.2,-0.008
2025-06-27,Nvidia,Semiconductors,52645.4,0.04
2025-06-28,Nvidia,Semiconductors,48258.2,-0.083
2025-06-29,Nvidia,Semiconductors,52022.0,0.078
2025-06-30,Nvidia,Semiconductors,59515.7,0.144
2025-07-01,Nvidia,Semiconductors,66177.9,0.112
2025-07-02,Nvidia,Semiconductors,53991.1,-0.184
2025-07-03,Nvidia,Semiconductors,53570.1,-0.008
2025-07-04,Nvidia,Semiconductors,45104.5,-0.158
2025-07-05,Nvidia,Semiconductors,40450.6,-0.103
2025-07-06,Nvidia,Semiconductors,48324.9,0.195
2025-07-07,Nvidia,Semiconductors,41414.3,-0.143
2025-07-08,Nvidia,Semiconductors,41395.9,-0.0
2025-07-09,Nvidia,Semiconductors,43352.4,0.047
2025-07-10,Nvidia,Semiconductors,46863.3,0.081
2025-07-11,Nvidia,Semiconductors,47981.4,0.024
2025-07-12,Nvidia,Semiconductors,38572.7,-0.196
2025-07-13,Nvidia,Semiconductors,35895.1,-0.069
2025-07-14,Nvidia,Semiconductors,36149.4,0.007
2025-07-15,Nvidia,Semiconductors,30190.1,-0.165
2025-07-16,Nvidia,Semiconductors,28386.3,-0.06
2025-07-17,Nvidia,Semiconductors,23086.0,-0.187
2025-07-18,Nvidia,Semiconductors,19194.4,-0.169
2025-07-19,Nvidia,Semiconductors,18403.0,-0.041
2025-07-20,Nvidia,Semiconductors,15699.4,-0.147
2025-07-21,Nvidia,Semiconductors,16123.5,0.027
2025-07-22,Nvidia,Semiconductors,17345.4,0.076
2025-07-23,Nvidia,Semiconductors,19431.0,0.12
2025-07-24,Nvidia,Semiconductors,17100.4,-0.12
2025-07-25,Nvidia,Semiconductors,14825.9,-0.133
2025-07-26,Nvidia,Semiconductors,12480.9,-0.158
2025-07-27,Nvidia,Semiconductors,13162.0,0.055
2025-07-28,Nvidia,Semiconductors,14249.0,0.083
2025-07-29,Nvidia,Semiconductors,11579.3,-0.187
2025-07-30,Nvidia,Semiconductors,13599.7,0.174
2025-07-31,Nvidia,Semiconductors,11162.5,-0.179
2025-08-01,Nvidia,Semiconductors,11346.8,0.017
2025-08-02,Nvidia,Semiconductors,12295.7,0.084
2025-08-03,Nvidia,Semiconductors,14120.2,0.148
2025-08-04,Nvidia,Semiconductors,15329.4,0.086
2025-08-05,Nvidia,Semiconductors,17179.6,0.121
2025-08-06,Nvidia,Semiconductors,16076.3,-0.064
2025-08-07,Nvidia,Semiconductors,18100.8,0.126
2025-08-08,Nvidia,Semiconductors,15060.7,-0.168
2025-08-09,Nvidia,Semiconductors,17439.2,0.158
2025-08-10,Nvidia,Semiconductors,17771.1,0.019
2025-08-11,Nvidia,Semiconductors,20026.6,0.127
2025-08-12,Nvidia,Semiconductors,19644.7,-0.019
2025-08-13,Nvidia,Semiconductors,20772.9,0.057
2025-08-14,Nvidia,Semiconductors,20992.3,0.011
2025-08-15,Nvidia,Semiconductors,22936.9,0.093
2025-08-16,Nvidia,Semiconductors,19098.5,-0.167
2025-08-17,Nvidia,Semiconductors,15739.8,-0.176
2025-08-18,Nvidia,Semiconductors,14147.6,-0.101
2025-08-19,Nvidia,Semiconductors,12221.0,-0.136
2025-08-20,Nvidia,Semiconductors,14038.4,0.149
2025-08-21,Nvidia,Semiconductors,12461.7,-0.112
2025-08-22,Nvidia,Semiconductors,14833.7,0.19
2025-08-23,Nvidia,Semiconductors,13865.9,-0.065
2025-08-24,Nvidia,Semiconductors,12102.8,-0.127
2025-08-25,Nvidia,Semiconductors,13505.3,0.116
2025-08-26,Nvidia,Semiconductors,14362.7,0.063
2025-08-27,Nvidia,Semiconductors,14352.3,-0.001
2025-08-28,Nvidia,Semiconductors,14670.1,0.022
2025-08-29,Nvidia,Semiconductors,15956.4,0.088
2025-08-30,Nvidia,Semiconductors,14223.3,-0.109
2025-08-31,Nvidia,Semiconductors,17047.1,0.199
2025-09-01,Nvidia,Semiconductors,20284.6,0.19
2025-09-02,Nvidia,Semiconductors,21504.3,0.06
2025-09-03,Nvidia,Semiconductors,18919.9,-0.12
2025-09-04,Nvidia,Semiconductors,20283.8,0.072
2025-09-05,Nvidia,Semiconductors,16812.8,-0.171
2025-09-06,Nvidia,Semiconductors,13656.4,-0.188
2025-09-07,Nvidia,Semiconductors,12332.7,-0.097
2025-09-08,Nvidia,Semiconductors,12148.3,-0.015
2025-09-09,Nvidia,Semiconductors,13937.9,0.147
2025-09-10,Nvidia,Semiconductors,15204.4,0.091
2025-09-11,Nvidia,Semiconductors,16680.5,0.097
2025-09-12,Nvidia,Semiconductors,16183.4,-0.03
2025-09-13,Nvidia,Semiconductors,15186.1,-0.062
2025-09-14,Nvidia,Semiconductors,14402.7,-0.052
2025-09-15,Nvidia,Semiconductors,17212.1,0.195
2025-09-16,Nvidia,Semiconductors,14045.8,-0.184
2025-09-17,Nvidia,Semiconductors,16107.9,0.147
2025-09-18,Nvidia,Semiconductors,16614.8,0.031
2025-09-19,Nvidia,Semiconductors,16206.9,-0.025
2025-09-20,Nvidia,Semiconductors,17667.2,0.09
2025-09-21,Nvidia,Semiconductors,17573.0,-0.005
2025-09-22,Nvidia,Semiconductors,20197.8,0.149
2025-09-23,Nvidia,Semiconductors,23435.1,0.16
2025-09-24,Nvidia,Semiconductors,22701.3,-0.031
2025-09-25,Nvidia,Semiconductors,20674.8,-0.089
2025-09-26,Nvidia,Semiconductors,21438.5,0.037
2025-09-27,Nvidia,Semiconductors,24974.7,0.165
2025-09-28,Nvidia,Semiconductors,22084.3,-0.116
2025-09-29,Nvidia,Semiconductors,23170.5,0.049
2025-09-30,Nvidia,Semiconductors,24389.9,0.053
2025-10-01,Nvidia,Semiconductors,26664.1,0.093
2025-10-02,Nvidia,Semiconductors,22734.5,-0.147
2025-10-03,Nvidia,Semiconductors,24697.2,0.086
2025-10-04,Nvidia,Semiconductors,28738.0,0.164
2025-10-05,Nvidia,Semiconductors,25055.9,-0.128
2025-10-06,Nvidia,Semiconductors,22425.5,-0.105
2025-10-07,Nvidia,Semiconductors,26653.9,0.189
2025-10-08,Nvidia,Semiconductors,23252.7,-0.128
2025-10-09,Nvidia,Semiconductors,26548.8,0.142
2025-10-10,Nvidia,Semiconductors,26466.8,-0.003
2025-10-11,Nvidia,Semiconductors,23790.8,-0.101
2025-10-12,Nvidia,Semiconductors,27319.0,0.148
2025-10-13,Nvidia,Semiconductors,26721.3,-0.022
2025-10-14,Nvidia,Semiconductors,26879.7,0.006
2025-10-15,Nvidia,Semiconductors,25366.2,-0.056
2025-10-16,Nvidia,Semiconductors,26309.3,0.037
2025-10-17,Nvidia,Semiconductors,22768.3,-0.135
2025-10-18,Nvidia,Semiconductors,21776.4,-0.044
2025-10-19,Nvidia,Semiconductors,25865.2,0.188
2025-10-20,Nvidia,Semiconductors,23362.8,-0.097
2025-10-21,Nvidia,Semiconductors,24827.6,0.063
2025-10-22,Nvidia,Semiconductors,23091.5,-0.07
2025-10-23,Nvidia,Semiconductors,25617.5,0.109
2025-10-24,Nvidia,Semiconductors,21835.0,-0.148
2025-10-25,Nvidia,Semiconductors,25938.5,0.188
2025-10-26,Nvidia,Semiconductors,25459.0,-0.018
2025-10-27,Nvidia,Semiconductors,22771.1,-0.106
2025-10-28,Nvidia,Semiconductors,18886.3,-0.171
2025-10-29,Nvidia,Semiconductors,16391.5,-0.132
2025-10-30,Nvidia,Semiconductors,16521.1,0.008
2025-10-31,Nvidia,Semiconductors,15444.0,-0.065
2025-11-01,Nvidia,Semiconductors,17475.7,0.132
2025-11-02,Nvidia,Semiconductors,16992.6,-0.028
2025-11-03,Nvidia,Semiconductors,15284.6,-0.101
2025-11-04,Nvidia,Semiconductors,16000.8,0.047
2025-11-05,Nvidia,Semiconductors,17324.2,0.083
2025-11-06,Nvidia,Semiconductors,15016.9,-0.133
2025-11-07,Nvidia,Semiconductors,13020.4,-0.133
2025-11-08,Nvidia,Semiconductors,10607.3,-0.185
2025-11-09,Nvidia,Semiconductors,11610.3,0.095
2025-11-10,Nvidia,Semiconductors,12371.1,0.066
2025-11-11,Nvidia,Semiconductors,12245.5,-0.01
2025-11-12,Nvidia,Semiconductors,13931.3,0.138
2025-11-13,Nvidia,Semiconductors,15634.7,0.122
2025-11-14,Nvidia,Semiconductors,16168.5,0.034
2025-11-15,Nvidia,Semiconductors,18550.2,0.147
2025-11-16,Nvidia,Semiconductors,16367.6,-0.118
2025-11-17,Nvidia,Semiconductors,13826.8,-0.155
2025-11-18,Nvidia,Semiconductors,12553.3,-0.092
2025-11-19,Nvidia,Semiconductors,10329.3,-0.177
2025-11-20,Nvidia,Semiconductors,10458.1,0.012
2025-11-21,Nvidia,Semiconductors,12284.5,0.175
2025-11-22,Nvidia,Semiconductors,10021.0,-0.184
2025-11-23,Nvidia,Semiconductors,8506.2,-0.151
2025-11-24,Nvidia,Semiconductors,8343.6,-0.019
2025-11-25,Nvidia,Semiconductors,9791.6,0.174
2025-11-26,Nvidia,Semiconductors,9071.6,-0.074
2025-11-27,Nvidia,Semiconductors,9097.8,0.003
2025-11-28,Nvidia,Semiconductors,7429.5,-0.183
2025-11-29,Nvidia,Semiconductors,6384.5,-0.141
2025-11-30,Nvidia,Semiconductors,7627.2,0.195
2025-12-01,Nvidia,Semiconductors,9046.3,0.186
2025-12-02,Nvidia,Semiconductors,7254.9,-0.198
2025-12-03,Nvidia,Semiconductors,8566.0,0.181
2025-12-04,Nvidia,Semiconductors,9042.7,0.056
2025-12-05,Nvidia,Semiconductors,10373.5,0.147
2025-12-06,Nvidia,Semiconductors,10185.7,-0.018
2025-12-07,Nvidia,Semiconductors,10249.2,0.006
2025-12-08,Nvidia,Semiconductors,10203.5,-0.004
2025-12-09,Nvidia,Semiconductors,10884.5,0.067
2025-12-10,Nvidia,Semiconductors,9315.7,-0.144
2025-12-11,Nvidia,Semiconductors,7564.2,-0.188
2025-12-12,Nvidia,Semiconductors,6983.1,-0.077
2025-12-13,Nvidia,Semiconductors,7554.8,0.082
2025-12-14,Nvidia,Semiconductors,6653.8,-0.119
2025-12-15,Nvidia,Semiconductors,7115.4,0.069
2025-12-16,Nvidia,Semiconductors,8452.9,0.188
2025-12-17,Nvidia,Semiconductors,7079.8,-0.162
2025-12-18,Nvidia,Semiconductors,7568.6,0.069
2025-12-19,Nvidia,Semiconductors,7398.3,-0.022
2025-12-20,Nvidia,Semiconductors,8487.7,0.147
2025-12-21,Nvidia,Semiconductors,7391.6,-0.129
2025-12-22,Nvidia,Semiconductors,7961.1,0.077
2025-12-23,Nvidia,Semiconductors,9037.9,0.135
2025-12-24,Nvidia,Semiconductors,10645.2,0.178
2025-12-25,Nvidia,Semiconductors,11425.5,0.073
2025-12-26,Nvidia,Semiconductors,11412.6,-0.001
2025-12-27,Nvidia,Semiconductors,11950.6,0.047
2025-12-28,Nvidia,Semiconductors,13714.0,0.148
2025-12-29,Nvidia,Semiconductors,14101.3,0.028
2025-12-30,Nvidia,Semiconductors,11452.5,-0.188
2025-12-31,Nvidia,Semiconductors,13426.6,0.172
2025-01-01,Samsung Mobile,Marketplace,73236.0,
2025-01-02,Samsung Mobile,Marketplace,78788.1,0.076
2025-01-03,Samsung Mobile,Marketplace,84350.9,0.071
2025-01-04,Samsung Mobile,Marketplace,74757.7,-0.114
2025-01-05,Samsung Mobile,Marketplace,79508.9,0.064
2025-01-06,Samsung Mobile,Marketplace,76133.4,-0.042
2025-01-07,Samsung Mobile,Marketplace,80738.9,0.06
2025-01-08,Samsung Mobile,Marketplace,68033.6,-0.157
2025-01-09,Samsung Mobile,Marketplace,72329.1,0.063
2025-01-10,Samsung Mobile,Marketplace,86778.0,0.2
2025-01-11,Samsung Mobile,Marketplace,71095.9,-0.181
2025-01-12,Samsung Mobile,Marketplace,84666.0,0.191
2025-01-13,Samsung Mobile,Marketplace,81513.3,-0.037
2025-01-14,Samsung Mobile,Marketplace,93601.8,0.148
2025-01-15,Samsung Mobile,Marketplace,104174.5,0.113
2025-01-16,Samsung Mobile,Marketplace,106967.1,0.027
2025-01-17,Samsung Mobile,Marketplace,117169.6,0.095
2025-01-18,Samsung Mobile,Marketplace,134909.8,0.151
2025-01-19,Samsung Mobile,Marketplace,129736.8,-0.038
2025-01-20,Samsung Mobile,Marketplace,120760.7,-0.069
2025-01-21,Samsung Mobile,Marketplace,128856.2,0.067
2025-01-22,Samsung Mobile,Marketplace,144723.4,0.123
2025-01-23,Samsung Mobile,Marketplace,159906.9,0.105
2025-01-24,Samsung Mobile,Marketplace,178955.8,0.119
2025-01-25,Samsung Mobile,Marketplace,174344.7,-0.026
2025-01-26,Samsung Mobile,Marketplace,196509.8,0.127
2025-01-27,Samsung Mobile,Marketplace,166656.8,-0.152
2025-01-28,Samsung Mobile,Marketplace,169622.5,0.018
2025-01-29,Samsung Mobile,Marketplace,136088.8,-0.198
2025-01-30,Samsung Mobile,Marketplace,126540.0,-0.07
2025-01-31,Samsung Mobile,Marketplace,119780.8,-0.053
2025-02-01,Samsung Mobile,Marketplace,114806.2,-0.042
2025-02-02,Samsung Mobile,Marketplace,123782.5,0.078
2025-02-03,Samsung Mobile,Marketplace,118264.7,-0.045
2025-02-04,Samsung Mobile,Marketplace,115837.6,-0.021
2025-02-05,Samsung Mobile,Marketplace,103676.7,-0.105
2025-02-06,Samsung Mobile,Marketplace,98420.4,-0.051
2025-02-07,Samsung Mobile,Marketplace,87683.5,-0.109
2025-02-08,Samsung Mobile,Marketplace,72714.0,-0.171
2025-02-09,Samsung Mobile,Marketplace,75722.9,0.041
2025-02-10,Samsung Mobile,Marketplace,80817.9,0.067
2025-02-11,Samsung Mobile,Marketplace,84680.7,0.048
2025-02-12,Samsung Mobile,Marketplace,83444.2,-0.015
2025-02-13,Samsung Mobile,Marketplace,79431.7,-0.048
2025-02-14,Samsung Mobile,Marketplace,90975.8,0.145
2025-02-15,Samsung Mobile,Marketplace,91670.2,0.008
2025-02-16,Samsung Mobile,Marketplace,90906.8,-0.008
2025-02-17,Samsung Mobile,Marketplace,73657.9,-0.19
2025-02-18,Samsung Mobile,Marketplace,68980.5,-0.064
2025-02-19,Samsung Mobile,Marketplace,65674.9,-0.048
2025-02-20,Samsung Mobile,Marketplace,63016.9,-0.04
2025-02-21,Samsung Mobile,Marketplace,65037.8,0.032
2025-02-22,Samsung Mobile,Marketplace,65912.0,0.013
2025-02-23,Samsung Mobile,Marketplace,68756.9,0.043
2025-02-24,Samsung Mobile,Marketplace,76041.9,0.106
2025-02-25,Samsung Mobile,Marketplace,85561.9,0.125
2025-02-26,Samsung Mobile,Marketplace,93027.1,0.087
2025-02-27,Samsung Mobile,Marketplace,109977.6,0.182
2025-02-28,Samsung Mobile,Marketplace,88784.1,-0.193
2025-03-01,Samsung Mobile,Marketplace,77980.1,-0.122
2025-03-02,Samsung Mobile,Marketplace,62620.0,-0.197
2025-03-03,Samsung Mobile,Marketplace,66313.9,0.059
2025-03-04,Samsung Mobile,Marketplace,76871.9,0.159
2025-03-05,Samsung Mobile,Marketplace,68984.3,-0.103
2025-03-06,Samsung Mobile,Marketplace,80767.8,0.171
2025-03-07,Samsung Mobile,Marketplace,66561.3,-0.176
2025-03-08,Samsung Mobile,Marketplace,78127.9,0.174
2025-03-09,Samsung Mobile,Marketplace,73491.0,-0.059
2025-03-10,Samsung Mobile,Marketplace,61774.2,-0.159
2025-03-11,Samsung Mobile,Marketplace,61425.1,-0.006
2025-03-12,Samsung Mobile,Marketplace,55449.1,-0.097
2025-03-13,Samsung Mobile,Marketplace,50677.6,-0.086
2025-03-14,Samsung Mobile,Marketplace,46771.2,-0.077
2025-03-15,Samsung Mobile,Marketplace,52440.3,0.121
2025-03-16,Samsung Mobile,Marketplace,53261.8,0.016
2025-03-17,Samsung Mobile,Marketplace,49241.8,-0.075
2025-03-18,Samsung Mobile,Marketplace,51415.0,0.044
2025-03-19,Samsung Mobile,Marketplace,55860.3,0.086
2025-03-20,Samsung Mobile,Marketplace,50779.8,-0.091
2025-03-21,Samsung Mobile,Marketplace,49023.8,-0.035
2025-03-22,Samsung Mobile,Marketplace,41609.2,-0.151
2025-03-23,Samsung Mobile,Marketplace,36302.3,-0.128
2025-03-24,Samsung Mobile,Marketplace,38932.3,0.072
2025-03-25,Samsung Mobile,Marketplace,33971.4,-0.127
2025-03-26,Samsung Mobile,Marketplace,34313.3,0.01
2025-03-27,Samsung Mobile,Marketplace,37182.6,0.084
2025-03-28,Samsung Mobile,Marketplace,31335.6,-0.157
2025-03-29,Samsung Mobile,Marketplace,32179.3,0.027
2025-03-30,Samsung Mobile,Marketplace,29045.9,-0.097
2025-03-31,Samsung Mobile,Marketplace,34424.3,0.185
2025-04-01,Samsung Mobile,Marketplace,34197.8,-0.007
2025-04-02,Samsung Mobile,Marketplace,38383.5,0.122
2025-04-03,Samsung Mobile,Marketplace,39154.6,0.02
2025-04-04,Samsung Mobile,Marketplace,32003.6,-0.183
2025-04-05,Samsung Mobile,Marketplace,33708.1,0.053
2025-04-06,Samsung Mobile,Marketplace,39794.5,0.181
2025-04-07,Samsung Mobile,Marketplace,41412.0,0.041
2025-04-08,Samsung Mobile,Marketplace,46699.3,0.128
2025-04-09,Samsung Mobile,Marketplace,53876.1,0.154
2025-04-10,Samsung Mobile,Marketplace,48016.1,-0.109
2025-04-11,Samsung Mobile,Marketplace,42485.5,-0.115
2025-04-12,Samsung Mobile,Marketplace,44371.6,0.044
2025-04-13,Samsung Mobile,Marketplace,42792.4,-0.036
2025-04-14,Samsung Mobile,Marketplace,48609.8,0.136
2025-04-15,Samsung Mobile,Marketplace,56387.9,0.16
2025-04-16,Samsung Mobile,Marketplace,53081.8,-0.059
2025-04-17,Samsung Mobile,Marketplace,47494.8,-0.105
2025-04-18,Samsung Mobile,Marketplace,52824.2,0.112
2025-04-19,Samsung Mobile,Marketplace,48065.9,-0.09
2025-04-20,Samsung Mobile,Marketplace,54268.6,0.129
2025-04-21,Samsung Mobile,Marketplace,52613.2,-0.031
2025-04-22,Samsung Mobile,Marketplace,56139.3,0.067
2025-04-23,Samsung Mobile,Marketplace,47056.8,-0.162
2025-04-24,Samsung Mobile,Marketplace,49388.1,0.05
2025-04-25,Samsung Mobile,Marketplace,48435.3,-0.019
2025-04-26,Samsung Mobile,Marketplace,50113.3,0.035
2025-04-27,Samsung Mobile,Marketplace,43458.5,-0.133
2025-04-28,Samsung Mobile,Marketplace,47576.2,0.095
2025-04-29,Samsung Mobile,Marketplace,54480.4,0.145
2025-04-30,Samsung Mobile,Marketplace,48307.5,-0.113
2025-05-01,Samsung Mobile,Marketplace,40495.5,-0.162
2025-05-02,Samsung Mobile,Marketplace,32779.3,-0.191
2025-05-03,Samsung Mobile,Marketplace,34640.8,0.057
2025-05-04,Samsung Mobile,Marketplace,36124.7,0.043
2025-05-05,Samsung Mobile,Marketplace,36799.5,0.019
2025-05-06,Samsung Mobile,Marketplace,32853.8,-0.107
2025-05-07,Samsung Mobile,Marketplace,31420.2,-0.044
2025-05-08,Samsung Mobile,Marketplace,32607.5,0.038
2025-05-09,Samsung Mobile,Marketplace,32565.4,-0.001
2025-05-10,Samsung Mobile,Marketplace,38919.3,0.195
2025-05-11,Samsung Mobile,Marketplace,33259.5,-0.145
2025-05-12,Samsung Mobile,Marketplace,35855.7,0.078
2025-05-13,Samsung Mobile,Marketplace,34483.4,-0.038
2025-05-14,Samsung Mobile,Marketplace,33493.0,-0.029
2025-05-15,Samsung Mobile,Marketplace,36408.2,0.087
2025-05-16,Samsung Mobile,Marketplace,39210.7,0.077
2025-05-17,Samsung Mobile,Marketplace,46915.8,0.197
2025-05-18,Samsung Mobile,Marketplace,39942.1,-0.149
2025-05-19,Samsung Mobile,Marketplace,33617.0,-0.158
2025-05-20,Samsung Mobile,Marketplace,36633.7,0.09
2025-05-21,Samsung Mobile,Marketplace,37782.3,0.031
2025-05-22,Samsung Mobile,Marketplace,34369.2,-0.09
2025-05-23,Samsung Mobile,Marketplace,28587.2,-0.168
2025-05-24,Samsung Mobile,Marketplace,23849.2,-0.166
2025-05-25,Samsung Mobile,Marketplace,27609.7,0.158
2025-05-26,Samsung Mobile,Marketplace,24206.7,-0.123
2025-05-27,Samsung Mobile,Marketplace,22496.5,-0.071
2025-05-28,Samsung Mobile,Marketplace,20036.8,-0.109
2025-05-29,Samsung Mobile,Marketplace,18874.6,-0.058
2025-05-30,Samsung Mobile,Marketplace,15623.8,-0.172
2025-05-31,Samsung Mobile,Marketplace,15742.9,0.008
2025-06-01,Samsung Mobile,Marketplace,13020.1,-0.173
2025-06-02,Samsung Mobile,Marketplace,14584.4,0.12
2025-06-03,Samsung Mobile,Marketplace,13030.9,-0.107
2025-06-04,Samsung Mobile,Marketplace,13239.5,0.016
2025-06-05,Samsung Mobile,Marketplace,15252.3,0.152
2025-06-06,Samsung Mobile,Marketplace,16172.8,0.06
2025-06-07,Samsung Mobile,Marketplace,16386.0,0.013
2025-06-08,Samsung Mobile,Marketplace,15234.6,-0.07
2025-06-09,Samsung Mobile,Marketplace,14217.0,-0.067
2025-06-10,Samsung Mobile,Marketplace,15180.8,0.068
2025-06-11,Samsung Mobile,Marketplace,18181.4,0.198
2025-06-12,Samsung Mobile,Marketplace,19358.4,0.065
2025-06-13,Samsung Mobile,Marketplace,19805.8,0.023
2025-06-14,Samsung Mobile,Marketplace,21633.1,0.092
2025-06-15,Samsung Mobile,Marketplace,21332.0,-0.014
2025-06-16,Samsung Mobile,Marketplace,17578.8,-0.176
2025-06-17,Samsung Mobile,Marketplace,18016.8,0.025
2025-06-18,Samsung Mobile,Marketplace,21314.8,0.183
2025-06-19,Samsung Mobile,Marketplace,18546.5,-0.13
2025-06-20,Samsung Mobile,Marketplace,19956.0,0.076
2025-06-21,Samsung Mobile,Marketplace,17568.8,-0.12
2025-06-22,Samsung Mobile,Marketplace,17820.5,0.014
2025-06-23,Samsung Mobile,Marketplace,14945.6,-0.161
2025-06-24,Samsung Mobile,Marketplace,14648.9,-0.02
2025-06-25,Samsung Mobile,Marketplace,16149.9,0.102
2025-06-26,Samsung Mobile,Marketplace,15165.2,-0.061
2025-06-27,Samsung Mobile,Marketplace,16165.6,0.066
2025-06-28,Samsung Mobile,Marketplace,18076.0,0.118
2025-06-29,Samsung Mobile,Marketplace,21164.7,0.171
2025-06-30,Samsung Mobile,Marketplace,18918.2,-0.106
2025-07-01,Samsung Mobile,Marketplace,18156.3,-0.04
2025-07-02,Samsung Mobile,Marketplace,15631.9,-0.139
2025-07-03,Samsung Mobile,Marketplace,18711.3,0.197
2025-07-04,Samsung Mobile,Marketplace,21907.2,0.171
2025-07-05,Samsung Mobile,Marketplace,22257.4,0.016
2025-07-06,Samsung Mobile,Marketplace,25302.5,0.137
2025-07-07,Samsung Mobile,Marketplace,25514.6,0.008
2025-07-08,Samsung Mobile,Marketplace,26775.9,0.049
2025-07-09,Samsung Mobile,Marketplace,22375.3,-0.164
2025-07-10,Samsung Mobile,Marketplace,24660.0,0.102
2025-07-11,Samsung Mobile,Marketplace,20987.7,-0.149
2025-07-12,Samsung Mobile,Marketplace,23725.1,0.13
2025-07-13,Samsung Mobile,Marketplace,26401.6,0.113
2025-07-14,Samsung Mobile,Marketplace,28606.0,0.083
2025-07-15,Samsung Mobile,Marketplace,23298.6,-0.186
2025-07-16,Samsung Mobile,Marketplace,21463.9,-0.079
2025-07-17,Samsung Mobile,Marketplace,19430.1,-0.095
2025-07-18,Samsung Mobile,Marketplace,18343.0,-0.056
2025-07-19,Samsung Mobile,Marketplace,15317.5,-0.165
2025-07-20,Samsung Mobile,Marketplace,17994.7,0.175
2025-07-21,Samsung Mobile,Marketplace,18382.0,0.022
2025-07-22,Samsung Mobile,Marketplace,16952.0,-0.078
2025-07-23,Samsung Mobile,Marketplace,16253.5,-0.041
2025-07-24,Samsung Mobile,Marketplace,15910.2,-0.021
2025-07-25,Samsung Mobile,Marketplace,16550.4,0.04
2025-07-26,Samsung Mobile,Marketplace,16654.2,0.006
2025-07-27,Samsung Mobile,Marketplace,19448.1,0.168
2025-07-28,Samsung Mobile,Marketplace,19424.5,-0.001
2025-07-29,Samsung Mobile,Marketplace,23248.4,0.197
2025-07-30,Samsung Mobile,Marketplace,26516.5,0.141
2025-07-31,Samsung Mobile,Marketplace,23424.8,-0.117
2025-08-01,Samsung Mobile,Marketplace,27459.4,0.172
2025-08-02,Samsung Mobile,Marketplace,23245.7,-0.153
2025-08-03,Samsung Mobile,Marketplace,26197.4,0.127
2025-08-04,Samsung Mobile,Marketplace,24946.4,-0.048
2025-08-05,Samsung Mobile,Marketplace,28718.1,0.151
2025-08-06,Samsung Mobile,Marketplace,32946.0,0.147
2025-08-07,Samsung Mobile,Marketplace,36977.6,0.122
2025-08-08,Samsung Mobile,Marketplace,41267.5,0.116
2025-08-09,Samsung Mobile,Marketplace,38043.3,-0.078
2025-08-10,Samsung Mobile,Marketplace,31666.1,-0.168
2025-08-11,Samsung Mobile,Marketplace,30437.2,-0.039
2025-08-12,Samsung Mobile,Marketplace,26462.4,-0.131
2025-08-13,Samsung Mobile,Marketplace,28525.9,0.078
2025-08-14,Samsung Mobile,Marketplace,26769.9,-0.062
2025-08-15,Samsung Mobile,Marketplace,31862.7,0.19
2025-08-16,Samsung Mobile,Marketplace,33659.4,0.056
2025-08-17,Samsung Mobile,Marketplace,38001.1,0.129
2025-08-18,Samsung Mobile,Marketplace,32415.4,-0.147
2025-08-19,Samsung Mobile,Marketplace,37109.3,0.145
2025-08-20,Samsung Mobile,Marketplace,43384.6,0.169
2025-08-21,Samsung Mobile,Marketplace,43160.0,-0.005
2025-08-22,Samsung Mobile,Marketplace,44994.4,0.043
2025-08-23,Samsung Mobile,Marketplace,49760.4,0.106
2025-08-24,Samsung Mobile,Marketplace,43288.3,-0.13
2025-08-25,Samsung Mobile,Marketplace,43332.8,0.001
2025-08-26,Samsung Mobile,Marketplace,41576.3,-0.041
2025-08-27,Samsung Mobile,Marketplace,35695.3,-0.141
2025-08-28,Samsung Mobile,Marketplace,33803.9,-0.053
2025-08-29,Samsung Mobile,Marketplace,27964.9,-0.173
2025-08-30,Samsung Mobile,Marketplace,22660.7,-0.19
2025-08-31,Samsung Mobile,Marketplace,19353.7,-0.146
2025-09-01,Samsung Mobile,Marketplace,22938.9,0.185
2025-09-02,Samsung Mobile,Marketplace,23393.4,0.02
2025-09-03,Samsung Mobile,Marketplace,27752.3,0.186
2025-09-04,Samsung Mobile,Marketplace,27002.9,-0.027
2025-09-05,Samsung Mobile,Marketplace,24970.3,-0.075
2025-09-06,Samsung Mobile,Marketplace,25031.7,0.002
2025-09-07,Samsung Mobile,Marketplace,24426.0,-0.024
2025-09-08,Samsung Mobile,Marketplace,20573.2,-0.158
2025-09-09,Samsung Mobile,Marketplace,21732.1,0.056
2025-09-10,Samsung Mobile,Marketplace,19263.7,-0.114
2025-09-11,Samsung Mobile,Marketplace,20185.1,0.048
2025-09-12,Samsung Mobile,Marketplace,21397.9,0.06
2025-09-13,Samsung Mobile,Marketplace,18419.5,-0.139
2025-09-14,Samsung Mobile,Marketplace,15187.6,-0.175
2025-09-15,Samsung Mobile,Marketplace,16893.3,0.112
2025-09-16,Samsung Mobile,Marketplace,16621.6,-0.016
2025-09-17,Samsung Mobile,Marketplace,13684.0,-0.177
2025-09-18,Samsung Mobile,Marketplace,16392.7,0.198
2025-09-19,Samsung Mobile,Marketplace,13493.0,-0.177
2025-09-20,Samsung Mobile,Marketplace,14545.7,0.078
2025-09-21,Samsung Mobile,Marketplace,17359.9,0.193
2025-09-22,Samsung Mobile,Marketplace,15548.7,-0.104
2025-09-23,Samsung Mobile,Marketplace,13323.7,-0.143
2025-09-24,Samsung Mobile,Marketplace,11305.9,-0.151
2025-09-25,Samsung Mobile,Marketplace,10416.2,-0.079
2025-09-26,Samsung Mobile,Marketplace,8754.0,-0.16
2025-09-27,Samsung Mobile,Marketplace,9426.9,0.077
2025-09-28,Samsung Mobile,Marketplace,7776.4,-0.175
2025-09-29,Samsung Mobile,Marketplace,7805.7,0.004
2025-09-30,Samsung Mobile,Marketplace,9356.5,0.199
2025-10-01,Samsung Mobile,Marketplace,10531.6,0.126
2025-10-02,Samsung Mobile,Marketplace,11016.9,0.046
2025-10-03,Samsung Mobile,Marketplace,10163.2,-0.077
2025-10-04,Samsung Mobile,Marketplace,10666.8,0.05
2025-10-05,Samsung Mobile,Marketplace,10782.2,0.011
2025-10-06,Samsung Mobile,Marketplace,10463.4,-0.03
2025-10-07,Samsung Mobile,Marketplace,8917.8,-0.148
2025-10-08,Samsung Mobile,Marketplace,10296.9,0.155
2025-10-09,Samsung Mobile,Marketplace,10090.0,-0.02
2025-10-10,Samsung Mobile,Marketplace,8857.5,-0.122
2025-10-11,Samsung Mobile,Marketplace,8389.0,-0.053
2025-10-12,Samsung Mobile,Marketplace,8100.8,-0.034
2025-10-13,Samsung Mobile,Marketplace,9162.2,0.131
2025-10-14,Samsung Mobile,Marketplace,10018.4,0.093
2025-10-15,Samsung Mobile,Marketplace,11097.5,0.108
2025-10-16,Samsung Mobile,Marketplace,8927.0,-0.196
2025-10-17,Samsung Mobile,Marketplace,8627.6,-0.034
2025-10-18,Samsung Mobile,Marketplace,8563.2,-0.007
2025-10-19,Samsung Mobile,Marketplace,6916.3,-0.192
2025-10-20,Samsung Mobile,Marketplace,6251.8,-0.096
2025-10-21,Samsung Mobile,Marketplace,6902.8,0.104
2025-10-22,Samsung Mobile,Marketplace,5900.8,-0.145
2025-10-23,Samsung Mobile,Marketplace,5984.1,0.014
2025-10-24,Samsung Mobile,Marketplace,5302.4,-0.114
2025-10-25,Samsung Mobile,Marketplace,4267.6,-0.195
2025-10-26,Samsung Mobile,Marketplace,3825.9,-0.104
2025-10-27,Samsung Mobile,Marketplace,4554.1,0.19
2025-10-28,Samsung Mobile,Marketplace,5103.4,0.121
2025-10-29,Samsung Mobile,Marketplace,6041.6,0.184
2025-10-30,Samsung Mobile,Marketplace,6012.2,-0.005
2025-10-31,Samsung Mobile,Marketplace,5073.7,-0.156
2025-11-01,Samsung Mobile,Marketplace,5171.0,0.019
2025-11-02,Samsung Mobile,Marketplace,5076.6,-0.018
2025-11-03,Samsung Mobile,Marketplace,5775.9,0.138
2025-11-04,Samsung Mobile,Marketplace,4847.3,-0.161
2025-11-05,Samsung Mobile,Marketplace,4824.5,-0.005
2025-11-06,Samsung Mobile,Marketplace,4149.2,-0.14
2025-11-07,Samsung Mobile,Marketplace,3858.2,-0.07
2025-11-08,Samsung Mobile,Marketplace,4224.5,0.095
2025-11-09,Samsung Mobile,Marketplace,4184.0,-0.01
2025-11-10,Samsung Mobile,Marketplace,3976.3,-0.05
2025-11-11,Samsung Mobile,Marketplace,3808.4,-0.042
2025-11-12,Samsung Mobile,Marketplace,3746.7,-0.016
2025-11-13,Samsung Mobile,Marketplace,4173.8,0.114
2025-11-14,Samsung Mobile,Marketplace,4828.4,0.157
2025-11-15,Samsung Mobile,Marketplace,5707.8,0.182
2025-11-16,Samsung Mobile,Marketplace,6362.9,0.115
2025-11-17,Samsung Mobile,Marketplace,5893.0,-0.074
2025-11-18,Samsung Mobile,Marketplace,6336.5,0.075
2025-11-19,Samsung Mobile,Marketplace,6178.4,-0.025
2025-11-20,Samsung Mobile,Marketplace,5572.1,-0.098
2025-11-21,Samsung Mobile,Marketplace,6331.8,0.136
2025-11-22,Samsung Mobile,Marketplace,5162.8,-0.185
2025-11-23,Samsung Mobile,Marketplace,5992.5,0.161
2025-11-24,Samsung Mobile,Marketplace,5900.1,-0.015
2025-11-25,Samsung Mobile,Marketplace,6223.9,0.055
2025-11-26,Samsung Mobile,Marketplace,6620.6,0.064
2025-11-27,Samsung Mobile,Marketplace,7667.0,0.158
2025-11-28,Samsung Mobile,Marketplace,8086.2,0.055
2025-11-29,Samsung Mobile,Marketplace,8454.7,0.046
2025-11-30,Samsung Mobile,Marketplace,6989.1,-0.173
2025-12-01,Samsung Mobile,Marketplace,7040.6,0.007
2025-12-02,Samsung Mobile,Marketplace,6055.4,-0.14
2025-12-03,Samsung Mobile,Marketplace,6630.5,0.095
2025-12-04,Samsung Mobile,Marketplace,6662.9,0.005
2025-12-05,Samsung Mobile,Marketplace,7143.3,0.072
2025-12-06,Samsung Mobile,Marketplace,5833.7,-0.183
2025-12-07,Samsung Mobile,Marketplace,4864.8,-0.166
2025-12-08,Samsung Mobile,Marketplace,5285.7,0.087
2025-12-09,Samsung Mobile,Marketplace,4381.0,-0.171
2025-12-10,Samsung Mobile,Marketplace,3629.7,-0.171
2025-12-11,Samsung Mobile,Marketplace,2921.3,-0.195
2025-12-12,Samsung Mobile,Marketplace,3454.8,0.183
2025-12-13,Samsung Mobile,Marketplace,3783.0,0.095
2025-12-14,Samsung Mobile,Marketplace,3560.9,-0.059
2025-12-15,Samsung Mobile,Marketplace,3271.1,-0.081
2025-12-16,Samsung Mobile,Marketplace,3074.4,-0.06
2025-12-17,Samsung Mobile,Marketplace,3412.2,0.11
2025-12-18,Samsung Mobile,Marketplace,3632.5,0.065
2025-12-19,Samsung Mobile,Marketplace,3175.1,-0.126
2025-12-20,Samsung Mobile,Marketplace,2761.2,-0.13
2025-12-21,Samsung Mobile,Marketplace,2317.6,-0.161
2025-12-22,Samsung Mobile,Marketplace,2466.2,0.064
2025-12-23,Samsung Mobile,Marketplace,2727.0,0.106
2025-12-24,Samsung Mobile,Marketplace,2470.7,-0.094
2025-12-25,Samsung Mobile,Marketplace,1997.3,-0.192
2025-12-26,Samsung Mobile,Marketplace,1663.5,-0.167
2025-12-27,Samsung Mobile,Marketplace,1974.8,0.187
2025-12-28,Samsung Mobile,Marketplace,1813.2,-0.082
2025-12-29,Samsung Mobile,Marketplace,2008.5,0.108
2025-12-30,Samsung Mobile,Marketplace,2108.6,0.05
2025-12-31,Samsung Mobile,Marketplace,2009.0,-0.047
2025-01-01,Tesla Motors,Electric Vehicles,45741.0,
2025-01-02,Tesla Motors,Electric Vehicles,40356.1,-0.118
2025-01-03,Tesla Motors,Electric Vehicles,34244.4,-0.151
2025-01-04,Tesla Motors,Electric Vehicles,35819.8,0.046
2025-01-05,Tesla Motors,Electric Vehicles,39754.7,0.11
2025-01-06,Tesla Motors,Electric Vehicles,42043.1,0.058
2025-01-07,Tesla Motors,Electric Vehicles,42552.7,0.012
2025-01-08,Tesla Motors,Electric Vehicles,34756.2,-0.183
2025-01-09,Tesla Motors,Electric Vehicles,41269.4,0.187
2025-01-10,Tesla Motors,Electric Vehicles,46200.5,0.119
2025-01-11,Tesla Motors,Electric Vehicles,42371.8,-0.083
2025-01-12,Tesla Motors,Electric Vehicles,50506.6,0.192
2025-01-13,Tesla Motors,Electric Vehicles,52564.9,0.041
2025-01-14,Tesla Motors,Electric Vehicles,54297.9,0.033
2025-01-15,Tesla Motors,Electric Vehicles,59685.9,0.099
2025-01-16,Tesla Motors,Electric Vehicles,67129.2,0.125
2025-01-17,Tesla Motors,Electric Vehicles,71330.9,0.063
2025-01-18,Tesla Motors,Electric Vehicles,60719.6,-0.149
2025-01-19,Tesla Motors,Electric Vehicles,56791.5,-0.065
2025-01-20,Tesla Motors,Electric Vehicles,66516.1,0.171
2025-01-21,Tesla Motors,Electric Vehicles,59189.1,-0.11
2025-01-22,Tesla Motors,Electric Vehicles,56162.5,-0.051
2025-01-23,Tesla Motors,Electric Vehicles,54636.6,-0.027
2025-01-24,Tesla Motors,Electric Vehicles,53312.4,-0.024
2025-01-25,Tesla Motors,Electric Vehicles,55720.8,0.045
2025-01-26,Tesla Motors,Electric Vehicles,65596.2,0.177
2025-01-27,Tesla Motors,Electric Vehicles,58792.4,-0.104
2025-01-28,Tesla Motors,Electric Vehicles,49891.2,-0.151
2025-01-29,Tesla Motors,Electric Vehicles,43853.8,-0.121
2025-01-30,Tesla Motors,Electric Vehicles,50641.1,0.155
2025-01-31,Tesla Motors,Electric Vehicles,53594.7,0.058
2025-02-01,Tesla Motors,Electric Vehicles,49005.0,-0.086
2025-02-02,Tesla Motors,Electric Vehicles,55198.2,0.126
2025-02-03,Tesla Motors,Electric Vehicles,63176.9,0.145
2025-02-04,Tesla Motors,Electric Vehicles,71933.6,0.139
2025-02-05,Tesla Motors,Electric Vehicles,83987.6,0.168
2025-02-06,Tesla Motors,Electric Vehicles,75664.1,-0.099
2025-02-07,Tesla Motors,Electric Vehicles,83383.1,0.102
2025-02-08,Tesla Motors,Electric Vehicles,82067.0,-0.016
2025-02-09,Tesla Motors,Electric Vehicles,93293.7,0.137
2025-02-10,Tesla Motors,Electric Vehicles,101820.4,0.091
2025-02-11,Tesla Motors,Electric Vehicles,113079.6,0.111
2025-02-12,Tesla Motors,Electric Vehicles,120143.1,0.062
2025-02-13,Tesla Motors,Electric Vehicles,104641.2,-0.129
2025-02-14,Tesla Motors,Electric Vehicles,106525.9,0.018
2025-02-15,Tesla Motors,Electric Vehicles,127177.8,0.194
2025-02-16,Tesla Motors,Electric Vehicles,149428.3,0.175
2025-02-17,Tesla Motors,Electric Vehicles,122123.2,-0.183
2025-02-18,Tesla Motors,Electric Vehicles,105749.6,-0.134
2025-02-19,Tesla Motors,Electric Vehicles,90171.8,-0.147
2025-02-20,Tesla Motors,Electric Vehicles,98322.6,0.09
2025-02-21,Tesla Motors,Electric Vehicles,110820.8,0.127
2025-02-22,Tesla Motors,Electric Vehicles,98121.2,-0.115
2025-02-23,Tesla Motors,Electric Vehicles,98350.9,0.002
2025-02-24,Tesla Motors,Electric Vehicles,111754.3,0.136
2025-02-25,Tesla Motors,Electric Vehicles,122161.0,0.093
2025-02-26,Tesla Motors,Electric Vehicles,124224.8,0.017
2025-02-27,Tesla Motors,Electric Vehicles,128714.2,0.036
2025-02-28,Tesla Motors,Electric Vehicles,129144.7,0.003
2025-03-01,Tesla Motors,Electric Vehicles,118686.5,-0.081
2025-03-02,Tesla Motors,Electric Vehicles,121773.3,0.026
2025-03-03,Tesla Motors,Electric Vehicles,130973.8,0.076
2025-03-04,Tesla Motors,Electric Vehicles,150532.0,0.149
2025-03-05,Tesla Motors,Electric Vehicles,158738.5,0.055
2025-03-06,Tesla Motors,Electric Vehicles,175318.5,0.104
2025-03-07,Tesla Motors,Electric Vehicles,151480.2,-0.136
2025-03-08,Tesla Motors,Electric Vehicles,149150.9,-0.015
2025-03-09,Tesla Motors,Electric Vehicles,119877.5,-0.196
2025-03-10,Tesla Motors,Electric Vehicles,107730.5,-0.101
2025-03-11,Tesla Motors,Electric Vehicles,117489.2,0.091
2025-03-12,Tesla Motors,Electric Vehicles,140602.1,0.197
2025-03-13,Tesla Motors,Electric Vehicles,118059.6,-0.16
2025-03-14,Tesla Motors,Electric Vehicles,113407.8,-0.039
2025-03-15,Tesla Motors,Electric Vehicles,127019.9,0.12
2025-03-16,Tesla Motors,Electric Vehicles,111982.6,-0.118
2025-03-17,Tesla Motors,Electric Vehicles,114450.0,0.022
2025-03-18,Tesla Motors,Electric Vehicles,125120.0,0.093
2025-03-19,Tesla Motors,Electric Vehicles,130924.8,0.046
2025-03-20,Tesla Motors,Electric Vehicles,114586.7,-0.125
2025-03-21,Tesla Motors,Electric Vehicles,107958.3,-0.058
2025-03-22,Tesla Motors,Electric Vehicles,120213.4,0.114
2025-03-23,Tesla Motors,Electric Vehicles,122820.9,0.022
2025-03-24,Tesla Motors,Electric Vehicles,98513.6,-0.198
2025-03-25,Tesla Motors,Electric Vehicles,108798.1,0.104
2025-03-26,Tesla Motors,Electric Vehicles,88575.2,-0.186
2025-03-27,Tesla Motors,Electric Vehicles,97281.6,0.098
2025-03-28,Tesla Motors,Electric Vehicles,85704.3,-0.119
2025-03-29,Tesla Motors,Electric Vehicles,101407.8,0.183
2025-03-30,Tesla Motors,Electric Vehicles,96051.1,-0.053
2025-03-31,Tesla Motors,Electric Vehicles,89401.7,-0.069
2025-04-01,Tesla Motors,Electric Vehicles,76845.7,-0.14
2025-04-02,Tesla Motors,Electric Vehicles,70870.3,-0.078
2025-04-03,Tesla Motors,Electric Vehicles,81547.7,0.151
2025-04-04,Tesla Motors,Electric Vehicles,97737.6,0.199
2025-04-05,Tesla Motors,Electric Vehicles,92589.2,-0.053
2025-04-06,Tesla Motors,Electric Vehicles,90686.0,-0.021
2025-04-07,Tesla Motors,Electric Vehicles,98741.4,0.089
2025-04-08,Tesla Motors,Electric Vehicles,113994.9,0.154
2025-04-09,Tesla Motors,Electric Vehicles,118237.5,0.037
2025-04-10,Tesla Motors,Electric Vehicles,113107.2,-0.043
2025-04-11,Tesla Motors,Electric Vehicles,109154.0,-0.035
2025-04-12,Tesla Motors,Electric Vehicles,117695.0,0.078
2025-04-13,Tesla Motors,Electric Vehicles,94307.5,-0.199
2025-04-14,Tesla Motors,Electric Vehicles,98818.7,0.048
2025-04-15,Tesla Motors,Electric Vehicles,93106.7,-0.058
2025-04-16,Tesla Motors,Electric Vehicles,104063.4,0.118
2025-04-17,Tesla Motors,Electric Vehicles,87121.5,-0.163
2025-04-18,Tesla Motors,Electric Vehicles,90195.3,0.035
2025-04-19,Tesla Motors,Electric Vehicles,89508.8,-0.008
2025-04-20,Tesla Motors,Electric Vehicles,94604.5,0.057
2025-04-21,Tesla Motors,Electric Vehicles,78137.8,-0.174
2025-04-22,Tesla Motors,Electric Vehicles,80637.7,0.032
2025-04-23,Tesla Motors,Electric Vehicles,82620.9,0.025
2025-04-24,Tesla Motors,Electric Vehicles,84625.6,0.024
2025-04-25,Tesla Motors,Electric Vehicles,88128.7,0.041
2025-04-26,Tesla Motors,Electric Vehicles,94349.5,0.071
2025-04-27,Tesla Motors,Electric Vehicles,105859.7,0.122
2025-04-28,Tesla Motors,Electric Vehicles,96113.0,-0.092
2025-04-29,Tesla Motors,Electric Vehicles,108609.6,0.13
2025-04-30,Tesla Motors,Electric Vehicles,108533.8,-0.001
2025-05-01,Tesla Motors,Electric Vehicles,90172.4,-0.169
2025-05-02,Tesla Motors,Electric Vehicles,74249.8,-0.177
2025-05-03,Tesla Motors,Electric Vehicles,69326.7,-0.066
2025-05-04,Tesla Motors,Electric Vehicles,77227.1,0.114
2025-05-05,Tesla Motors,Electric Vehicles,83642.5,0.083
2025-05-06,Tesla Motors,Electric Vehicles,93298.7,0.115
2025-05-07,Tesla Motors,Electric Vehicles,93943.2,0.007
2025-05-08,Tesla Motors,Electric Vehicles,91696.0,-0.024
2025-05-09,Tesla Motors,Electric Vehicles,78765.1,-0.141
2025-05-10,Tesla Motors,Electric Vehicles,73352.2,-0.069
2025-05-11,Tesla Motors,Electric Vehicles,71416.3,-0.026
2025-05-12,Tesla Motors,Electric Vehicles,59664.0,-0.165
2025-05-13,Tesla Motors,Electric Vehicles,52996.2,-0.112
2025-05-14,Tesla Motors,Electric Vehicles,55078.5,0.039
2025-05-15,Tesla Motors,Electric Vehicles,60270.5,0.094
2025-05-16,Tesla Motors,Electric Vehicles,72284.7,0.199
2025-05-17,Tesla Motors,Electric Vehicles,84807.7,0.173
2025-05-18,Tesla Motors,Electric Vehicles,89643.9,0.057
2025-05-19,Tesla Motors,Electric Vehicles,86820.1,-0.032
2025-05-20,Tesla Motors,Electric Vehicles,91549.3,0.054
2025-05-21,Tesla Motors,Electric Vehicles,102009.7,0.114
2025-05-22,Tesla Motors,Electric Vehicles,86436.4,-0.153
2025-05-23,Tesla Motors,Electric Vehicles,83321.4,-0.036
2025-05-24,Tesla Motors,Electric Vehicles,94646.5,0.136
2025-05-25,Tesla Motors,Electric Vehicles,90248.6,-0.046
2025-05-26,Tesla Motors,Electric Vehicles,92843.1,0.029
2025-05-27,Tesla Motors,Electric Vehicles,96102.6,0.035
2025-05-28,Tesla Motors,Electric Vehicles,83973.6,-0.126
2025-05-29,Tesla Motors,Electric Vehicles,79346.1,-0.055
2025-05-30,Tesla Motors,Electric Vehicles,74093.8,-0.066
2025-05-31,Tesla Motors,Electric Vehicles,60051.4,-0.19
2025-06-01,Tesla Motors,Electric Vehicles,48622.2,-0.19
2025-06-02,Tesla Motors,Electric Vehicles,55073.4,0.133
2025-06-03,Tesla Motors,Electric Vehicles,50074.3,-0.091
2025-06-04,Tesla Motors,Electric Vehicles,50436.4,0.007
2025-06-05,Tesla Motors,Electric Vehicles,46375.8,-0.081
2025-06-06,Tesla Motors,Electric Vehicles,54550.5,0.176
2025-06-07,Tesla Motors,Electric Vehicles,49298.3,-0.096
2025-06-08,Tesla Motors,Electric Vehicles,47911.2,-0.028
2025-06-09,Tesla Motors,Electric Vehicles,55054.4,0.149
2025-06-10,Tesla Motors,Electric Vehicles,62584.3,0.137
2025-06-11,Tesla Motors,Electric Vehicles,54726.3,-0.126
2025-06-12,Tesla Motors,Electric Vehicles,61351.3,0.121
2025-06-13,Tesla Motors,Electric Vehicles,60325.2,-0.017
2025-06-14,Tesla Motors,Electric Vehicles,59914.2,-0.007
2025-06-15,Tesla Motors,Electric Vehicles,51130.3,-0.147
2025-06-16,Tesla Motors,Electric Vehicles,42552.7,-0.168
2025-06-17,Tesla Motors,Electric Vehicles,46432.5,0.091
2025-06-18,Tesla Motors,Electric Vehicles,46366.8,-0.001
2025-06-19,Tesla Motors,Electric Vehicles,45195.6,-0.025
2025-06-20,Tesla Motors,Electric Vehicles,49344.7,0.092
2025-06-21,Tesla Motors,Electric Vehicles,54585.3,0.106
2025-06-22,Tesla Motors,Electric Vehicles,47137.9,-0.136
2025-06-23,Tesla Motors,Electric Vehicles,49216.2,0.044
2025-06-24,Tesla Motors,Electric Vehicles,42037.6,-0.146
2025-06-25,Tesla Motors,Electric Vehicles,46264.5,0.101
2025-06-26,Tesla Motors,Electric Vehicles,49169.1,0.063
2025-06-27,Tesla Motors,Electric Vehicles,58149.6,0.183
2025-06-28,Tesla Motors,Electric Vehicles,48123.6,-0.172
2025-06-29,Tesla Motors,Electric Vehicles,39597.2,-0.177
2025-06-30,Tesla Motors,Electric Vehicles,36147.3,-0.087
2025-07-01,Tesla Motors,Electric Vehicles,32701.8,-0.095
2025-07-02,Tesla Motors,Electric Vehicles,29392.1,-0.101
2025-07-03,Tesla Motors,Electric Vehicles,34168.4,0.163
2025-07-04,Tesla Motors,Electric Vehicles,30745.3,-0.1
2025-07-05,Tesla Motors,Electric Vehicles,27940.7,-0.091
2025-07-06,Tesla Motors,Electric Vehicles,30839.8,0.104
2025-07-07,Tesla Motors,Electric Vehicles,30219.8,-0.02
2025-07-08,Tesla Motors,Electric Vehicles,33564.7,0.111
2025-07-09,Tesla Motors,Electric Vehicles,27729.4,-0.174
2025-07-10,Tesla Motors,Electric Vehicles,27591.5,-0.005
2025-07-11,Tesla Motors,Electric Vehicles,22444.2,-0.187
2025-07-12,Tesla Motors,Electric Vehicles,18517.8,-0.175
2025-07-13,Tesla Motors,Electric Vehicles,21528.4,0.163
2025-07-14,Tesla Motors,Electric Vehicles,18421.8,-0.144
2025-07-15,Tesla Motors,Electric Vehicles,18660.7,0.013
2025-07-16,Tesla Motors,Electric Vehicles,17997.1,-0.036
2025-07-17,Tesla Motors,Electric Vehicles,16898.1,-0.061
2025-07-18,Tesla Motors,Electric Vehicles,19600.7,0.16
2025-07-19,Tesla Motors,Electric Vehicles,15851.7,-0.191
2025-07-20,Tesla Motors,Electric Vehicles,16890.2,0.066
2025-07-21,Tesla Motors,Electric Vehicles,20020.9,0.185
2025-07-22,Tesla Motors,Electric Vehicles,20502.8,0.024
2025-07-23,Tesla Motors,Electric Vehicles,24085.2,0.175
2025-07-24,Tesla Motors,Electric Vehicles,19771.6,-0.179
2025-07-25,Tesla Motors,Electric Vehicles,19129.4,-0.032
2025-07-26,Tesla Motors,Electric Vehicles,17294.2,-0.096
2025-07-27,Tesla Motors,Electric Vehicles,18890.9,0.092
2025-07-28,Tesla Motors,Electric Vehicles,22527.8,0.193
2025-07-29,Tesla Motors,Electric Vehicles,20333.8,-0.097
2025-07-30,Tesla Motors,Electric Vehicles,21587.8,0.062
2025-07-31,Tesla Motors,Electric Vehicles,18980.8,-0.121
2025-08-01,Tesla Motors,Electric Vehicles,19476.9,0.026
2025-08-02,Tesla Motors,Electric Vehicles,19195.9,-0.014
2025-08-03,Tesla Motors,Electric Vehicles,22820.1,0.189
2025-08-04,Tesla Motors,Electric Vehicles,23810.7,0.043
2025-08-05,Tesla Motors,Electric Vehicles,22377.4,-0.06
2025-08-06,Tesla Motors,Electric Vehicles,18923.2,-0.154
2025-08-07,Tesla Motors,Electric Vehicles,16283.4,-0.14
2025-08-08,Tesla Motors,Electric Vehicles,14494.3,-0.11
2025-08-09,Tesla Motors,Electric Vehicles,13050.4,-0.1
2025-08-10,Tesla Motors,Electric Vehicles,14880.7,0.14
2025-08-11,Tesla Motors,Electric Vehicles,15245.1,0.024
2025-08-12,Tesla Motors,Electric Vehicles,15387.8,0.009
2025-08-13,Tesla Motors,Electric Vehicles,13016.6,-0.154
2025-08-14,Tesla Motors,Electric Vehicles,14891.7,0.144
2025-08-15,Tesla Motors,Electric Vehicles,16219.0,0.089
2025-08-16,Tesla Motors,Electric Vehicles,13414.2,-0.173
2025-08-17,Tesla Motors,Electric Vehicles,14529.4,0.083
2025-08-18,Tesla Motors,Electric Vehicles,14782.4,0.017
2025-08-19,Tesla Motors,Electric Vehicles,12309.2,-0.167
2025-08-20,Tesla Motors,Electric Vehicles,12103.8,-0.017
2025-08-21,Tesla Motors,Electric Vehicles,12029.8,-0.006
2025-08-22,Tesla Motors,Electric Vehicles,10421.5,-0.134
2025-08-23,Tesla Motors,Electric Vehicles,12279.4,0.178
2025-08-24,Tesla Motors,Electric Vehicles,13998.4,0.14
2025-08-25,Tesla Motors,Electric Vehicles,14944.8,0.068
2025-08-26,Tesla Motors,Electric Vehicles,14719.5,-0.015
2025-08-27,Tesla Motors,Electric Vehicles,14199.9,-0.035
2025-08-28,Tesla Motors,Electric Vehicles,15057.5,0.06
2025-08-29,Tesla Motors,Electric Vehicles,15331.1,0.018
2025-08-30,Tesla Motors,Electric Vehicles,12646.8,-0.175
2025-08-31,Tesla Motors,Electric Vehicles,12710.0,0.005
2025-09-01,Tesla Motors,Electric Vehicles,14267.8,0.123
2025-09-02,Tesla Motors,Electric Vehicles,14035.2,-0.016
2025-09-03,Tesla Motors,Electric Vehicles,11519.8,-0.179
2025-09-04,Tesla Motors,Electric Vehicles,12839.0,0.115
2025-09-05,Tesla Motors,Electric Vehicles,11305.3,-0.119
2025-09-06,Tesla Motors,Electric Vehicles,10213.7,-0.097
2025-09-07,Tesla Motors,Electric Vehicles,8843.9,-0.134
2025-09-08,Tesla Motors,Electric Vehicles,8243.3,-0.068
2025-09-09,Tesla Motors,Electric Vehicles,9089.9,0.103
2025-09-10,Tesla Motors,Electric Vehicles,9160.4,0.008
2025-09-11,Tesla Motors,Electric Vehicles,8079.0,-0.118
2025-09-12,Tesla Motors,Electric Vehicles,9300.0,0.151
2025-09-13,Tesla Motors,Electric Vehicles,10712.0,0.152
2025-09-14,Tesla Motors,Electric Vehicles,12299.9,0.148
2025-09-15,Tesla Motors,Electric Vehicles,11014.8,-0.104
2025-09-16,Tesla Motors,Electric Vehicles,10800.0,-0.02
2025-09-17,Tesla Motors,Electric Vehicles,12895.1,0.194
2025-09-18,Tesla Motors,Electric Vehicles,14298.1,0.109
2025-09-19,Tesla Motors,Electric Vehicles,11593.9,-0.189
2025-09-20,Tesla Motors,Electric Vehicles,9577.5,-0.174
2025-09-21,Tesla Motors,Electric Vehicles,9439.3,-0.014
2025-09-22,Tesla Motors,Electric Vehicles,10984.4,0.164
2025-09-23,Tesla Motors,Electric Vehicles,11154.5,0.015
2025-09-24,Tesla Motors,Electric Vehicles,11144.7,-0.001
2025-09-25,Tesla Motors,Electric Vehicles,9386.0,-0.158
2025-09-26,Tesla Motors,Electric Vehicles,9974.6,0.063
2025-09-27,Tesla Motors,Electric Vehicles,11259.7,0.129
2025-09-28,Tesla Motors,Electric Vehicles,10721.1,-0.048
2025-09-29,Tesla Motors,Electric Vehicles,11903.1,0.11
2025-09-30,Tesla Motors,Electric Vehicles,14114.6,0.186
2025-10-01,Tesla Motors,Electric Vehicles,12442.1,-0.118
2025-10-02,Tesla Motors,Electric Vehicles,12558.2,0.009
2025-10-03,Tesla Motors,Electric Vehicles,11488.9,-0.085
2025-10-04,Tesla Motors,Electric Vehicles,12834.8,0.117
2025-10-05,Tesla Motors,Electric Vehicles,13233.1,0.031
2025-10-06,Tesla Motors,Electric Vehicles,13945.5,0.054
2025-10-07,Tesla Motors,Electric Vehicles,15607.3,0.119
2025-10-08,Tesla Motors,Electric Vehicles,14957.9,-0.042
2025-10-09,Tesla Motors,Electric Vehicles,17441.4,0.166
2025-10-10,Tesla Motors,Electric Vehicles,17671.9,0.013
2025-10-11,Tesla Motors,Electric Vehicles,15254.0,-0.137
2025-10-12,Tesla Motors,Electric Vehicles,16449.3,0.078
2025-10-13,Tesla Motors,Electric Vehicles,18378.9,0.117
2025-10-14,Tesla Motors,Electric Vehicles,17031.8,-0.073
2025-10-15,Tesla Motors,Electric Vehicles,19465.2,0.143
2025-10-16,Tesla Motors,Electric Vehicles,22627.4,0.162
2025-10-17,Tesla Motors,Electric Vehicles,20608.2,-0.089
2025-10-18,Tesla Motors,Electric Vehicles,24594.0,0.193
2025-10-19,Tesla Motors,Electric Vehicles,21059.5,-0.144
2025-10-20,Tesla Motors,Electric Vehicles,18549.3,-0.119
2025-10-21,Tesla Motors,Electric Vehicles,16206.4,-0.126
2025-10-22,Tesla Motors,Electric Vehicles,18760.4,0.158
2025-10-23,Tesla Motors,Electric Vehicles,19918.2,0.062
2025-10-24,Tesla Motors,Electric Vehicles,17146.5,-0.139
2025-10-25,Tesla Motors,Electric Vehicles,16737.2,-0.024
2025-10-26,Tesla Motors,Electric Vehicles,17509.1,0.046
2025-10-27,Tesla Motors,Electric Vehicles,14591.8,-0.167
2025-10-28,Tesla Motors,Electric Vehicles,16823.9,0.153
2025-10-29,Tesla Motors,Electric Vehicles,18867.0,0.121
2025-10-30,Tesla Motors,Electric Vehicles,18906.3,0.002
2025-10-31,Tesla Motors,Electric Vehicles,22438.9,0.187
2025-11-01,Tesla Motors,Electric Vehicles,21700.8,-0.033
2025-11-02,Tesla Motors,Electric Vehicles,25903.0,0.194
2025-11-03,Tesla Motors,Electric Vehicles,27642.9,0.067
2025-11-04,Tesla Motors,Electric Vehicles,29131.9,0.054
2025-11-05,Tesla Motors,Electric Vehicles,25239.4,-0.134
2025-11-06,Tesla Motors,Electric Vehicles,29095.2,0.153
2025-11-07,Tesla Motors,Electric Vehicles,28251.3,-0.029
2025-11-08,Tesla Motors,Electric Vehicles,24434.4,-0.135
2025-11-09,Tesla Motors,Electric Vehicles,19670.7,-0.195
2025-11-10,Tesla Motors,Electric Vehicles,20140.9,0.024
2025-11-11,Tesla Motors,Electric Vehicles,20361.7,0.011
2025-11-12,Tesla Motors,Electric Vehicles,22148.2,0.088
2025-11-13,Tesla Motors,Electric Vehicles,25605.6,0.156
2025-11-14,Tesla Motors,Electric Vehicles,21297.8,-0.168
2025-11-15,Tesla Motors,Electric Vehicles,23270.0,0.093
2025-11-16,Tesla Motors,Electric Vehicles,20360.4,-0.125
2025-11-17,Tesla Motors,Electric Vehicles,23277.4,0.143
2025-11-18,Tesla Motors,Electric Vehicles,26248.2,0.128
2025-11-19,Tesla Motors,Electric Vehicles,26676.5,0.016
2025-11-20,Tesla Motors,Electric Vehicles,28920.0,0.084
2025-11-21,Tesla Motors,Electric Vehicles,26772.4,-0.074
2025-11-22,Tesla Motors,Electric Vehicles,26463.6,-0.012
2025-11-23,Tesla Motors,Electric Vehicles,29868.3,0.129
2025-11-24,Tesla Motors,Electric Vehicles,29381.6,-0.016
2025-11-25,Tesla Motors,Electric Vehicles,27710.4,-0.057
2025-11-26,Tesla Motors,Electric Vehicles,27646.2,-0.002
2025-11-27,Tesla Motors,Electric Vehicles,31276.1,0.131
2025-11-28,Tesla Motors,Electric Vehicles,29214.5,-0.066
2025-11-29,Tesla Motors,Electric Vehicles,25402.2,-0.13
2025-11-30,Tesla Motors,Electric Vehicles,27556.4,0.085
2025-12-01,Tesla Motors,Electric Vehicles,31149.5,0.13
2025-12-02,Tesla Motors,Electric Vehicles,26173.5,-0.16
2025-12-03,Tesla Motors,Electric Vehicles,23450.2,-0.104
2025-12-04,Tesla Motors,Electric Vehicles,20091.8,-0.143
2025-12-05,Tesla Motors,Electric Vehicles,18869.8,-0.061
2025-12-06,Tesla Motors,Electric Vehicles,18495.0,-0.02
2025-12-07,Tesla Motors,Electric Vehicles,20335.9,0.1
2025-12-08,Tesla Motors,Electric Vehicles,21565.4,0.06
2025-12-09,Tesla Motors,Electric Vehicles,22608.5,0.048
2025-12-10,Tesla Motors,Electric Vehicles,21273.5,-0.059
2025-12-11,Tesla Motors,Electric Vehicles,24179.0,0.137
2025-12-12,Tesla Motors,Electric Vehicles,23901.3,-0.011
2025-12-13,Tesla Motors,Electric Vehicles,28481.8,0.192
2025-12-14,Tesla Motors,Electric Vehicles,30010.0,0.054
2025-12-15,Tesla Motors,Electric Vehicles,25523.7,-0.149
2025-12-16,Tesla Motors,Electric Vehicles,27322.4,0.07
2025-12-17,Tesla Motors,Electric Vehicles,25410.9,-0.07
2025-12-18,Tesla Motors,Electric Vehicles,27304.8,0.075
2025-12-19,Tesla Motors,Electric Vehicles,22604.5,-0.172
2025-12-20,Tesla Motors,Electric Vehicles,19664.8,-0.13
2025-12-21,Tesla Motors,Electric Vehicles,22463.0,0.142
2025-12-22,Tesla Motors,Electric Vehicles,20011.7,-0.109
2025-12-23,Tesla Motors,Electric Vehicles,22709.6,0.135
2025-12-24,Tesla Motors,Electric Vehicles,20704.6,-0.088
2025-12-25,Tesla Motors,Electric Vehicles,21887.9,0.057
2025-12-26,Tesla Motors,Electric Vehicles,23587.7,0.078
2025-12-27,Tesla Motors,Electric Vehicles,23707.1,0.005
2025-12-28,Tesla Motors,Electric Vehicles,21860.9,-0.078
2025-12-29,Tesla Motors,Electric Vehicles,19348.2,-0.115
2025-12-30,Tesla Motors,Electric Vehicles,15735.4,-0.187
2025-12-31,Tesla Motors,Electric Vehicles,14501.4,-0.078
