serialNo,name,date,amount,category
1,Gym,2020-05-10,8288.63,Sports
2,Insurance,2020-05-10,4567.43,Medical
3,Amusement Park,2020-05-03,4358.72,Entertainment
4,Swimming,2020-05-23,1395.85,Sports
5,Eye Exam,2020-05-09,392.3,Medical
6,Basketball,2020-05-07,6452.38,Sports
7,Seminar,2020-05-25,3005.53,Education
8,Internet,2020-05-01,2745.36,Home
9,Bar,2020-05-11,9441.76,Entertainment
10,Cleaning,2020-05-28,8910.31,Home
11,Doctor Visit,2020-05-14,6954.04,Medical
12,Mobile Recharge,2020-05-16,3604.3,Communication
13,Roaming,2020-05-09,3296.09,Communication
14,Storage,2020-05-15,7478.91,Others
15,Lottery,2020-05-22,941.82,Others
16,Calling Card,2020-05-28,4571.58,Communication
17,Therapy,2020-05-02,1962.74,Medical
18,Basketball,2020-05-21,5561.22,Sports
19,Hat,2020-05-09,2715.62,Clothing
20,Tennis,2020-05-14,6818.65,Sports
21,Concert,2020-05-27,4663.08,Entertainment
22,Tuition,2020-05-09,5667.9,Education
23,Jacket,2020-05-16,9436.53,Clothing
24,Rent,2020-05-18,1001.74,Home
25,Football,2020-05-09,625.57,Sports
26,Storage,2020-05-05,8470.64,Others
27,Swimming,2020-05-08,9456.45,Sports
28,Sweater,2020-05-28,8698.89,Clothing
29,Eye Exam,2020-05-07,9475.84,Medical
30,Tips,2020-05-27,3453.26,Others
31,Insurance,2020-05-05,7422.68,Medical
32,Gift,2020-05-12,223.2,Others
33,Movie,2020-05-23,8598.19,Entertainment
34,Flight,2020-05-11,4106.79,Travel
35,Jacket,2020-05-02,5382.64,Clothing
36,Fuel,2020-05-15,4889.17,Transportation
37,Laundry,2020-05-12,4197.24,Others
38,Shoes,2020-05-16,7981.87,Clothing
39,Theater,2020-05-20,865.32,Entertainment
40,Repair,2020-05-01,4697.96,Home
41,Decor,2020-05-13,164.24,Home
42,Insurance,2020-05-06,4974.25,Medical
43,Dental,2020-05-05,5756.73,Medical
44,Vaccine,2020-05-25,4829.85,Medical
45,Fuel,2020-05-20,7170.47,Transportation
46,Mobile Recharge,2020-05-17,2590.49,Communication
47,SIM Card,2020-05-07,8877.75,Communication
48,Rent,2020-05-17,4738.23,Home
49,Tour Package,2020-05-18,7512.84,Travel
50,Internet,2020-05-12,8756.46,Home
51,Equipment,2020-05-06,1682.54,Sports
52,Eye Exam,2020-05-28,1089.4,Medical
53,Insurance,2020-05-24,924.78,Medical
54,Repair,2020-05-19,1875.95,Home
55,Dinner,2020-05-15,4487.24,Food
56,Rental Car,2020-05-06,6632.1,Travel
57,Gift,2020-05-17,1149.58,Others
58,Gym,2020-05-09,5552.93,Sports
59,Appliance,2020-05-04,9086.03,Home
60,Doctor Visit,2020-05-05,2210.86,Medical
61,Utilities,2020-05-19,5040.9,Home
62,Football,2020-05-15,3494.03,Sports
63,Theater,2020-05-12,5807.77,Entertainment
64,Hospital,2020-05-13,3212.34,Medical
65,Travel Guide,2020-05-06,5633.84,Travel
66,Cleaning,2020-05-14,5513.24,Home
67,Internet,2020-05-15,4531.5,Home
68,Utilities,2020-05-21,9451.47,Home
69,Shoes,2020-05-22,7713.26,Clothing
70,Gym,2020-05-08,9831.5,Sports
71,Messenger App,2020-05-20,4145.17,Communication
72,Storage,2020-05-05,7900.6,Others
73,Bakery,2020-05-12,7838.35,Food
74,Yoga,2020-05-01,4220.14,Sports
75,Suit,2020-05-09,367.14,Clothing
76,Hospital,2020-05-18,5137.26,Medical
77,Pants,2020-05-21,4535.55,Clothing
78,Concert,2020-05-03,5239.86,Entertainment
79,Tuition,2020-05-14,258.0,Education
80,Theater,2020-05-23,557.1,Entertainment
81,Rent,2020-05-14,4485.83,Home
82,Seminar,2020-05-20,6322.45,Education
83,Taxi,2020-05-23,3740.08,Transportation
84,Rent,2020-05-24,881.5,Home
85,Jacket,2020-05-24,5380.14,Clothing
86,Restaurant,2020-05-16,8330.13,Food
87,Internet,2020-05-10,7701.45,Communication
88,Insurance,2020-05-15,2625.6,Medical
89,Insurance,2020-05-01,4811.35,Medical
90,Tennis,2020-05-17,202.72,Sports
91,Shirt,2020-05-26,6810.17,Clothing
92,Books,2020-05-20,6180.92,Education
93,Suit,2020-05-03,7875.29,Clothing
94,Ride Share,2020-05-19,3205.7,Transportation
95,Visa Fee,2020-05-27,8450.3,Travel
96,Repair,2020-05-19,2088.65,Home
97,Shirt,2020-05-05,9915.9,Clothing
98,Equipment,2020-05-27,6380.88,Sports
99,Travel Insurance,2020-05-08,5806.15,Travel
100,Gym,2020-05-12,9350.31,Sports
101,Delivery,2020-06-01,3700.8,Food
102,Hospital,2020-06-09,619.25,Medical
103,Train,2020-06-25,5563.18,Travel
104,Data Plan,2020-06-22,7481.88,Communication
105,Breakfast,2020-06-14,4806.04,Food
106,Exhibition,2020-06-23,5667.56,Entertainment
107,Toll,2020-06-23,7281.7,Transportation
108,Groceries,2020-06-17,4967.95,Food
109,Train,2020-06-08,4632.71,Travel
110,Restaurant,2020-06-05,9912.75,Food
111,Furniture,2020-06-26,8152.4,Home
112,Training,2020-06-05,5703.42,Education
113,Tips,2020-06-25,219.45,Others
114,Swimming,2020-06-01,4715.6,Sports
115,Nightclub,2020-06-22,4328.93,Entertainment
116,Coffee,2020-06-19,6511.7,Food
117,Hospital,2020-06-05,1264.58,Medical
118,Flight,2020-06-28,4176.12,Travel
119,Theater,2020-06-14,4761.01,Entertainment
120,Amusement Park,2020-06-24,291.89,Entertainment
121,Lecture,2020-06-20,5852.16,Education
122,Fuel,2020-06-19,7140.55,Transportation
123,Hospital,2020-06-11,617.56,Medical
124,Cleaning,2020-06-18,5596.01,Home
125,Vaccine,2020-06-10,9547.64,Medical
126,Luggage,2020-06-09,659.75,Travel
127,Lottery,2020-06-18,4735.72,Others
128,Travel Guide,2020-06-22,4642.33,Travel
129,Roaming,2020-06-05,1179.04,Communication
130,Car Maintenance,2020-06-15,3112.69,Transportation
131,Restaurant,2020-06-19,7893.74,Food
132,Online Course,2020-06-06,8914.27,Education
133,Snacks,2020-06-22,8230.17,Food
134,VPN,2020-06-24,6286.0,Communication
135,Toll,2020-06-21,9721.9,Transportation
136,Internet,2020-06-11,2391.39,Home
137,Doctor Visit,2020-06-03,4896.75,Medical
138,Yoga,2020-06-19,2834.45,Sports
139,Gift,2020-06-11,9592.62,Others
140,Repair,2020-06-05,60.92,Home
141,Movie,2020-06-01,2178.8,Entertainment
142,Seminar,2020-06-21,6015.14,Education
143,Dress,2020-06-21,4365.63,Clothing
144,Storage,2020-06-15,9911.65,Others
145,Security,2020-06-08,3727.71,Home
146,Swimming,2020-06-23,6439.7,Sports
147,Train,2020-06-16,8320.46,Travel
148,Amusement Park,2020-06-04,1610.18,Entertainment
149,Mortgage,2020-06-22,6572.78,Home
150,Hospital,2020-06-03,5499.29,Medical
151,Mobile Recharge,2020-06-18,611.45,Communication
152,Hospital,2020-06-10,7151.18,Medical
153,Eye Exam,2020-06-13,3342.54,Medical
154,Eye Exam,2020-06-25,9679.16,Medical
155,Fuel,2020-06-08,6700.33,Transportation
156,Cleaning,2020-06-19,3968.46,Home
157,Roaming,2020-06-24,5836.82,Communication
158,Equipment,2020-06-12,8322.57,Sports
159,Medicine,2020-06-03,8371.86,Medical
160,Toll,2020-06-21,9279.74,Transportation
161,Scarf,2020-06-16,8676.7,Clothing
162,Pet,2020-06-05,6331.1,Others
163,Swimming,2020-06-27,8259.04,Sports
164,Cleaning,2020-06-19,9664.47,Home
165,VPN,2020-06-05,9762.97,Communication
166,Socks,2020-06-14,3682.99,Clothing
167,Hospital,2020-06-10,2536.52,Medical
168,Delivery,2020-06-23,9526.63,Food
169,Swimming,2020-06-16,7086.58,Sports
170,Doctor Visit,2020-06-08,9221.84,Medical
171,Nightclub,2020-06-11,5090.27,Entertainment
172,Training,2020-06-12,2279.23,Education
173,Football,2020-06-22,1091.9,Sports
174,Luggage,2020-06-01,257.77,Travel
175,Rental Car,2020-06-16,7267.06,Travel
176,Tuition,2020-06-21,630.08,Education
177,Doctor Visit,2020-06-06,1069.07,Medical
178,Mobile Recharge,2020-06-12,6430.22,Communication
179,Nightclub,2020-06-15,1400.35,Entertainment
180,Car Maintenance,2020-06-17,1646.91,Transportation
181,Internet,2020-06-01,1853.53,Home
182,Calling Card,2020-06-11,5670.43,Communication
183,Hat,2020-06-12,6192.74,Clothing
184,Hat,2020-06-14,8371.71,Clothing
185,Dress,2020-06-09,896.44,Clothing
186,Laundry,2020-06-22,2523.22,Others
187,Groceries,2020-06-09,4071.06,Food
188,Toll,2020-06-12,5851.71,Transportation
189,Groceries,2020-06-13,4078.38,Food
190,Shirt,2020-06-14,6076.71,Clothing
191,Basketball,2020-06-20,3151.5,Sports
192,Dinner,2020-06-15,9822.83,Food
193,Rental Car,2020-06-06,9303.84,Travel
194,Gym,2020-06-04,8217.62,Sports
195,Eye Exam,2020-06-27,7736.46,Medical
196,Internet,2020-06-13,9230.53,Home
197,Books,2020-06-26,8505.58,Education
198,Bar,2020-06-09,2602.6,Entertainment
199,Miscellaneous,2020-06-23,12.71,Others
200,Train Ticket,2020-06-17,4002.0,Transportation
201,Security,2020-07-07,4371.64,Home
202,Tips,2020-07-03,5881.33,Others
203,Scarf,2020-07-26,9174.27,Clothing
204,Calling Card,2020-07-02,6168.94,Communication
205,Utilities,2020-07-02,4674.39,Home
206,Travel Insurance,2020-07-05,1706.38,Travel
207,Hotel,2020-07-20,9146.97,Travel
208,Tour Package,2020-07-14,3464.07,Travel
209,Fast Food,2020-07-26,7994.58,Food
210,VPN,2020-07-26,8937.24,Communication
211,Game,2020-07-08,8421.83,Entertainment
212,Restaurant,2020-07-21,4533.83,Food
213,Car Maintenance,2020-07-06,8321.76,Transportation
214,Fast Food,2020-07-26,8075.76,Food
215,Data Plan,2020-07-27,3428.87,Communication
216,Rental Car,2020-07-04,1003.09,Travel
217,Internet,2020-07-25,5576.54,Home
218,Exhibition,2020-07-24,4150.22,Entertainment
219,Sweater,2020-07-08,1381.23,Clothing
220,Tennis,2020-07-14,3328.07,Sports
221,Yoga,2020-07-06,4984.48,Sports
222,Football,2020-07-26,3209.55,Sports
223,Storage,2020-07-05,5866.01,Others
224,Library Fee,2020-07-18,1182.56,Education
225,Taxi,2020-07-28,7877.15,Transportation
226,Therapy,2020-07-20,2866.39,Medical
227,Dinner,2020-07-27,5472.22,Food
228,Lottery,2020-07-22,2395.47,Others
229,Appliance,2020-07-13,7746.2,Home
230,Hat,2020-07-06,8485.43,Clothing
231,Theater,2020-07-22,6074.9,Entertainment
232,Internet,2020-07-15,5337.68,Home
233,Parking,2020-07-02,2605.92,Transportation
234,Messenger App,2020-07-16,6746.43,Communication
235,Vaccine,2020-07-06,777.88,Medical
236,Groceries,2020-07-07,1245.61,Food
237,Travel Guide,2020-07-13,7539.89,Travel
238,Roaming,2020-07-19,5281.4,Communication
239,Travel Guide,2020-07-09,5049.33,Travel
240,Train Ticket,2020-07-23,8205.57,Transportation
241,Bar,2020-07-09,3973.85,Entertainment
242,Bar,2020-07-14,9348.77,Entertainment
243,Restaurant,2020-07-22,8593.9,Food
244,Hospital,2020-07-05,6075.01,Medical
245,Nightclub,2020-07-09,2377.41,Entertainment
246,Medicine,2020-07-09,1617.09,Medical
247,Bicycle,2020-07-04,7296.84,Transportation
248,SIM Card,2020-07-02,6252.89,Communication
249,Internet,2020-07-05,5992.46,Home
250,Mobile Recharge,2020-07-05,3096.72,Communication
251,Messenger App,2020-07-11,2842.23,Communication
252,Amusement Park,2020-07-16,3565.65,Entertainment
253,Lunch,2020-07-17,9700.97,Food
254,Tuition,2020-07-15,7174.51,Education
255,Taxi,2020-07-23,7660.16,Transportation
256,Jacket,2020-07-15,7361.07,Clothing
257,Calling Card,2020-07-19,9243.22,Communication
258,Scarf,2020-07-17,3699.05,Clothing
259,Lottery,2020-07-09,6933.78,Others
260,Gym,2020-07-22,8466.96,Sports
261,Train,2020-07-08,4437.91,Travel
262,Exhibition,2020-07-20,1936.67,Entertainment
263,Calling Card,2020-07-24,8400.01,Communication
264,Training,2020-07-28,3098.98,Education
265,Pants,2020-07-28,3289.74,Clothing
266,Exam Fee,2020-07-25,5709.3,Education
267,Laundry,2020-07-18,4631.79,Others
268,Bicycle,2020-07-27,9303.34,Transportation
269,Travel Insurance,2020-07-20,7942.76,Travel
270,Train,2020-07-01,7818.55,Travel
271,Breakfast,2020-07-07,1410.01,Food
272,Visa Fee,2020-07-19,6708.15,Travel
273,Sweater,2020-07-23,5683.25,Clothing
274,Repair,2020-07-19,7434.7,Home
275,Fitness Class,2020-07-27,8558.91,Sports
276,Books,2020-07-25,818.3,Education
277,Eye Exam,2020-07-18,7313.29,Medical
278,Sweater,2020-07-08,2308.28,Clothing
279,Appliance,2020-07-28,2512.59,Home
280,SIM Card,2020-07-12,4780.86,Communication
281,Decor,2020-07-01,5824.82,Home
282,Travel Insurance,2020-07-21,100.83,Travel
283,Health Check,2020-07-08,6826.35,Medical
284,Tennis,2020-07-16,3180.51,Sports
285,Insurance,2020-07-16,4451.31,Medical
286,Equipment,2020-07-22,9820.48,Sports
287,Exam Fee,2020-07-16,7766.41,Education
288,Health Check,2020-07-18,8055.29,Medical
289,Dental,2020-07-24,8089.25,Medical
290,Fine,2020-07-22,7362.81,Others
291,Fax,2020-07-06,8233.0,Communication
292,VPN,2020-07-10,6159.46,Communication
293,Basketball,2020-07-02,6257.93,Sports
294,Shirt,2020-07-14,3421.11,Clothing
295,Insurance,2020-07-19,2063.74,Medical
296,Library Fee,2020-07-02,4738.26,Education
297,Gym,2020-07-13,819.68,Sports
298,Taxi,2020-07-12,8262.94,Travel
299,Gym,2020-07-22,6633.73,Sports
300,Subway,2020-07-09,5918.12,Transportation
301,Restaurant,2020-08-06,5574.3,Food
302,Storage,2020-08-14,2059.95,Others
303,Tips,2020-08-20,9698.4,Others
304,Therapy,2020-08-13,8542.3,Medical
305,Storage,2020-08-13,5299.55,Others
306,Dental,2020-08-01,5911.25,Medical
307,Socks,2020-08-14,7076.15,Clothing
308,Utilities,2020-08-17,5838.28,Home
309,Fitness Class,2020-08-04,7165.75,Sports
310,Pants,2020-08-07,3091.55,Clothing
311,Rent,2020-08-17,5728.17,Home
312,Equipment,2020-08-20,212.64,Sports
313,Taxi,2020-08-04,1837.99,Travel
314,Fitness Class,2020-08-18,235.97,Sports
315,Books,2020-08-25,1398.84,Education
316,Travel Guide,2020-08-28,1189.99,Travel
317,Jacket,2020-08-24,3134.44,Clothing
318,Medicine,2020-08-13,5833.93,Medical
319,Medicine,2020-08-07,6214.45,Medical
320,Travel Insurance,2020-08-04,200.76,Travel
321,Bakery,2020-08-09,1548.07,Food
322,KTV,2020-08-27,843.46,Entertainment
323,Training,2020-08-28,8605.95,Education
324,Tour Package,2020-08-16,7305.14,Travel
325,Exhibition,2020-08-02,2107.93,Entertainment
326,Lunch,2020-08-09,1261.29,Food
327,Medicine,2020-08-15,3135.27,Medical
328,Snacks,2020-08-14,6280.56,Food
329,Flight,2020-08-08,6891.0,Travel
330,Exam Fee,2020-08-09,9106.46,Education
331,Taxi,2020-08-14,5767.06,Travel
332,Lecture,2020-08-04,5001.22,Education
333,Flight,2020-08-20,4128.07,Travel
334,Jacket,2020-08-20,5743.92,Clothing
335,Fine,2020-08-24,6042.99,Others
336,Seminar,2020-08-03,4880.07,Education
337,Surgery,2020-08-10,1041.95,Medical
338,Concert,2020-08-27,4603.86,Entertainment
339,KTV,2020-08-12,424.61,Entertainment
340,Hotel,2020-08-16,8451.39,Travel
341,Pet,2020-08-01,1854.54,Others
342,Hotel,2020-08-11,6771.82,Travel
343,Subway,2020-08-04,6566.34,Transportation
344,Vaccine,2020-08-04,2546.28,Medical
345,Lottery,2020-08-14,512.49,Others
346,Mortgage,2020-08-06,9520.45,Home
347,Hotel,2020-08-07,1609.32,Travel
348,Library Fee,2020-08-10,9066.73,Education
349,Surgery,2020-08-10,8000.47,Medical
350,Hotel,2020-08-27,2142.73,Travel
351,Fitness Class,2020-08-05,3223.56,Sports
352,Delivery,2020-08-21,7247.16,Food
353,Roaming,2020-08-21,7746.87,Communication
354,Miscellaneous,2020-08-16,9874.72,Others
355,Fine,2020-08-20,7700.16,Others
356,Football,2020-08-28,1864.49,Sports
357,Training,2020-08-19,6757.61,Education
358,Vaccine,2020-08-07,5513.71,Medical
359,Laundry,2020-08-05,1494.06,Others
360,Shirt,2020-08-21,2939.2,Clothing
361,Jacket,2020-08-03,1471.62,Clothing
362,Storage,2020-08-14,1175.49,Others
363,Swimming,2020-08-10,2778.99,Sports
364,Delivery,2020-08-16,3679.02,Food
365,Snacks,2020-08-20,6513.65,Food
366,Sweater,2020-08-12,3249.38,Clothing
367,Car Maintenance,2020-08-07,2066.09,Transportation
368,Health Check,2020-08-06,9377.94,Medical
369,Subway,2020-08-13,5318.17,Transportation
370,Subscription,2020-08-05,6760.69,Others
371,Exam Fee,2020-08-21,7333.55,Education
372,Mobile Recharge,2020-08-05,2673.17,Communication
373,Seminar,2020-08-13,191.4,Education
374,Football,2020-08-18,4251.79,Sports
375,Mortgage,2020-08-25,5369.0,Home
376,Medicine,2020-08-23,6733.49,Medical
377,KTV,2020-08-10,2763.29,Entertainment
378,Suit,2020-08-10,8814.71,Clothing
379,Decor,2020-08-13,6322.27,Home
380,Gift,2020-08-27,1499.31,Others
381,Mobile Recharge,2020-08-05,2068.99,Communication
382,Concert,2020-08-19,8263.83,Entertainment
383,Storage,2020-08-09,3469.07,Others
384,Ride Share,2020-08-05,8133.23,Transportation
385,Running,2020-08-27,8339.11,Sports
386,Furniture,2020-08-01,4799.32,Home
387,Fast Food,2020-08-05,488.61,Food
388,Seminar,2020-08-21,5812.88,Education
389,Swimming,2020-08-16,4657.31,Sports
390,Breakfast,2020-08-08,5839.6,Food
391,Lecture,2020-08-07,9027.73,Education
392,Luggage,2020-08-22,4608.12,Travel
393,Roaming,2020-08-26,3041.5,Communication
394,Repair,2020-08-20,3259.42,Home
395,Workshop,2020-08-19,8309.65,Education
396,Fine,2020-08-25,6221.05,Others
397,Lunch,2020-08-27,5621.29,Food
398,Appliance,2020-08-27,1928.54,Home
399,Amusement Park,2020-08-19,9462.27,Entertainment
400,Tennis,2020-08-15,9211.9,Sports
401,Workshop,2020-09-13,7620.89,Education
402,Appliance,2020-09-28,925.86,Home
403,Library Fee,2020-09-19,614.73,Education
404,Dress,2020-09-05,3748.92,Clothing
405,Ride Share,2020-09-13,7013.89,Transportation
406,Taxi,2020-09-10,9780.86,Transportation
407,Travel Guide,2020-09-22,9679.15,Travel
408,VPN,2020-09-05,7212.7,Communication
409,Restaurant,2020-09-09,5811.33,Food
410,Rent,2020-09-18,2389.74,Home
411,Dress,2020-09-06,4829.24,Clothing
412,Books,2020-09-16,7576.92,Education
413,Sweater,2020-09-01,9839.59,Clothing
414,Fine,2020-09-18,476.52,Others
415,Mortgage,2020-09-13,1715.9,Home
416,Dress,2020-09-23,5490.32,Clothing
417,Theater,2020-09-08,6974.87,Entertainment
418,Concert,2020-09-26,8011.1,Entertainment
419,Toll,2020-09-09,5203.12,Transportation
420,Vaccine,2020-09-19,4538.59,Medical
421,Sweater,2020-09-21,4271.72,Clothing
422,Rental Car,2020-09-14,9360.23,Travel
423,Exam Fee,2020-09-21,3133.58,Education
424,Gym,2020-09-18,9000.49,Sports
425,Lunch,2020-09-15,6379.5,Food
426,Concert,2020-09-01,8563.2,Entertainment
427,Bus,2020-09-15,3915.97,Transportation
428,Nightclub,2020-09-20,5889.9,Entertainment
429,Internet,2020-09-26,4362.61,Home
430,Ride Share,2020-09-25,7523.62,Transportation
431,Swimming,2020-09-23,5182.38,Sports
432,Lecture,2020-09-16,9366.39,Education
433,Online Course,2020-09-14,3316.92,Education
434,Messenger App,2020-09-04,787.34,Communication
435,Socks,2020-09-02,8243.63,Clothing
436,Fax,2020-09-15,7197.94,Communication
437,Luggage,2020-09-19,8769.13,Travel
438,Training,2020-09-16,905.56,Education
439,Subway,2020-09-13,3622.54,Transportation
440,Ride Share,2020-09-16,7587.7,Transportation
441,Tuition,2020-09-05,6165.16,Education
442,Amusement Park,2020-09-03,7076.15,Entertainment
443,VPN,2020-09-03,5418.64,Communication
444,Bus,2020-09-01,5291.78,Transportation
445,Cycling,2020-09-07,9712.27,Sports
446,Theater,2020-09-05,4374.38,Entertainment
447,Messenger App,2020-09-16,2343.76,Communication
448,Concert,2020-09-11,6667.76,Entertainment
449,Bicycle,2020-09-20,715.53,Transportation
450,Hotel,2020-09-08,5114.55,Travel
451,Amusement Park,2020-09-20,2530.24,Entertainment
452,Mortgage,2020-09-04,1487.36,Home
453,Tour Package,2020-09-09,5059.3,Travel
454,Insurance,2020-09-18,4494.76,Medical
455,Laundry,2020-09-04,1146.87,Others
456,Subway,2020-09-16,9111.19,Transportation
457,Train,2020-09-28,2242.39,Travel
458,Gym,2020-09-22,2030.99,Sports
459,Delivery,2020-09-19,5088.14,Food
460,Running,2020-09-25,679.96,Sports
461,Shirt,2020-09-09,7465.62,Clothing
462,Health Check,2020-09-04,3166.09,Medical
463,Phone Bill,2020-09-27,4530.79,Communication
464,Decor,2020-09-15,398.41,Home
465,Health Check,2020-09-27,3668.75,Medical
466,Mobile Recharge,2020-09-26,3163.97,Communication
467,Library Fee,2020-09-22,7323.31,Education
468,Car Maintenance,2020-09-09,1042.24,Transportation
469,Swimming,2020-09-13,6829.91,Sports
470,Security,2020-09-15,7824.06,Home
471,Gift,2020-09-24,6810.71,Others
472,Cleaning,2020-09-10,8574.2,Home
473,Flight,2020-09-26,3367.15,Travel
474,Bakery,2020-09-08,1915.88,Food
475,Messenger App,2020-09-26,8810.87,Communication
476,Lunch,2020-09-24,242.52,Food
477,Exhibition,2020-09-05,4041.17,Entertainment
478,Subway,2020-09-22,9234.92,Transportation
479,Bus,2020-09-21,3220.02,Transportation
480,Messenger App,2020-09-18,6080.3,Communication
481,Basketball,2020-09-25,6508.23,Sports
482,Security,2020-09-23,331.88,Home
483,Taxi,2020-09-14,2871.07,Travel
484,Nightclub,2020-09-21,2521.17,Entertainment
485,Equipment,2020-09-06,7962.77,Sports
486,Vaccine,2020-09-12,9702.46,Medical
487,Tuition,2020-09-11,5904.55,Education
488,Tour Package,2020-09-13,6973.22,Travel
489,Calling Card,2020-09-24,4806.84,Communication
490,Donation,2020-09-20,2670.82,Others
491,Exam Fee,2020-09-24,6993.75,Education
492,Bicycle,2020-09-25,2365.94,Transportation
493,KTV,2020-09-20,9554.9,Entertainment
494,Surgery,2020-09-22,7362.17,Medical
495,Breakfast,2020-09-23,7021.02,Food
496,Laundry,2020-09-04,4532.81,Others
497,Fast Food,2020-09-03,1754.9,Food
498,Concert,2020-09-02,6181.79,Entertainment
499,Miscellaneous,2020-09-11,1418.5,Others
500,Gift,2020-09-16,3155.4,Others
501,Travel Guide,2020-10-06,2991.86,Travel
502,Taxi,2020-10-21,9601.99,Travel
503,Dinner,2020-10-10,4141.27,Food
504,Coffee,2020-10-17,5404.27,Food
505,Bakery,2020-10-18,2366.05,Food
506,Tips,2020-10-02,473.23,Others
507,Train Ticket,2020-10-04,7488.29,Transportation
508,Flight,2020-10-18,9503.97,Travel
509,Bus,2020-10-16,5044.6,Transportation
510,Theater,2020-10-13,7515.72,Entertainment
511,Rental Car,2020-10-16,8242.03,Travel
512,Tour Package,2020-10-21,754.87,Travel
513,Dress,2020-10-06,4134.33,Clothing
514,Tennis,2020-10-06,8071.66,Sports
515,Storage,2020-10-04,8533.13,Others
516,Mortgage,2020-10-22,4755.74,Home
517,Eye Exam,2020-10-23,8030.4,Medical
518,Shirt,2020-10-07,370.25,Clothing
519,Travel Guide,2020-10-16,3619.82,Travel
520,Fuel,2020-10-21,4230.73,Transportation
521,Subscription,2020-10-16,8444.38,Others
522,Library Fee,2020-10-22,289.27,Education
523,Lecture,2020-10-03,2188.23,Education
524,Subscription,2020-10-03,3102.82,Others
525,Stationery,2020-10-24,7346.96,Education
526,Tips,2020-10-12,3054.78,Others
527,Jacket,2020-10-10,8282.69,Clothing
528,Tips,2020-10-21,5854.13,Others
529,Hat,2020-10-16,8575.44,Clothing
530,Socks,2020-10-05,4043.01,Clothing
531,Taxi,2020-10-06,2819.64,Transportation
532,Scarf,2020-10-26,6892.85,Clothing
533,Travel Guide,2020-10-01,3669.98,Travel
534,Shirt,2020-10-17,4680.57,Clothing
535,Delivery,2020-10-08,8632.58,Food
536,Rental Car,2020-10-17,8855.15,Travel
537,Internet,2020-10-14,2713.09,Communication
538,Fast Food,2020-10-22,4831.65,Food
539,Cleaning,2020-10-17,9356.48,Home
540,Toll,2020-10-13,2875.46,Transportation
541,Medicine,2020-10-19,2172.99,Medical
542,Suit,2020-10-15,3579.84,Clothing
543,Tuition,2020-10-14,1574.07,Education
544,Dental,2020-10-24,6624.96,Medical
545,Theater,2020-10-03,7612.04,Entertainment
546,Toll,2020-10-01,6520.12,Transportation
547,Shirt,2020-10-24,9775.84,Clothing
548,Concert,2020-10-19,5510.45,Entertainment
549,Basketball,2020-10-04,7518.22,Sports
550,Pet,2020-10-14,8165.31,Others
551,Tour Package,2020-10-24,2649.3,Travel
552,Shoes,2020-10-20,9352.16,Clothing
553,Concert,2020-10-23,1430.1,Entertainment
554,Dental,2020-10-22,74.81,Medical
555,Taxi,2020-10-22,1048.81,Transportation
556,Eye Exam,2020-10-08,1943.95,Medical
557,Books,2020-10-27,6964.54,Education
558,Mortgage,2020-10-18,4362.53,Home
559,SIM Card,2020-10-14,7214.59,Communication
560,Train,2020-10-21,420.4,Travel
561,Bicycle,2020-10-13,6727.94,Transportation
562,Tennis,2020-10-04,6670.5,Sports
563,Tennis,2020-10-13,6524.05,Sports
564,Amusement Park,2020-10-05,1992.88,Entertainment
565,Roaming,2020-10-15,9355.19,Communication
566,Coffee,2020-10-22,7064.44,Food
567,Yoga,2020-10-03,4955.12,Sports
568,Internet,2020-10-27,6549.84,Communication
569,Internet,2020-10-03,934.22,Communication
570,Toll,2020-10-10,645.47,Transportation
571,Decor,2020-10-16,7742.95,Home
572,Game,2020-10-15,2342.47,Entertainment
573,Tour Package,2020-10-11,2120.69,Travel
574,Appliance,2020-10-24,1248.54,Home
575,Running,2020-10-04,1706.32,Sports
576,Utilities,2020-10-15,2772.43,Home
577,Shirt,2020-10-12,4655.22,Clothing
578,Bakery,2020-10-03,8644.18,Food
579,Tennis,2020-10-06,3949.61,Sports
580,Luggage,2020-10-13,2053.74,Travel
581,Cleaning,2020-10-04,6331.27,Home
582,Streaming Service,2020-10-26,5034.53,Entertainment
583,Basketball,2020-10-23,2205.2,Sports
584,VPN,2020-10-20,1702.84,Communication
585,SIM Card,2020-10-21,9597.99,Communication
586,Scarf,2020-10-19,6496.8,Clothing
587,Train,2020-10-08,3182.31,Travel
588,Bicycle,2020-10-08,1192.48,Transportation
589,Fine,2020-10-05,7014.72,Others
590,Lottery,2020-10-21,4448.65,Others
591,Cycling,2020-10-15,8273.01,Sports
592,Workshop,2020-10-19,7343.99,Education
593,Storage,2020-10-23,4953.06,Others
594,Restaurant,2020-10-02,2128.54,Food
595,Fast Food,2020-10-26,1445.48,Food
596,Subscription,2020-10-15,2263.53,Others
597,Hospital,2020-10-22,552.73,Medical
598,Internet,2020-10-26,4894.04,Home
599,Tour Package,2020-10-04,9100.0,Travel
600,Phone Bill,2020-10-27,6846.39,Communication
601,Health Check,2020-11-17,1768.38,Medical
602,Therapy,2020-11-23,3982.98,Medical
603,Gym,2020-11-21,2357.71,Sports
604,Streaming Service,2020-11-24,7360.87,Entertainment
605,Lecture,2020-11-20,6611.03,Education
606,Basketball,2020-11-27,3169.03,Sports
607,Insurance,2020-11-17,1679.08,Medical
608,Internet,2020-11-25,7860.37,Communication
609,Dress,2020-11-16,5022.48,Clothing
610,Restaurant,2020-11-06,5242.39,Food
611,Taxi,2020-11-13,3621.93,Travel
612,Insurance,2020-11-13,9004.19,Medical
613,Tour Package,2020-11-02,3365.2,Travel
614,Mobile Recharge,2020-11-09,5895.45,Communication
615,Basketball,2020-11-24,8639.36,Sports
616,Travel Guide,2020-11-25,4295.68,Travel
617,Hospital,2020-11-07,9022.55,Medical
618,Calling Card,2020-11-15,3287.14,Communication
619,Pants,2020-11-11,4840.42,Clothing
620,Health Check,2020-11-26,2171.22,Medical
621,Coffee,2020-11-07,9474.41,Food
622,Snacks,2020-11-07,9154.24,Food
623,Concert,2020-11-15,8892.65,Entertainment
624,Internet,2020-11-07,3221.94,Home
625,SIM Card,2020-11-24,8105.14,Communication
626,Fast Food,2020-11-12,6656.92,Food
627,Yoga,2020-11-07,1996.26,Sports
628,Health Check,2020-11-04,230.26,Medical
629,Hospital,2020-11-18,9048.27,Medical
630,Roaming,2020-11-17,5062.35,Communication
631,Tips,2020-11-20,5511.55,Others
632,Bus,2020-11-25,217.46,Transportation
633,Basketball,2020-11-12,8417.39,Sports
634,Snacks,2020-11-18,9631.75,Food
635,Therapy,2020-11-08,897.64,Medical
636,Fitness Class,2020-11-18,9120.24,Sports
637,Shirt,2020-11-14,704.77,Clothing
638,Internet,2020-11-28,698.07,Home
639,Health Check,2020-11-28,7942.0,Medical
640,Seminar,2020-11-07,8549.4,Education
641,Streaming Service,2020-11-25,754.32,Entertainment
642,Repair,2020-11-08,7309.93,Home
643,Train,2020-11-23,2853.49,Travel
644,Utilities,2020-11-24,3174.27,Home
645,Furniture,2020-11-08,7922.96,Home
646,Suit,2020-11-05,2686.69,Clothing
647,Train Ticket,2020-11-21,6440.86,Transportation
648,Luggage,2020-11-20,8262.19,Travel
649,Insurance,2020-11-02,4863.4,Medical
650,Mobile Recharge,2020-11-05,7192.16,Communication
651,Travel Guide,2020-11-14,2392.28,Travel
652,Shirt,2020-11-08,4542.85,Clothing
653,Lunch,2020-11-12,7364.67,Food
654,Toll,2020-11-04,4678.5,Transportation
655,Movie,2020-11-27,7403.75,Entertainment
656,Snacks,2020-11-20,5977.28,Food
657,Nightclub,2020-11-26,2509.57,Entertainment
658,Swimming,2020-11-06,4543.16,Sports
659,Parking,2020-11-18,250.59,Transportation
660,Internet,2020-11-01,6000.66,Home
661,Travel Guide,2020-11-21,414.13,Travel
662,Train,2020-11-19,9785.82,Travel
663,Sweater,2020-11-05,8241.53,Clothing
664,Movie,2020-11-15,855.06,Entertainment
665,Vaccine,2020-11-07,9669.08,Medical
666,Car Maintenance,2020-11-28,8626.52,Transportation
667,Tips,2020-11-05,5093.98,Others
668,Movie,2020-11-10,4623.32,Entertainment
669,Socks,2020-11-27,3343.34,Clothing
670,Taxi,2020-11-02,4099.15,Travel
671,Lottery,2020-11-23,8380.77,Others
672,Internet,2020-11-07,5085.52,Communication
673,Utilities,2020-11-07,3338.28,Home
674,Library Fee,2020-11-06,49.14,Education
675,Rent,2020-11-16,5436.71,Home
676,Dental,2020-11-01,2298.5,Medical
677,Visa Fee,2020-11-08,7657.19,Travel
678,Library Fee,2020-11-13,1408.49,Education
679,Hotel,2020-11-25,9676.48,Travel
680,Utilities,2020-11-13,491.26,Home
681,Medicine,2020-11-19,4439.38,Medical
682,Dinner,2020-11-19,4245.8,Food
683,Health Check,2020-11-26,3124.7,Medical
684,Storage,2020-11-19,3991.78,Others
685,Gym,2020-11-09,1027.11,Sports
686,Online Course,2020-11-05,7150.62,Education
687,Lunch,2020-11-15,1410.2,Food
688,Taxi,2020-11-28,9026.67,Travel
689,Insurance,2020-11-10,8282.73,Medical
690,Fine,2020-11-18,9757.95,Others
691,Fitness Class,2020-11-16,816.9,Sports
692,Donation,2020-11-06,8895.23,Others
693,Hotel,2020-11-11,1203.68,Travel
694,Travel Guide,2020-11-25,7773.44,Travel
695,Phone Bill,2020-11-09,1903.1,Communication
696,Dinner,2020-11-17,1195.48,Food
697,Parking,2020-11-13,1146.71,Transportation
698,Train Ticket,2020-11-12,6308.57,Transportation
699,Flight,2020-11-13,2398.32,Travel
700,Subway,2020-11-22,8523.1,Transportation
701,Taxi,2020-12-05,2779.84,Transportation
702,Exhibition,2020-12-04,8610.9,Entertainment
703,Online Course,2020-12-20,159.62,Education
704,Fine,2020-12-21,211.35,Others
705,Exhibition,2020-12-01,7411.61,Entertainment
706,Dress,2020-12-08,2921.19,Clothing
707,Health Check,2020-12-02,8243.63,Medical
708,Fine,2020-12-02,3168.43,Others
709,Game,2020-12-22,2457.41,Entertainment
710,Rental Car,2020-12-26,6727.3,Travel
711,Eye Exam,2020-12-12,228.67,Medical
712,Rent,2020-12-11,5307.15,Home
713,Messenger App,2020-12-15,4688.45,Communication
714,Stationery,2020-12-23,2346.61,Education
715,Swimming,2020-12-11,6074.38,Sports
716,Internet,2020-12-10,5136.12,Communication
717,Mortgage,2020-12-19,485.7,Home
718,Lottery,2020-12-16,9763.71,Others
719,Medicine,2020-12-24,5839.91,Medical
720,Health Check,2020-12-21,2433.35,Medical
721,Theater,2020-12-16,213.88,Entertainment
722,Gym,2020-12-02,2084.65,Sports
723,Yoga,2020-12-05,7302.64,Sports
724,Workshop,2020-12-14,107.4,Education
725,Surgery,2020-12-22,5047.2,Medical
726,Insurance,2020-12-20,5847.98,Medical
727,Laundry,2020-12-05,7960.13,Others
728,Tips,2020-12-23,4951.26,Others
729,Parking,2020-12-08,2992.67,Transportation
730,Health Check,2020-12-11,5652.17,Medical
731,VPN,2020-12-17,3673.4,Communication
732,Bus,2020-12-18,9166.53,Transportation
733,Toll,2020-12-04,3135.26,Transportation
734,Furniture,2020-12-08,8413.56,Home
735,Phone Bill,2020-12-24,5760.31,Communication
736,Internet,2020-12-18,8318.39,Home
737,Mortgage,2020-12-28,9804.16,Home
738,Pants,2020-12-05,5020.45,Clothing
739,Calling Card,2020-12-21,8404.93,Communication
740,Train,2020-12-20,4783.69,Travel
741,Doctor Visit,2020-12-01,6474.89,Medical
742,Exhibition,2020-12-25,4146.41,Entertainment
743,Health Check,2020-12-18,3663.03,Medical
744,Fine,2020-12-09,4763.0,Others
745,Toll,2020-12-14,1335.47,Transportation
746,Breakfast,2020-12-03,8133.38,Food
747,Bar,2020-12-24,3791.16,Entertainment
748,Utilities,2020-12-09,1742.45,Home
749,Shoes,2020-12-04,3572.15,Clothing
750,Scarf,2020-12-10,7184.85,Clothing
751,Exam Fee,2020-12-02,3174.89,Education
752,Taxi,2020-12-03,9254.2,Transportation
753,Decor,2020-12-15,8140.94,Home
754,Phone Bill,2020-12-02,8377.39,Communication
755,Tuition,2020-12-14,93.71,Education
756,Breakfast,2020-12-01,1789.49,Food
757,Fine,2020-12-12,602.61,Others
758,Visa Fee,2020-12-14,9563.17,Travel
759,Tour Package,2020-12-10,7114.21,Travel
760,Train Ticket,2020-12-03,8640.21,Transportation
761,Storage,2020-12-12,3298.93,Others
762,Swimming,2020-12-22,4861.22,Sports
763,Socks,2020-12-25,3947.79,Clothing
764,Bus,2020-12-05,1490.16,Transportation
765,Shoes,2020-12-15,2303.29,Clothing
766,Tour Package,2020-12-15,6438.33,Travel
767,Football,2020-12-12,2572.58,Sports
768,Utilities,2020-12-18,7795.03,Home
769,Bar,2020-12-16,9040.03,Entertainment
770,Medicine,2020-12-22,2382.82,Medical
771,Luggage,2020-12-19,9586.26,Travel
772,Delivery,2020-12-27,8108.09,Food
773,Storage,2020-12-16,2224.98,Others
774,Sweater,2020-12-25,6195.6,Clothing
775,Visa Fee,2020-12-09,1243.04,Travel
776,Tour Package,2020-12-02,7537.11,Travel
777,Delivery,2020-12-13,3682.07,Food
778,Gift,2020-12-15,795.36,Others
779,Miscellaneous,2020-12-07,9479.77,Others
780,Workshop,2020-12-22,9723.97,Education
781,Dental,2020-12-10,5797.48,Medical
782,Surgery,2020-12-06,4843.79,Medical
783,Stationery,2020-12-05,2943.58,Education
784,Lecture,2020-12-09,3189.37,Education
785,Roaming,2020-12-07,7808.89,Communication
786,Gym,2020-12-04,2764.08,Sports
787,Car Maintenance,2020-12-26,1149.09,Transportation
788,Exhibition,2020-12-07,5855.7,Entertainment
789,Fuel,2020-12-01,3099.94,Transportation
790,Furniture,2020-12-05,2693.54,Home
791,KTV,2020-12-23,2948.36,Entertainment
792,Fax,2020-12-02,635.99,Communication
793,Scarf,2020-12-23,445.12,Clothing
794,Car Maintenance,2020-12-28,9339.2,Transportation
795,Workshop,2020-12-26,3557.87,Education
796,Hotel,2020-12-01,8602.08,Travel
797,Mortgage,2020-12-14,5381.11,Home
798,Taxi,2020-12-24,7975.83,Transportation
799,Jacket,2020-12-03,137.01,Clothing
800,Therapy,2020-12-19,2141.01,Medical
801,Miscellaneous,2021-01-23,7658.45,Others
802,Hospital,2021-01-02,2359.09,Medical
803,Seminar,2021-01-19,1916.85,Education
804,VPN,2021-01-13,1212.67,Communication
805,Coffee,2021-01-15,5223.1,Food
806,Dental,2021-01-11,4234.13,Medical
807,Miscellaneous,2021-01-21,2198.73,Others
808,Roaming,2021-01-01,3026.77,Communication
809,Train Ticket,2021-01-14,7196.41,Transportation
810,Exam Fee,2021-01-20,4426.57,Education
811,Flight,2021-01-27,4735.25,Travel
812,Cycling,2021-01-10,3342.95,Sports
813,Jacket,2021-01-19,3620.61,Clothing
814,Hotel,2021-01-10,5476.54,Travel
815,Snacks,2021-01-09,7926.24,Food
816,Coffee,2021-01-23,5439.17,Food
817,Train,2021-01-27,8290.68,Travel
818,Train Ticket,2021-01-28,651.05,Transportation
819,Fitness Class,2021-01-16,7600.25,Sports
820,Delivery,2021-01-15,8325.87,Food
821,Library Fee,2021-01-09,2946.08,Education
822,Subway,2021-01-22,9182.37,Transportation
823,Utilities,2021-01-21,3879.64,Home
824,Eye Exam,2021-01-04,8868.0,Medical
825,Laundry,2021-01-27,9986.7,Others
826,Messenger App,2021-01-03,3395.37,Communication
827,Hat,2021-01-26,6244.17,Clothing
828,Restaurant,2021-01-24,3811.51,Food
829,Fine,2021-01-23,17.93,Others
830,Delivery,2021-01-25,5045.81,Food
831,Online Course,2021-01-15,6335.24,Education
832,Rent,2021-01-07,2934.38,Home
833,Train,2021-01-07,4835.11,Travel
834,Fuel,2021-01-10,9840.36,Transportation
835,Training,2021-01-12,7055.98,Education
836,Cycling,2021-01-01,476.8,Sports
837,Taxi,2021-01-09,1778.6,Transportation
838,Visa Fee,2021-01-18,9575.79,Travel
839,Hotel,2021-01-15,6732.59,Travel
840,Storage,2021-01-14,8299.17,Others
841,Swimming,2021-01-17,9581.19,Sports
842,Scarf,2021-01-02,4864.35,Clothing
843,Taxi,2021-01-17,4740.93,Travel
844,Bar,2021-01-26,1487.18,Entertainment
845,Roaming,2021-01-11,4806.91,Communication
846,Amusement Park,2021-01-15,8814.52,Entertainment
847,Fast Food,2021-01-08,8759.65,Food
848,Shirt,2021-01-05,5783.04,Clothing
849,Rental Car,2021-01-14,9853.01,Travel
850,Swimming,2021-01-10,4475.9,Sports
851,Donation,2021-01-26,665.56,Others
852,Cycling,2021-01-07,1404.96,Sports
853,Decor,2021-01-28,2832.12,Home
854,Ride Share,2021-01-22,5288.78,Transportation
855,Scarf,2021-01-21,2329.16,Clothing
856,Rent,2021-01-15,8985.48,Home
857,Suit,2021-01-25,801.88,Clothing
858,Miscellaneous,2021-01-16,8301.15,Others
859,Subway,2021-01-10,3617.87,Transportation
860,Security,2021-01-10,6700.59,Home
861,Flight,2021-01-05,3406.16,Travel
862,Tennis,2021-01-27,3513.62,Sports
863,SIM Card,2021-01-08,5910.07,Communication
864,Game,2021-01-15,2517.18,Entertainment
865,Fuel,2021-01-09,2253.3,Transportation
866,Tuition,2021-01-14,5254.8,Education
867,Rent,2021-01-09,1109.07,Home
868,Bakery,2021-01-02,3478.28,Food
869,Lottery,2021-01-02,7303.52,Others
870,Taxi,2021-01-08,8437.6,Transportation
871,Online Course,2021-01-28,1217.87,Education
872,Library Fee,2021-01-05,415.67,Education
873,Lottery,2021-01-19,2971.51,Others
874,Flight,2021-01-21,6464.13,Travel
875,Sweater,2021-01-09,1785.48,Clothing
876,Suit,2021-01-01,2225.25,Clothing
877,Sweater,2021-01-06,6698.01,Clothing
878,Dress,2021-01-24,2917.13,Clothing
879,Donation,2021-01-18,1242.8,Others
880,Movie,2021-01-18,2811.56,Entertainment
881,Storage,2021-01-01,6321.16,Others
882,Messenger App,2021-01-05,6598.55,Communication
883,Online Course,2021-01-18,2477.16,Education
884,Dental,2021-01-17,7998.74,Medical
885,Shoes,2021-01-12,7696.85,Clothing
886,Stationery,2021-01-13,73.76,Education
887,Car Maintenance,2021-01-10,1418.31,Transportation
888,Tennis,2021-01-15,3178.96,Sports
889,Data Plan,2021-01-14,2783.18,Communication
890,Gift,2021-01-15,2106.44,Others
891,Dental,2021-01-11,4423.01,Medical
892,Mortgage,2021-01-06,5977.03,Home
893,Lottery,2021-01-03,2402.85,Others
894,Internet,2021-01-01,4057.39,Communication
895,Messenger App,2021-01-28,328.9,Communication
896,Ride Share,2021-01-20,6508.2,Transportation
897,Gym,2021-01-15,979.71,Sports
898,Taxi,2021-01-13,6856.74,Transportation
899,Nightclub,2021-01-09,5047.32,Entertainment
900,Theater,2021-01-12,7574.99,Entertainment
901,Swimming,2021-02-02,2537.81,Sports
902,Decor,2021-02-06,941.13,Home
903,Utilities,2021-02-09,6039.71,Home
904,Hotel,2021-02-16,3026.06,Travel
905,Equipment,2021-02-09,1392.97,Sports
906,Suit,2021-02-22,7891.36,Clothing
907,Football,2021-02-18,7870.84,Sports
908,Car Maintenance,2021-02-09,4334.06,Transportation
909,Dress,2021-02-04,5485.71,Clothing
910,Dress,2021-02-23,6139.03,Clothing
911,Phone Bill,2021-02-21,5488.26,Communication
912,Subway,2021-02-08,531.66,Transportation
913,Exhibition,2021-02-05,51.31,Entertainment
914,Internet,2021-02-15,5190.77,Home
915,Flight,2021-02-18,6159.73,Travel
916,Fuel,2021-02-24,462.86,Transportation
917,Lecture,2021-02-06,2418.26,Education
918,Fuel,2021-02-18,7801.76,Transportation
919,Repair,2021-02-06,6761.03,Home
920,Bicycle,2021-02-10,9448.72,Transportation
921,Suit,2021-02-06,7115.7,Clothing
922,Running,2021-02-03,3301.57,Sports
923,Seminar,2021-02-25,1749.37,Education
924,Car Maintenance,2021-02-15,6699.53,Transportation
925,SIM Card,2021-02-26,2811.28,Communication
926,Hat,2021-02-17,7384.76,Clothing
927,Lunch,2021-02-02,6846.92,Food
928,Fitness Class,2021-02-03,284.08,Sports
929,Concert,2021-02-19,2288.72,Entertainment
930,Cleaning,2021-02-04,7600.7,Home
931,Bus,2021-02-20,4492.12,Transportation
932,Mobile Recharge,2021-02-01,2086.73,Communication
933,Utilities,2021-02-14,4637.28,Home
934,Subscription,2021-02-05,9441.43,Others
935,Shoes,2021-02-09,9968.09,Clothing
936,Miscellaneous,2021-02-16,3604.19,Others
937,Gift,2021-02-25,2881.98,Others
938,Groceries,2021-02-17,5015.16,Food
939,Tour Package,2021-02-28,299.19,Travel
940,Fast Food,2021-02-12,2500.09,Food
941,Movie,2021-02-06,1743.69,Entertainment
942,Furniture,2021-02-14,3790.31,Home
943,Bar,2021-02-06,5857.15,Entertainment
944,Seminar,2021-02-22,2511.95,Education
945,VPN,2021-02-04,2155.13,Communication
946,Bar,2021-02-27,4765.88,Entertainment
947,Mobile Recharge,2021-02-12,6679.35,Communication
948,Shirt,2021-02-27,1169.92,Clothing
949,Fuel,2021-02-18,2454.01,Transportation
950,Online Course,2021-02-06,7011.6,Education
951,Train Ticket,2021-02-11,6639.48,Transportation
952,Toll,2021-02-14,860.64,Transportation
953,Swimming,2021-02-08,1716.31,Sports
954,Bicycle,2021-02-17,7188.16,Transportation
955,Roaming,2021-02-08,2516.53,Communication
956,Groceries,2021-02-08,7898.75,Food
957,Ride Share,2021-02-01,8965.24,Transportation
958,Roaming,2021-02-11,7618.74,Communication
959,Gift,2021-02-10,6923.26,Others
960,Tennis,2021-02-22,1802.73,Sports
961,Dental,2021-02-24,8699.72,Medical
962,Theater,2021-02-02,3623.87,Entertainment
963,Bar,2021-02-26,4240.59,Entertainment
964,Car Maintenance,2021-02-25,5080.69,Transportation
965,Pet,2021-02-09,8410.12,Others
966,Tuition,2021-02-16,8127.3,Education
967,Scarf,2021-02-03,7387.2,Clothing
968,Pet,2021-02-15,4363.67,Others
969,Socks,2021-02-01,4939.83,Clothing
970,Toll,2021-02-14,2000.78,Transportation
971,Concert,2021-02-07,7102.11,Entertainment
972,Cleaning,2021-02-19,3090.0,Home
973,Train,2021-02-01,1860.24,Travel
974,Fine,2021-02-17,6144.23,Others
975,Internet,2021-02-20,9000.57,Home
976,Dental,2021-02-24,7000.51,Medical
977,Tour Package,2021-02-13,2749.55,Travel
978,Socks,2021-02-17,6192.71,Clothing
979,Messenger App,2021-02-21,6579.93,Communication
980,Rental Car,2021-02-23,8617.58,Travel
981,Fitness Class,2021-02-23,4397.29,Sports
982,Workshop,2021-02-27,7595.22,Education
983,Dress,2021-02-26,3785.41,Clothing
984,Fast Food,2021-02-17,321.32,Food
985,Visa Fee,2021-02-26,1846.32,Travel
986,Cycling,2021-02-28,2375.41,Sports
987,VPN,2021-02-20,1875.12,Communication
988,Streaming Service,2021-02-13,3512.47,Entertainment
989,Equipment,2021-02-05,9064.76,Sports
990,Seminar,2021-02-13,3479.83,Education
991,Nightclub,2021-02-13,2572.22,Entertainment
992,Sweater,2021-02-13,1282.12,Clothing
993,Fast Food,2021-02-28,7277.48,Food
994,Roaming,2021-02-02,2652.89,Communication
995,Hospital,2021-02-27,1470.6,Medical
996,Exhibition,2021-02-16,7974.71,Entertainment
997,Messenger App,2021-02-18,2307.16,Communication
998,Medicine,2021-02-13,2951.47,Medical
999,Train Ticket,2021-02-15,4978.84,Transportation
1000,Cycling,2021-02-22,7932.25,Sports
1001,Toll,2021-03-14,4300.79,Transportation
1002,Eye Exam,2021-03-09,8385.29,Medical
1003,Medicine,2021-03-02,2674.86,Medical
1004,Bus,2021-03-19,6587.64,Transportation
1005,Train Ticket,2021-03-21,4930.95,Transportation
1006,Fine,2021-03-10,4448.48,Others
1007,Hospital,2021-03-03,4719.65,Medical
1008,Calling Card,2021-03-20,4824.09,Communication
1009,Eye Exam,2021-03-13,1457.71,Medical
1010,Rental Car,2021-03-07,6567.42,Travel
1011,Delivery,2021-03-09,717.79,Food
1012,Fitness Class,2021-03-13,9988.32,Sports
1013,Subscription,2021-03-22,6004.09,Others
1014,Amusement Park,2021-03-12,2176.1,Entertainment
1015,Fast Food,2021-03-25,8738.47,Food
1016,Storage,2021-03-03,328.0,Others
1017,Data Plan,2021-03-13,9670.52,Communication
1018,Travel Insurance,2021-03-16,8446.95,Travel
1019,Messenger App,2021-03-19,6924.84,Communication
1020,Concert,2021-03-02,166.95,Entertainment
1021,Shoes,2021-03-26,3947.52,Clothing
1022,Amusement Park,2021-03-16,4009.73,Entertainment
1023,Exam Fee,2021-03-02,7522.07,Education
1024,Vaccine,2021-03-26,3970.59,Medical
1025,Mortgage,2021-03-06,2609.55,Home
1026,Books,2021-03-19,1936.15,Education
1027,Breakfast,2021-03-25,4115.85,Food
1028,Therapy,2021-03-03,1242.32,Medical
1029,Fax,2021-03-19,7181.74,Communication
1030,Tuition,2021-03-13,8230.81,Education
1031,Insurance,2021-03-26,3687.5,Medical
1032,Roaming,2021-03-02,1678.45,Communication
1033,Fine,2021-03-27,661.37,Others
1034,Groceries,2021-03-28,114.56,Food
1035,Online Course,2021-03-03,8777.99,Education
1036,Amusement Park,2021-03-01,4265.13,Entertainment
1037,Subway,2021-03-13,5448.5,Transportation
1038,Medicine,2021-03-20,9105.09,Medical
1039,Subway,2021-03-14,7197.24,Transportation
1040,Dental,2021-03-28,1176.74,Medical
1041,Movie,2021-03-13,1395.19,Entertainment
1042,Fuel,2021-03-01,9945.48,Transportation
1043,Car Maintenance,2021-03-01,1757.73,Transportation
1044,Coffee,2021-03-25,7430.65,Food
1045,Snacks,2021-03-22,4684.29,Food
1046,Cleaning,2021-03-17,1467.5,Home
1047,Travel Insurance,2021-03-24,5842.64,Travel
1048,SIM Card,2021-03-16,7827.3,Communication
1049,Exhibition,2021-03-22,9523.19,Entertainment
1050,Miscellaneous,2021-03-22,3531.67,Others
1051,Miscellaneous,2021-03-26,6456.89,Others
1052,Lunch,2021-03-12,8938.24,Food
1053,Data Plan,2021-03-21,3683.13,Communication
1054,Fax,2021-03-17,3353.41,Communication
1055,Bicycle,2021-03-22,6029.88,Transportation
1056,Furniture,2021-03-01,7348.78,Home
1057,Amusement Park,2021-03-26,582.98,Entertainment
1058,Subway,2021-03-15,5154.01,Transportation
1059,Internet,2021-03-14,340.34,Home
1060,Jacket,2021-03-08,2500.4,Clothing
1061,Shirt,2021-03-11,3202.84,Clothing
1062,Dental,2021-03-19,9383.69,Medical
1063,Game,2021-03-10,1958.74,Entertainment
1064,Fine,2021-03-05,1148.18,Others
1065,Books,2021-03-15,1278.25,Education
1066,Fuel,2021-03-27,9222.76,Transportation
1067,Equipment,2021-03-15,269.56,Sports
1068,Phone Bill,2021-03-13,7214.11,Communication
1069,Travel Insurance,2021-03-03,4388.93,Travel
1070,Fuel,2021-03-05,5309.63,Transportation
1071,Pants,2021-03-14,2813.21,Clothing
1072,Jacket,2021-03-14,6957.49,Clothing
1073,Train,2021-03-10,4314.93,Travel
1074,Streaming Service,2021-03-22,1022.75,Entertainment
1075,Fast Food,2021-03-17,2099.13,Food
1076,Gift,2021-03-16,6635.36,Others
1077,Subscription,2021-03-12,426.63,Others
1078,Data Plan,2021-03-26,1504.41,Communication
1079,Hotel,2021-03-03,1347.66,Travel
1080,Library Fee,2021-03-24,778.41,Education
1081,Movie,2021-03-17,7615.14,Entertainment
1082,Fitness Class,2021-03-02,3909.78,Sports
1083,Workshop,2021-03-19,3299.16,Education
1084,Furniture,2021-03-14,8645.39,Home
1085,Fuel,2021-03-14,6310.5,Transportation
1086,Bicycle,2021-03-01,5296.6,Transportation
1087,Toll,2021-03-16,2941.11,Transportation
1088,Gym,2021-03-21,2203.71,Sports
1089,KTV,2021-03-19,336.37,Entertainment
1090,Stationery,2021-03-07,6392.25,Education
1091,Workshop,2021-03-05,4792.86,Education
1092,Fine,2021-03-14,5058.55,Others
1093,Jacket,2021-03-06,9293.02,Clothing
1094,Pants,2021-03-22,14.51,Clothing
1095,Taxi,2021-03-25,1646.19,Travel
1096,Therapy,2021-03-09,7572.48,Medical
1097,Bus,2021-03-21,6439.22,Transportation
1098,Cleaning,2021-03-15,3760.8,Home
1099,Insurance,2021-03-02,8527.58,Medical
1100,Pet,2021-03-08,3673.2,Others
1101,Shoes,2021-04-15,2847.16,Clothing
1102,Pet,2021-04-26,9023.08,Others
1103,Visa Fee,2021-04-20,8975.28,Travel
1104,Laundry,2021-04-07,876.81,Others
1105,Tuition,2021-04-27,9813.26,Education
1106,Internet,2021-04-28,5835.37,Home
1107,Bus,2021-04-16,8012.52,Transportation
1108,Snacks,2021-04-23,1128.51,Food
1109,Rent,2021-04-07,1552.42,Home
1110,Train,2021-04-24,6075.9,Travel
1111,Insurance,2021-04-12,1066.22,Medical
1112,Laundry,2021-04-15,699.76,Others
1113,Utilities,2021-04-28,2591.15,Home
1114,Theater,2021-04-24,637.48,Entertainment
1115,Gym,2021-04-19,3591.04,Sports
1116,Fast Food,2021-04-19,1005.0,Food
1117,Suit,2021-04-22,1812.95,Clothing
1118,Mortgage,2021-04-23,2209.83,Home
1119,Books,2021-04-14,6256.81,Education
1120,Mortgage,2021-04-18,7303.38,Home
1121,Swimming,2021-04-18,8361.82,Sports
1122,Insurance,2021-04-14,7302.5,Medical
1123,Calling Card,2021-04-15,830.19,Communication
1124,Bakery,2021-04-07,5544.54,Food
1125,Tour Package,2021-04-14,9852.91,Travel
1126,Visa Fee,2021-04-01,7650.06,Travel
1127,Tour Package,2021-04-11,5242.7,Travel
1128,Pants,2021-04-19,914.1,Clothing
1129,Subway,2021-04-26,31.77,Transportation
1130,Exhibition,2021-04-21,9781.27,Entertainment
1131,Breakfast,2021-04-01,2981.94,Food
1132,Train Ticket,2021-04-18,1302.63,Transportation
1133,Dress,2021-04-04,9475.78,Clothing
1134,Roaming,2021-04-10,6712.04,Communication
1135,Groceries,2021-04-17,5702.59,Food
1136,Sweater,2021-04-26,7503.31,Clothing
1137,Groceries,2021-04-23,6909.91,Food
1138,Suit,2021-04-04,7868.36,Clothing
1139,Breakfast,2021-04-24,1364.76,Food
1140,Subscription,2021-04-18,6547.98,Others
1141,Cycling,2021-04-19,2671.67,Sports
1142,Mortgage,2021-04-20,5567.44,Home
1143,Toll,2021-04-23,9112.45,Transportation
1144,Suit,2021-04-19,8604.95,Clothing
1145,Luggage,2021-04-02,2179.13,Travel
1146,Car Maintenance,2021-04-01,2599.66,Transportation
1147,Train,2021-04-01,3355.99,Travel
1148,Lunch,2021-04-11,9506.34,Food
1149,Tennis,2021-04-03,1254.39,Sports
1150,Equipment,2021-04-03,7234.97,Sports
1151,Hat,2021-04-27,5776.19,Clothing
1152,Tips,2021-04-16,9002.03,Others
1153,Bus,2021-04-09,2770.73,Transportation
1154,Tour Package,2021-04-16,4948.37,Travel
1155,Messenger App,2021-04-08,9522.91,Communication
1156,Repair,2021-04-09,5818.36,Home
1157,Equipment,2021-04-06,5497.15,Sports
1158,Socks,2021-04-26,997.15,Clothing
1159,Messenger App,2021-04-19,4212.46,Communication
1160,Online Course,2021-04-02,7760.33,Education
1161,Parking,2021-04-17,8809.15,Transportation
1162,Phone Bill,2021-04-04,962.28,Communication
1163,Sweater,2021-04-19,2620.57,Clothing
1164,Toll,2021-04-03,7450.65,Transportation
1165,Shirt,2021-04-27,2474.33,Clothing
1166,Subway,2021-04-12,1551.49,Transportation
1167,Utilities,2021-04-04,2503.07,Home
1168,Surgery,2021-04-03,8603.89,Medical
1169,Socks,2021-04-07,3612.11,Clothing
1170,Exam Fee,2021-04-17,4574.7,Education
1171,Jacket,2021-04-14,3177.41,Clothing
1172,Subway,2021-04-12,9958.07,Transportation
1173,Miscellaneous,2021-04-24,7164.0,Others
1174,Hospital,2021-04-10,8100.92,Medical
1175,Nightclub,2021-04-14,7407.36,Entertainment
1176,VPN,2021-04-18,9428.61,Communication
1177,Fitness Class,2021-04-28,9995.95,Sports
1178,Seminar,2021-04-23,2232.45,Education
1179,Data Plan,2021-04-28,7502.39,Communication
1180,Pet,2021-04-22,2522.76,Others
1181,Doctor Visit,2021-04-13,606.55,Medical
1182,Tour Package,2021-04-02,4146.9,Travel
1183,Breakfast,2021-04-17,178.02,Food
1184,Tennis,2021-04-02,8794.39,Sports
1185,Dress,2021-04-15,9970.44,Clothing
1186,Health Check,2021-04-15,4195.79,Medical
1187,Luggage,2021-04-14,4621.72,Travel
1188,Cleaning,2021-04-01,2340.42,Home
1189,Breakfast,2021-04-17,1745.02,Food
1190,Bakery,2021-04-28,5564.84,Food
1191,Tips,2021-04-02,2462.2,Others
1192,Jacket,2021-04-09,9374.23,Clothing
1193,Books,2021-04-15,4535.98,Education
1194,Fast Food,2021-04-11,1669.58,Food
1195,Calling Card,2021-04-19,7431.68,Communication
1196,Socks,2021-04-17,3398.48,Clothing
1197,Dress,2021-04-16,3178.73,Clothing
1198,Amusement Park,2021-04-20,6418.72,Entertainment
1199,Laundry,2021-04-11,1322.0,Others
1200,Parking,2021-04-28,2418.05,Transportation
1201,Roaming,2021-05-17,9338.32,Communication
1202,Snacks,2021-05-24,8630.54,Food
1203,Dinner,2021-05-24,6730.05,Food
1204,Breakfast,2021-05-04,7012.22,Food
1205,Vaccine,2021-05-12,5863.65,Medical
1206,Fine,2021-05-03,5089.73,Others
1207,Therapy,2021-05-28,6009.32,Medical
1208,Tennis,2021-05-23,7228.47,Sports
1209,Subscription,2021-05-12,3688.22,Others
1210,Travel Insurance,2021-05-16,907.15,Travel
1211,Hat,2021-05-05,8980.19,Clothing
1212,Surgery,2021-05-10,3264.14,Medical
1213,Mobile Recharge,2021-05-04,1954.2,Communication
1214,Exam Fee,2021-05-03,1506.82,Education
1215,Messenger App,2021-05-16,8641.19,Communication
1216,Travel Guide,2021-05-03,7783.49,Travel
1217,Mobile Recharge,2021-05-04,6441.63,Communication
1218,Jacket,2021-05-17,6777.17,Clothing
1219,Movie,2021-05-23,8900.87,Entertainment
1220,Lunch,2021-05-09,6298.73,Food
1221,Yoga,2021-05-11,1498.23,Sports
1222,Pet,2021-05-16,5676.34,Others
1223,Taxi,2021-05-27,6132.26,Transportation
1224,Data Plan,2021-05-11,1615.12,Communication
1225,Fast Food,2021-05-18,5032.37,Food
1226,Breakfast,2021-05-26,4217.36,Food
1227,Yoga,2021-05-23,71.47,Sports
1228,Streaming Service,2021-05-12,5835.6,Entertainment
1229,Socks,2021-05-07,6220.65,Clothing
1230,Ride Share,2021-05-10,2259.22,Transportation
1231,Data Plan,2021-05-16,2474.17,Communication
1232,Lunch,2021-05-19,637.19,Food
1233,Travel Guide,2021-05-28,3245.06,Travel
1234,Swimming,2021-05-11,215.01,Sports
1235,Taxi,2021-05-20,3462.79,Travel
1236,Delivery,2021-05-20,9278.87,Food
1237,Gift,2021-05-07,3647.37,Others
1238,VPN,2021-05-15,5685.84,Communication
1239,Pants,2021-05-15,3981.7,Clothing
1240,Utilities,2021-05-28,4859.39,Home
1241,Delivery,2021-05-06,4074.08,Food
1242,SIM Card,2021-05-22,4685.27,Communication
1243,Lottery,2021-05-14,4420.88,Others
1244,Delivery,2021-05-19,3706.36,Food
1245,Equipment,2021-05-08,9109.03,Sports
1246,Bicycle,2021-05-20,9650.08,Transportation
1247,Yoga,2021-05-08,4291.74,Sports
1248,Fine,2021-05-24,4266.56,Others
1249,Scarf,2021-05-18,6902.7,Clothing
1250,Hotel,2021-05-03,7047.32,Travel
1251,Car Maintenance,2021-05-26,562.25,Transportation
1252,Bicycle,2021-05-03,7445.13,Transportation
1253,Storage,2021-05-15,7181.48,Others
1254,Exhibition,2021-05-03,3091.55,Entertainment
1255,Lottery,2021-05-21,8688.41,Others
1256,Decor,2021-05-23,4613.99,Home
1257,Mortgage,2021-05-04,145.37,Home
1258,Breakfast,2021-05-23,1580.91,Food
1259,Delivery,2021-05-12,1159.47,Food
1260,Therapy,2021-05-18,1007.03,Medical
1261,Doctor Visit,2021-05-03,8410.65,Medical
1262,Amusement Park,2021-05-08,3631.79,Entertainment
1263,Taxi,2021-05-23,207.51,Transportation
1264,Roaming,2021-05-18,3051.3,Communication
1265,Groceries,2021-05-13,4388.89,Food
1266,Exam Fee,2021-05-07,9000.58,Education
1267,Sweater,2021-05-21,4620.3,Clothing
1268,Jacket,2021-05-10,6065.49,Clothing
1269,Bar,2021-05-09,6948.07,Entertainment
1270,Lunch,2021-05-16,8126.69,Food
1271,Messenger App,2021-05-07,5712.2,Communication
1272,Tips,2021-05-09,9585.12,Others
1273,Vaccine,2021-05-08,5198.72,Medical
1274,Shirt,2021-05-01,2482.79,Clothing
1275,Subway,2021-05-02,6165.07,Transportation
1276,Football,2021-05-13,8127.7,Sports
1277,Travel Guide,2021-05-22,2877.55,Travel
1278,Storage,2021-05-17,6336.94,Others
1279,Eye Exam,2021-05-12,6887.4,Medical
1280,Dinner,2021-05-05,3696.63,Food
1281,Subscription,2021-05-19,7975.74,Others
1282,Taxi,2021-05-17,4035.18,Transportation
1283,Online Course,2021-05-10,5100.89,Education
1284,Mobile Recharge,2021-05-10,1102.61,Communication
1285,Miscellaneous,2021-05-10,8684.77,Others
1286,Delivery,2021-05-20,8841.7,Food
1287,Hospital,2021-05-14,3704.82,Medical
1288,Medicine,2021-05-01,273.2,Medical
1289,Hospital,2021-05-20,4553.18,Medical
1290,Roaming,2021-05-17,935.29,Communication
1291,Gift,2021-05-15,5623.37,Others
1292,Swimming,2021-05-13,5630.1,Sports
1293,Toll,2021-05-19,6992.92,Transportation
1294,Fitness Class,2021-05-11,4072.74,Sports
1295,Lecture,2021-05-06,5557.01,Education
1296,Basketball,2021-05-04,7643.56,Sports
1297,Visa Fee,2021-05-09,3382.11,Travel
1298,Decor,2021-05-28,9634.81,Home
1299,Rent,2021-05-02,7166.91,Home
1300,Lottery,2021-05-16,6277.69,Others
1301,Bakery,2021-06-10,8573.86,Food
1302,Visa Fee,2021-06-16,3411.18,Travel
1303,Dress,2021-06-23,6575.6,Clothing
1304,Coffee,2021-06-25,7885.93,Food
1305,Gift,2021-06-06,2825.2,Others
1306,Cycling,2021-06-20,8200.12,Sports
1307,Groceries,2021-06-22,8272.41,Food
1308,Jacket,2021-06-05,6806.6,Clothing
1309,Train Ticket,2021-06-15,3821.9,Transportation
1310,Health Check,2021-06-24,8498.31,Medical
1311,Concert,2021-06-14,9267.65,Entertainment
1312,Subway,2021-06-21,1644.39,Transportation
1313,Dinner,2021-06-08,346.55,Food
1314,Storage,2021-06-05,8201.03,Others
1315,Lunch,2021-06-26,1888.6,Food
1316,Mortgage,2021-06-27,7352.63,Home
1317,Train Ticket,2021-06-19,9264.52,Transportation
1318,Cycling,2021-06-26,5606.11,Sports
1319,Rental Car,2021-06-13,892.1,Travel
1320,Training,2021-06-07,7877.19,Education
1321,Game,2021-06-10,8935.47,Entertainment
1322,Workshop,2021-06-27,8478.05,Education
1323,Internet,2021-06-04,5446.66,Home
1324,Movie,2021-06-13,8233.82,Entertainment
1325,Luggage,2021-06-22,9559.27,Travel
1326,Travel Guide,2021-06-27,8512.48,Travel
1327,Dinner,2021-06-25,8806.56,Food
1328,Eye Exam,2021-06-28,2914.62,Medical
1329,Workshop,2021-06-08,1342.52,Education
1330,Taxi,2021-06-27,4234.78,Travel
1331,Fitness Class,2021-06-16,8650.76,Sports
1332,Medicine,2021-06-04,6484.84,Medical
1333,Groceries,2021-06-25,5027.45,Food
1334,Pet,2021-06-22,8595.95,Others
1335,Internet,2021-06-08,9699.64,Home
1336,Decor,2021-06-14,9965.33,Home
1337,KTV,2021-06-13,1241.76,Entertainment
1338,Fast Food,2021-06-27,4482.1,Food
1339,Stationery,2021-06-18,3105.55,Education
1340,Streaming Service,2021-06-14,4775.77,Entertainment
1341,Suit,2021-06-23,6645.1,Clothing
1342,Game,2021-06-03,4022.91,Entertainment
1343,Laundry,2021-06-05,6515.49,Others
1344,Travel Insurance,2021-06-26,2643.45,Travel
1345,Tennis,2021-06-16,1263.99,Sports
1346,Bakery,2021-06-21,9895.52,Food
1347,Streaming Service,2021-06-11,9371.16,Entertainment
1348,Tour Package,2021-06-04,5006.3,Travel
1349,Surgery,2021-06-14,2432.16,Medical
1350,Yoga,2021-06-14,9949.95,Sports
1351,Messenger App,2021-06-19,2381.17,Communication
1352,Travel Guide,2021-06-24,7971.97,Travel
1353,Jacket,2021-06-25,3618.14,Clothing
1354,KTV,2021-06-13,7211.46,Entertainment
1355,Phone Bill,2021-06-13,2237.7,Communication
1356,Amusement Park,2021-06-17,396.33,Entertainment
1357,Jacket,2021-06-01,7615.86,Clothing
1358,Training,2021-06-12,785.57,Education
1359,Fitness Class,2021-06-27,7625.55,Sports
1360,Workshop,2021-06-03,9956.0,Education
1361,Running,2021-06-03,374.9,Sports
1362,Breakfast,2021-06-22,691.13,Food
1363,Mobile Recharge,2021-06-22,4338.34,Communication
1364,Bakery,2021-06-02,9832.13,Food
1365,Basketball,2021-06-01,3269.66,Sports
1366,Groceries,2021-06-07,361.94,Food
1367,Cleaning,2021-06-07,9070.6,Home
1368,Pants,2021-06-23,2715.31,Clothing
1369,VPN,2021-06-17,753.83,Communication
1370,Roaming,2021-06-26,7090.37,Communication
1371,Storage,2021-06-09,1692.1,Others
1372,Books,2021-06-18,4835.61,Education
1373,Travel Guide,2021-06-05,65.42,Travel
1374,Ride Share,2021-06-13,5666.26,Transportation
1375,Hospital,2021-06-11,5818.63,Medical
1376,Dental,2021-06-03,6978.8,Medical
1377,Fax,2021-06-02,8151.14,Communication
1378,Lecture,2021-06-28,3673.83,Education
1379,Calling Card,2021-06-05,3814.5,Communication
1380,Cycling,2021-06-21,2149.97,Sports
1381,Yoga,2021-06-17,1385.9,Sports
1382,Train,2021-06-06,1113.36,Travel
1383,Storage,2021-06-16,1237.75,Others
1384,Medicine,2021-06-08,2899.18,Medical
1385,Bus,2021-06-22,1160.38,Transportation
1386,Data Plan,2021-06-25,6707.08,Communication
1387,Bicycle,2021-06-02,3802.69,Transportation
1388,Train,2021-06-19,7508.7,Travel
1389,Rent,2021-06-15,7151.26,Home
1390,Online Course,2021-06-14,9345.55,Education
1391,Subscription,2021-06-11,4663.72,Others
1392,Mortgage,2021-06-25,8402.92,Home
1393,Roaming,2021-06-15,8330.09,Communication
1394,Flight,2021-06-17,212.33,Travel
1395,Health Check,2021-06-15,4959.8,Medical
1396,Tennis,2021-06-24,3770.01,Sports
1397,Gym,2021-06-04,1919.17,Sports
1398,Fast Food,2021-06-20,4656.4,Food
1399,Flight,2021-06-23,8836.27,Travel
1400,Visa Fee,2021-06-20,918.62,Travel
1401,Bakery,2021-07-15,888.97,Food
1402,Yoga,2021-07-10,4387.39,Sports
1403,Tips,2021-07-09,1704.84,Others
1404,SIM Card,2021-07-08,9555.56,Communication
1405,Car Maintenance,2021-07-09,7228.21,Transportation
1406,Surgery,2021-07-20,134.2,Medical
1407,Train,2021-07-02,6077.66,Travel
1408,Furniture,2021-07-20,9389.89,Home
1409,Movie,2021-07-14,1753.23,Entertainment
1410,Parking,2021-07-22,731.04,Transportation
1411,Suit,2021-07-07,3190.68,Clothing
1412,Fitness Class,2021-07-10,7784.33,Sports
1413,Subway,2021-07-17,6934.85,Transportation
1414,Furniture,2021-07-16,6503.48,Home
1415,Hat,2021-07-26,3298.49,Clothing
1416,Gym,2021-07-08,478.62,Sports
1417,Socks,2021-07-03,7767.07,Clothing
1418,Seminar,2021-07-12,3737.73,Education
1419,Delivery,2021-07-27,3776.32,Food
1420,Lunch,2021-07-09,9466.17,Food
1421,Tennis,2021-07-06,2888.83,Sports
1422,Dress,2021-07-05,8162.37,Clothing
1423,Socks,2021-07-26,5542.06,Clothing
1424,SIM Card,2021-07-26,751.33,Communication
1425,Utilities,2021-07-25,820.21,Home
1426,Dental,2021-07-04,8036.43,Medical
1427,Fine,2021-07-05,9893.72,Others
1428,Fast Food,2021-07-16,297.97,Food
1429,Vaccine,2021-07-25,8716.28,Medical
1430,Subscription,2021-07-08,4743.11,Others
1431,Mortgage,2021-07-24,3441.87,Home
1432,Basketball,2021-07-03,3929.36,Sports
1433,Breakfast,2021-07-27,5310.59,Food
1434,Taxi,2021-07-28,2174.58,Transportation
1435,Taxi,2021-07-22,2904.8,Travel
1436,Yoga,2021-07-14,4487.92,Sports
1437,Exhibition,2021-07-23,7788.81,Entertainment
1438,Equipment,2021-07-03,765.94,Sports
1439,Shoes,2021-07-09,201.1,Clothing
1440,Books,2021-07-22,3799.72,Education
1441,Football,2021-07-17,8696.17,Sports
1442,Phone Bill,2021-07-17,9950.8,Communication
1443,Hat,2021-07-28,1323.85,Clothing
1444,Dinner,2021-07-02,4810.2,Food
1445,Tour Package,2021-07-23,1589.71,Travel
1446,Equipment,2021-07-23,9914.57,Sports
1447,Insurance,2021-07-08,3664.75,Medical
1448,Nightclub,2021-07-08,5236.08,Entertainment
1449,Lecture,2021-07-18,1358.29,Education
1450,Taxi,2021-07-17,8392.6,Travel
1451,Shoes,2021-07-16,2082.87,Clothing
1452,Rent,2021-07-06,35.02,Home
1453,Swimming,2021-07-17,4142.83,Sports
1454,Restaurant,2021-07-26,3530.49,Food
1455,Online Course,2021-07-03,7826.64,Education
1456,Internet,2021-07-14,5490.28,Home
1457,Swimming,2021-07-05,5947.4,Sports
1458,Pet,2021-07-23,5871.57,Others
1459,Doctor Visit,2021-07-26,5906.35,Medical
1460,Suit,2021-07-24,4637.9,Clothing
1461,Equipment,2021-07-27,6786.3,Sports
1462,Messenger App,2021-07-01,1888.11,Communication
1463,Furniture,2021-07-26,9646.59,Home
1464,Swimming,2021-07-11,7251.36,Sports
1465,Ride Share,2021-07-17,4396.02,Transportation
1466,Fuel,2021-07-25,7856.02,Transportation
1467,Vaccine,2021-07-28,8414.55,Medical
1468,Taxi,2021-07-13,1115.56,Transportation
1469,Car Maintenance,2021-07-21,3269.05,Transportation
1470,Online Course,2021-07-25,2376.11,Education
1471,Scarf,2021-07-15,5559.37,Clothing
1472,Toll,2021-07-27,3419.0,Transportation
1473,Toll,2021-07-09,1099.83,Transportation
1474,Basketball,2021-07-02,354.21,Sports
1475,Toll,2021-07-25,1125.1,Transportation
1476,Utilities,2021-07-04,7066.7,Home
1477,Rent,2021-07-05,875.32,Home
1478,Lunch,2021-07-24,937.75,Food
1479,Insurance,2021-07-16,8012.8,Medical
1480,Surgery,2021-07-22,5797.72,Medical
1481,Train,2021-07-09,1974.89,Travel
1482,Travel Insurance,2021-07-18,5605.94,Travel
1483,Streaming Service,2021-07-17,1917.36,Entertainment
1484,Travel Insurance,2021-07-19,5788.43,Travel
1485,Concert,2021-07-22,5645.93,Entertainment
1486,Health Check,2021-07-14,104.28,Medical
1487,Car Maintenance,2021-07-24,4014.55,Transportation
1488,Lunch,2021-07-13,4749.21,Food
1489,Suit,2021-07-21,8304.18,Clothing
1490,Lottery,2021-07-09,5776.15,Others
1491,Stationery,2021-07-05,8943.59,Education
1492,Decor,2021-07-25,3210.53,Home
1493,Lunch,2021-07-11,4964.47,Food
1494,Bar,2021-07-13,6921.21,Entertainment
1495,Eye Exam,2021-07-06,9929.91,Medical
1496,Sweater,2021-07-26,5579.59,Clothing
1497,Fast Food,2021-07-02,675.39,Food
1498,Flight,2021-07-15,7832.57,Travel
1499,Lecture,2021-07-10,5561.81,Education
1500,Vaccine,2021-07-02,8296.06,Medical
1501,Tips,2021-08-18,887.72,Others
1502,Dress,2021-08-19,2278.07,Clothing
1503,Lecture,2021-08-03,683.95,Education
1504,Insurance,2021-08-02,233.57,Medical
1505,VPN,2021-08-06,7928.97,Communication
1506,Scarf,2021-08-23,8182.82,Clothing
1507,Books,2021-08-18,2477.36,Education
1508,Taxi,2021-08-09,1020.0,Transportation
1509,Ride Share,2021-08-10,4188.19,Transportation
1510,Suit,2021-08-02,1362.21,Clothing
1511,Bicycle,2021-08-12,6248.85,Transportation
1512,Appliance,2021-08-03,6117.11,Home
1513,Sweater,2021-08-07,4022.11,Clothing
1514,Dinner,2021-08-16,8127.02,Food
1515,Pet,2021-08-05,989.58,Others
1516,Roaming,2021-08-22,3779.1,Communication
1517,Insurance,2021-08-13,4295.22,Medical
1518,KTV,2021-08-07,4084.26,Entertainment
1519,Fitness Class,2021-08-21,8408.82,Sports
1520,Bar,2021-08-15,3027.96,Entertainment
1521,Laundry,2021-08-24,217.54,Others
1522,Decor,2021-08-27,8313.48,Home
1523,Medicine,2021-08-10,6293.75,Medical
1524,Training,2021-08-17,229.52,Education
1525,Exhibition,2021-08-04,107.37,Entertainment
1526,Nightclub,2021-08-27,4476.01,Entertainment
1527,Travel Insurance,2021-08-14,3006.15,Travel
1528,Appliance,2021-08-03,7567.37,Home
1529,Lunch,2021-08-14,3949.48,Food
1530,Vaccine,2021-08-22,9915.13,Medical
1531,Suit,2021-08-26,7962.29,Clothing
1532,Fuel,2021-08-19,3287.83,Transportation
1533,Hotel,2021-08-03,1674.04,Travel
1534,Swimming,2021-08-12,6894.47,Sports
1535,Gym,2021-08-07,64.44,Sports
1536,Subscription,2021-08-04,5618.62,Others
1537,Mortgage,2021-08-23,4099.95,Home
1538,Bakery,2021-08-05,777.61,Food
1539,Streaming Service,2021-08-14,7671.98,Entertainment
1540,Pants,2021-08-28,7925.55,Clothing
1541,Furniture,2021-08-14,7561.79,Home
1542,Coffee,2021-08-02,5606.6,Food
1543,Dental,2021-08-07,8049.02,Medical
1544,Fuel,2021-08-18,8734.6,Transportation
1545,Taxi,2021-08-06,7531.57,Travel
1546,Laundry,2021-08-16,7363.9,Others
1547,Health Check,2021-08-04,935.77,Medical
1548,Hotel,2021-08-20,5248.67,Travel
1549,Data Plan,2021-08-17,3175.44,Communication
1550,Running,2021-08-24,2710.56,Sports
1551,Workshop,2021-08-04,171.63,Education
1552,Suit,2021-08-13,4048.65,Clothing
1553,Appliance,2021-08-11,6994.8,Home
1554,Gift,2021-08-28,9107.94,Others
1555,Fuel,2021-08-01,7135.68,Transportation
1556,Theater,2021-08-25,3690.2,Entertainment
1557,Subscription,2021-08-13,673.68,Others
1558,Hospital,2021-08-03,7591.93,Medical
1559,Lunch,2021-08-05,7750.54,Food
1560,Football,2021-08-07,5842.93,Sports
1561,Security,2021-08-08,4130.76,Home
1562,Rental Car,2021-08-05,2045.06,Travel
1563,Luggage,2021-08-26,1211.79,Travel
1564,Sweater,2021-08-13,878.42,Clothing
1565,Socks,2021-08-06,8115.94,Clothing
1566,Bus,2021-08-12,5141.86,Transportation
1567,Visa Fee,2021-08-01,7315.56,Travel
1568,Tennis,2021-08-25,4942.62,Sports
1569,Medicine,2021-08-22,9431.24,Medical
1570,Suit,2021-08-12,1461.25,Clothing
1571,Dinner,2021-08-24,8936.3,Food
1572,Training,2021-08-22,573.58,Education
1573,Breakfast,2021-08-17,6853.63,Food
1574,Online Course,2021-08-05,7389.41,Education
1575,Internet,2021-08-13,7534.0,Home
1576,Taxi,2021-08-14,3051.45,Travel
1577,Exam Fee,2021-08-19,1531.94,Education
1578,Internet,2021-08-13,4208.51,Home
1579,Exhibition,2021-08-08,9926.18,Entertainment
1580,Repair,2021-08-28,1770.51,Home
1581,Exam Fee,2021-08-18,6160.91,Education
1582,Taxi,2021-08-08,6615.13,Travel
1583,Visa Fee,2021-08-12,575.93,Travel
1584,Roaming,2021-08-19,5534.22,Communication
1585,Dinner,2021-08-19,4338.6,Food
1586,Data Plan,2021-08-20,9906.41,Communication
1587,Exhibition,2021-08-16,234.96,Entertainment
1588,Fax,2021-08-19,1141.08,Communication
1589,Visa Fee,2021-08-26,808.24,Travel
1590,Furniture,2021-08-08,5437.62,Home
1591,Taxi,2021-08-23,5147.47,Transportation
1592,Football,2021-08-12,2995.12,Sports
1593,Storage,2021-08-05,8001.07,Others
1594,Jacket,2021-08-17,7838.7,Clothing
1595,Eye Exam,2021-08-25,7528.34,Medical
1596,Lottery,2021-08-03,822.88,Others
1597,Internet,2021-08-26,7295.67,Home
1598,Yoga,2021-08-04,5713.9,Sports
1599,Pants,2021-08-28,8571.93,Clothing
1600,Parking,2021-08-04,1155.13,Transportation
1601,Rent,2021-09-07,7999.34,Home
1602,Shoes,2021-09-19,3869.17,Clothing
1603,Surgery,2021-09-15,6160.42,Medical
1604,Toll,2021-09-09,9900.55,Transportation
1605,Fax,2021-09-22,6803.98,Communication
1606,Fitness Class,2021-09-08,5803.86,Sports
1607,Storage,2021-09-20,6928.27,Others
1608,Exam Fee,2021-09-05,2530.61,Education
1609,Game,2021-09-04,9617.76,Entertainment
1610,Gym,2021-09-15,6098.86,Sports
1611,Pet,2021-09-11,7512.42,Others
1612,Hospital,2021-09-02,1098.8,Medical
1613,Groceries,2021-09-25,4033.96,Food
1614,Taxi,2021-09-06,9855.44,Travel
1615,Miscellaneous,2021-09-02,3899.02,Others
1616,Health Check,2021-09-12,8421.54,Medical
1617,Calling Card,2021-09-04,5211.56,Communication
1618,Breakfast,2021-09-06,2019.13,Food
1619,Security,2021-09-17,6329.44,Home
1620,Donation,2021-09-28,4302.36,Others
1621,Fax,2021-09-26,4005.59,Communication
1622,Security,2021-09-15,130.0,Home
1623,Seminar,2021-09-15,3477.05,Education
1624,Seminar,2021-09-09,1514.05,Education
1625,Basketball,2021-09-24,7160.58,Sports
1626,Laundry,2021-09-09,3779.2,Others
1627,Mortgage,2021-09-06,6099.6,Home
1628,Exam Fee,2021-09-25,9306.93,Education
1629,Gift,2021-09-06,3125.18,Others
1630,Tennis,2021-09-12,8492.5,Sports
1631,Hat,2021-09-26,2037.94,Clothing
1632,Shoes,2021-09-08,8882.5,Clothing
1633,Training,2021-09-27,2044.71,Education
1634,Fast Food,2021-09-23,200.04,Food
1635,Restaurant,2021-09-24,6220.99,Food
1636,Messenger App,2021-09-09,630.22,Communication
1637,Doctor Visit,2021-09-15,3561.39,Medical
1638,Flight,2021-09-02,5211.07,Travel
1639,Repair,2021-09-18,3133.69,Home
1640,Basketball,2021-09-06,4316.44,Sports
1641,Rental Car,2021-09-04,8826.29,Travel
1642,Fitness Class,2021-09-19,1245.54,Sports
1643,Repair,2021-09-09,3997.41,Home
1644,Visa Fee,2021-09-25,3181.87,Travel
1645,Basketball,2021-09-04,7770.54,Sports
1646,Yoga,2021-09-18,4738.25,Sports
1647,Training,2021-09-18,837.73,Education
1648,Restaurant,2021-09-22,3161.71,Food
1649,Therapy,2021-09-28,6080.54,Medical
1650,Hospital,2021-09-24,9694.58,Medical
1651,Equipment,2021-09-25,5182.12,Sports
1652,Laundry,2021-09-19,1513.16,Others
1653,Dinner,2021-09-28,3675.57,Food
1654,Game,2021-09-18,6022.78,Entertainment
1655,Swimming,2021-09-11,6370.97,Sports
1656,Breakfast,2021-09-25,1043.81,Food
1657,Lottery,2021-09-07,9240.91,Others
1658,Luggage,2021-09-18,9439.86,Travel
1659,Ride Share,2021-09-02,7752.23,Transportation
1660,Train,2021-09-16,4388.9,Travel
1661,Travel Insurance,2021-09-18,4254.58,Travel
1662,Pet,2021-09-18,901.92,Others
1663,Movie,2021-09-18,9056.5,Entertainment
1664,Travel Insurance,2021-09-19,5074.84,Travel
1665,Utilities,2021-09-28,8278.06,Home
1666,Exam Fee,2021-09-10,8411.14,Education
1667,Mobile Recharge,2021-09-13,666.68,Communication
1668,Shirt,2021-09-06,7244.06,Clothing
1669,Travel Guide,2021-09-10,3879.74,Travel
1670,Library Fee,2021-09-05,4750.14,Education
1671,VPN,2021-09-21,7642.43,Communication
1672,Football,2021-09-28,8922.69,Sports
1673,Mortgage,2021-09-02,6217.07,Home
1674,Fast Food,2021-09-16,1217.25,Food
1675,Health Check,2021-09-23,5597.46,Medical
1676,Jacket,2021-09-02,4938.14,Clothing
1677,Cleaning,2021-09-22,5134.0,Home
1678,Nightclub,2021-09-24,8483.48,Entertainment
1679,Fax,2021-09-10,6017.6,Communication
1680,Storage,2021-09-07,1681.8,Others
1681,Hat,2021-09-21,7269.04,Clothing
1682,Lunch,2021-09-10,8992.82,Food
1683,Appliance,2021-09-02,1696.08,Home
1684,Dental,2021-09-06,2347.29,Medical
1685,Vaccine,2021-09-01,7311.97,Medical
1686,Data Plan,2021-09-08,779.43,Communication
1687,Miscellaneous,2021-09-09,2280.14,Others
1688,Lunch,2021-09-02,6403.46,Food
1689,Storage,2021-09-26,9578.76,Others
1690,Mobile Recharge,2021-09-22,4858.15,Communication
1691,Security,2021-09-14,5028.57,Home
1692,Health Check,2021-09-27,9923.83,Medical
1693,Basketball,2021-09-16,3759.49,Sports
1694,Vaccine,2021-09-02,9898.91,Medical
1695,Data Plan,2021-09-23,3519.38,Communication
1696,Rental Car,2021-09-28,7761.44,Travel
1697,Subway,2021-09-22,1801.79,Transportation
1698,Tour Package,2021-09-15,7160.15,Travel
1699,Laundry,2021-09-26,6665.33,Others
1700,Coffee,2021-09-04,7962.03,Food
1701,Seminar,2021-10-21,9813.22,Education
1702,Decor,2021-10-02,4205.81,Home
1703,Suit,2021-10-26,6179.4,Clothing
1704,Fuel,2021-10-23,3026.69,Transportation
1705,Fitness Class,2021-10-11,7820.1,Sports
1706,Mobile Recharge,2021-10-04,6471.32,Communication
1707,Dinner,2021-10-26,3191.44,Food
1708,Equipment,2021-10-20,2651.04,Sports
1709,Pet,2021-10-10,2491.8,Others
1710,Fuel,2021-10-04,7824.36,Transportation
1711,Online Course,2021-10-03,1607.07,Education
1712,Tuition,2021-10-03,5958.37,Education
1713,Vaccine,2021-10-26,7512.1,Medical
1714,Fine,2021-10-25,2123.33,Others
1715,Shirt,2021-10-23,3749.95,Clothing
1716,Theater,2021-10-27,6764.1,Entertainment
1717,Jacket,2021-10-20,508.35,Clothing
1718,VPN,2021-10-12,1175.43,Communication
1719,Yoga,2021-10-03,5891.29,Sports
1720,Fine,2021-10-05,5779.73,Others
1721,Flight,2021-10-05,1358.89,Travel
1722,Vaccine,2021-10-21,7706.98,Medical
1723,Fax,2021-10-04,1656.93,Communication
1724,Nightclub,2021-10-02,9861.32,Entertainment
1725,VPN,2021-10-19,2692.73,Communication
1726,Insurance,2021-10-26,8226.58,Medical
1727,Toll,2021-10-20,3192.07,Transportation
1728,Cleaning,2021-10-26,7262.7,Home
1729,Train Ticket,2021-10-18,9616.22,Transportation
1730,Seminar,2021-10-24,1503.54,Education
1731,Gift,2021-10-02,9125.75,Others
1732,Miscellaneous,2021-10-11,5044.1,Others
1733,Scarf,2021-10-08,3017.78,Clothing
1734,Tour Package,2021-10-02,117.18,Travel
1735,Jacket,2021-10-18,5304.18,Clothing
1736,Rent,2021-10-23,364.31,Home
1737,Football,2021-10-04,1692.25,Sports
1738,Sweater,2021-10-28,4539.42,Clothing
1739,Tuition,2021-10-14,4175.63,Education
1740,Online Course,2021-10-08,427.91,Education
1741,Snacks,2021-10-20,4901.21,Food
1742,Vaccine,2021-10-25,512.67,Medical
1743,Lunch,2021-10-21,8231.79,Food
1744,Messenger App,2021-10-09,437.64,Communication
1745,Car Maintenance,2021-10-22,3791.66,Transportation
1746,Bar,2021-10-19,2224.24,Entertainment
1747,Game,2021-10-20,7930.36,Entertainment
1748,Vaccine,2021-10-02,4506.94,Medical
1749,Gym,2021-10-22,8631.77,Sports
1750,Concert,2021-10-19,858.5,Entertainment
1751,Stationery,2021-10-20,6249.8,Education
1752,Coffee,2021-10-21,9027.89,Food
1753,Fine,2021-10-03,7610.33,Others
1754,Mortgage,2021-10-01,7732.62,Home
1755,Pants,2021-10-21,2897.97,Clothing
1756,Groceries,2021-10-20,3649.89,Food
1757,Phone Bill,2021-10-27,5583.29,Communication
1758,Lecture,2021-10-05,3618.79,Education
1759,Travel Guide,2021-10-12,4867.1,Travel
1760,Football,2021-10-15,4670.01,Sports
1761,Phone Bill,2021-10-23,7156.93,Communication
1762,Fast Food,2021-10-09,6223.68,Food
1763,Taxi,2021-10-17,9038.23,Transportation
1764,Subway,2021-10-16,7677.46,Transportation
1765,Cleaning,2021-10-22,846.66,Home
1766,Streaming Service,2021-10-22,1439.56,Entertainment
1767,Restaurant,2021-10-06,1785.09,Food
1768,Taxi,2021-10-02,1024.34,Transportation
1769,Health Check,2021-10-21,9532.67,Medical
1770,Utilities,2021-10-20,2757.89,Home
1771,Donation,2021-10-16,6879.05,Others
1772,Restaurant,2021-10-09,3022.34,Food
1773,Surgery,2021-10-14,3833.57,Medical
1774,Cycling,2021-10-18,7653.11,Sports
1775,Pet,2021-10-26,6575.79,Others
1776,Sweater,2021-10-02,8131.32,Clothing
1777,Dental,2021-10-08,9247.06,Medical
1778,Exhibition,2021-10-04,7407.79,Entertainment
1779,Books,2021-10-17,3843.28,Education
1780,Doctor Visit,2021-10-17,2716.2,Medical
1781,Mobile Recharge,2021-10-06,7950.28,Communication
1782,Fitness Class,2021-10-13,538.81,Sports
1783,KTV,2021-10-22,3087.74,Entertainment
1784,SIM Card,2021-10-05,3820.45,Communication
1785,Roaming,2021-10-22,4607.76,Communication
1786,Breakfast,2021-10-26,5640.75,Food
1787,Flight,2021-10-03,3146.04,Travel
1788,Ride Share,2021-10-17,4862.02,Transportation
1789,Restaurant,2021-10-16,6041.36,Food
1790,Tour Package,2021-10-03,2434.9,Travel
1791,Messenger App,2021-10-19,5241.21,Communication
1792,Dental,2021-10-27,9058.08,Medical
1793,Books,2021-10-04,1038.36,Education
1794,Fitness Class,2021-10-15,4961.52,Sports
1795,Nightclub,2021-10-13,8635.5,Entertainment
1796,Internet,2021-10-26,582.26,Home
1797,SIM Card,2021-10-28,6460.29,Communication
1798,VPN,2021-10-11,3264.2,Communication
1799,Car Maintenance,2021-10-11,2150.17,Transportation
1800,Travel Insurance,2021-10-15,8492.1,Travel
1801,Training,2021-11-07,2723.77,Education
1802,Dress,2021-11-14,3693.41,Clothing
1803,Luggage,2021-11-27,6209.28,Travel
1804,Theater,2021-11-19,5273.38,Entertainment
1805,VPN,2021-11-04,9481.52,Communication
1806,Travel Insurance,2021-11-22,332.18,Travel
1807,Online Course,2021-11-04,1019.37,Education
1808,Online Course,2021-11-25,4867.49,Education
1809,Lecture,2021-11-26,8602.56,Education
1810,Running,2021-11-28,6622.62,Sports
1811,Decor,2021-11-27,3185.47,Home
1812,Shoes,2021-11-14,6224.85,Clothing
1813,Bar,2021-11-24,7885.09,Entertainment
1814,Gym,2021-11-04,4167.45,Sports
1815,Mortgage,2021-11-05,6543.22,Home
1816,Dental,2021-11-05,7326.59,Medical
1817,Train Ticket,2021-11-27,7276.58,Transportation
1818,Rental Car,2021-11-23,2605.91,Travel
1819,Appliance,2021-11-10,3042.68,Home
1820,Ride Share,2021-11-20,5530.89,Transportation
1821,Subway,2021-11-28,5137.83,Transportation
1822,Basketball,2021-11-05,5435.48,Sports
1823,Dental,2021-11-16,6436.44,Medical
1824,Hotel,2021-11-21,8407.64,Travel
1825,Car Maintenance,2021-11-13,5146.51,Transportation
1826,Fax,2021-11-28,5737.08,Communication
1827,Utilities,2021-11-20,6593.88,Home
1828,Taxi,2021-11-21,4954.79,Travel
1829,Subway,2021-11-16,6431.29,Transportation
1830,Bakery,2021-11-03,5616.41,Food
1831,Eye Exam,2021-11-28,8234.53,Medical
1832,Fast Food,2021-11-17,8645.46,Food
1833,Fine,2021-11-03,2781.48,Others
1834,Utilities,2021-11-10,1790.37,Home
1835,Travel Guide,2021-11-07,8914.02,Travel
1836,Dress,2021-11-25,3251.72,Clothing
1837,Lecture,2021-11-08,4537.94,Education
1838,Lunch,2021-11-12,2809.29,Food
1839,SIM Card,2021-11-15,1345.07,Communication
1840,Swimming,2021-11-05,968.96,Sports
1841,Security,2021-11-17,9722.34,Home
1842,Socks,2021-11-27,6014.59,Clothing
1843,Cleaning,2021-11-06,5741.16,Home
1844,Cycling,2021-11-11,9422.38,Sports
1845,Bar,2021-11-19,7342.32,Entertainment
1846,Travel Insurance,2021-11-18,1623.99,Travel
1847,Decor,2021-11-22,9726.58,Home
1848,Health Check,2021-11-14,3683.98,Medical
1849,Football,2021-11-19,6405.24,Sports
1850,Miscellaneous,2021-11-03,4107.43,Others
1851,Amusement Park,2021-11-12,6012.13,Entertainment
1852,Tour Package,2021-11-23,7862.02,Travel
1853,Workshop,2021-11-11,9137.56,Education
1854,Restaurant,2021-11-10,2341.99,Food
1855,Football,2021-11-12,9821.9,Sports
1856,Cleaning,2021-11-10,790.99,Home
1857,Dinner,2021-11-11,1827.77,Food
1858,Breakfast,2021-11-10,6877.88,Food
1859,Delivery,2021-11-20,4918.18,Food
1860,Toll,2021-11-19,7136.95,Transportation
1861,Fast Food,2021-11-13,1163.25,Food
1862,Exam Fee,2021-11-15,349.97,Education
1863,Exhibition,2021-11-28,9354.16,Entertainment
1864,Groceries,2021-11-09,7420.38,Food
1865,Vaccine,2021-11-11,5586.29,Medical
1866,Tennis,2021-11-03,5858.36,Sports
1867,Parking,2021-11-05,909.42,Transportation
1868,Bus,2021-11-24,8272.24,Transportation
1869,Snacks,2021-11-18,434.19,Food
1870,Nightclub,2021-11-15,8445.83,Entertainment
1871,Delivery,2021-11-26,983.79,Food
1872,Cleaning,2021-11-19,6803.55,Home
1873,Furniture,2021-11-11,272.76,Home
1874,Repair,2021-11-11,700.69,Home
1875,Car Maintenance,2021-11-02,1792.62,Transportation
1876,Stationery,2021-11-04,365.92,Education
1877,Surgery,2021-11-15,711.37,Medical
1878,Bicycle,2021-11-10,3352.62,Transportation
1879,Taxi,2021-11-27,5646.26,Transportation
1880,Bus,2021-11-07,9870.87,Transportation
1881,VPN,2021-11-22,4272.32,Communication
1882,Flight,2021-11-21,1565.55,Travel
1883,Jacket,2021-11-26,6629.11,Clothing
1884,Hospital,2021-11-22,2353.64,Medical
1885,Laundry,2021-11-02,8943.06,Others
1886,Training,2021-11-06,3505.81,Education
1887,Dinner,2021-11-02,9176.34,Food
1888,Calling Card,2021-11-12,673.04,Communication
1889,Concert,2021-11-23,1300.07,Entertainment
1890,Snacks,2021-11-10,2422.27,Food
1891,Game,2021-11-10,8306.64,Entertainment
1892,Roaming,2021-11-06,4875.29,Communication
1893,Sweater,2021-11-19,3800.13,Clothing
1894,Football,2021-11-04,3725.8,Sports
1895,Toll,2021-11-17,7164.75,Transportation
1896,Dress,2021-11-25,756.04,Clothing
1897,Health Check,2021-11-16,7218.02,Medical
1898,Pants,2021-11-27,558.58,Clothing
1899,Swimming,2021-11-12,4883.48,Sports
1900,Insurance,2021-11-09,1904.38,Medical
1901,Scarf,2021-12-07,4517.54,Clothing
1902,Exhibition,2021-12-27,4379.65,Entertainment
1903,Train Ticket,2021-12-04,4937.23,Transportation
1904,Train Ticket,2021-12-25,634.74,Transportation
1905,Repair,2021-12-05,4908.98,Home
1906,Coffee,2021-12-10,3568.59,Food
1907,Streaming Service,2021-12-26,8813.5,Entertainment
1908,Sweater,2021-12-08,6062.38,Clothing
1909,Gift,2021-12-24,3650.82,Others
1910,Nightclub,2021-12-19,7928.91,Entertainment
1911,Breakfast,2021-12-27,5745.69,Food
1912,Data Plan,2021-12-08,2446.33,Communication
1913,Delivery,2021-12-18,1624.15,Food
1914,Storage,2021-12-01,5124.8,Others
1915,Medicine,2021-12-11,1964.3,Medical
1916,Exhibition,2021-12-08,5237.91,Entertainment
1917,Storage,2021-12-28,9239.47,Others
1918,Fuel,2021-12-19,8253.38,Transportation
1919,Hotel,2021-12-06,7923.9,Travel
1920,Swimming,2021-12-26,2717.55,Sports
1921,Visa Fee,2021-12-04,6131.91,Travel
1922,Tour Package,2021-12-17,5683.62,Travel
1923,Sweater,2021-12-14,4227.82,Clothing
1924,Tuition,2021-12-24,9973.57,Education
1925,Train Ticket,2021-12-28,2257.91,Transportation
1926,Lottery,2021-12-24,1482.73,Others
1927,Workshop,2021-12-04,6259.73,Education
1928,Pants,2021-12-27,5206.59,Clothing
1929,Sweater,2021-12-08,9766.81,Clothing
1930,Taxi,2021-12-06,4342.93,Travel
1931,Donation,2021-12-26,4096.6,Others
1932,Socks,2021-12-16,1749.83,Clothing
1933,Exam Fee,2021-12-09,3935.68,Education
1934,Ride Share,2021-12-03,5977.88,Transportation
1935,Hotel,2021-12-18,4845.27,Travel
1936,Equipment,2021-12-09,5108.61,Sports
1937,Lecture,2021-12-28,9316.62,Education
1938,Fax,2021-12-05,6853.35,Communication
1939,Snacks,2021-12-13,4107.92,Food
1940,Library Fee,2021-12-18,2986.61,Education
1941,Gym,2021-12-26,1799.07,Sports
1942,Furniture,2021-12-01,7594.07,Home
1943,Subway,2021-12-13,190.28,Transportation
1944,Therapy,2021-12-08,3328.25,Medical
1945,Books,2021-12-07,4667.14,Education
1946,Train Ticket,2021-12-23,3459.01,Transportation
1947,Security,2021-12-09,2449.01,Home
1948,Online Course,2021-12-18,9888.19,Education
1949,Running,2021-12-22,5964.1,Sports
1950,Miscellaneous,2021-12-22,7322.46,Others
1951,Jacket,2021-12-25,8108.93,Clothing
1952,Equipment,2021-12-27,7239.57,Sports
1953,Coffee,2021-12-09,5725.41,Food
1954,Scarf,2021-12-27,9743.43,Clothing
1955,Data Plan,2021-12-13,6214.09,Communication
1956,Miscellaneous,2021-12-26,5459.33,Others
1957,Exhibition,2021-12-21,193.49,Entertainment
1958,Train Ticket,2021-12-12,6067.1,Transportation
1959,Donation,2021-12-06,9390.52,Others
1960,Tips,2021-12-24,5296.74,Others
1961,Theater,2021-12-22,8805.43,Entertainment
1962,Repair,2021-12-24,9585.56,Home
1963,Bus,2021-12-11,6478.73,Transportation
1964,Data Plan,2021-12-17,760.57,Communication
1965,Tennis,2021-12-22,2780.15,Sports
1966,Doctor Visit,2021-12-12,7796.24,Medical
1967,Tuition,2021-12-01,1331.5,Education
1968,Dental,2021-12-26,9290.99,Medical
1969,Restaurant,2021-12-27,1541.5,Food
1970,Workshop,2021-12-23,2388.86,Education
1971,Sweater,2021-12-24,9236.45,Clothing
1972,Ride Share,2021-12-07,8644.48,Transportation
1973,Parking,2021-12-08,5767.34,Transportation
1974,Concert,2021-12-02,6010.39,Entertainment
1975,Exhibition,2021-12-26,8384.17,Entertainment
1976,Delivery,2021-12-14,9004.72,Food
1977,SIM Card,2021-12-14,3553.27,Communication
1978,Equipment,2021-12-07,1517.08,Sports
1979,Insurance,2021-12-07,9773.95,Medical
1980,Tour Package,2021-12-09,2798.03,Travel
1981,Roaming,2021-12-26,284.38,Communication
1982,Coffee,2021-12-24,5635.35,Food
1983,Coffee,2021-12-17,1500.48,Food
1984,Tips,2021-12-11,8267.55,Others
1985,Phone Bill,2021-12-24,3403.49,Communication
1986,Fuel,2021-12-23,6795.1,Transportation
1987,Theater,2021-12-05,8066.97,Entertainment
1988,Cleaning,2021-12-19,9231.65,Home
1989,Sweater,2021-12-25,9903.54,Clothing
1990,KTV,2021-12-18,4031.52,Entertainment
1991,Fast Food,2021-12-21,2763.81,Food
1992,Dinner,2021-12-02,1815.79,Food
1993,Training,2021-12-25,29.92,Education
1994,Therapy,2021-12-06,3864.61,Medical
1995,Eye Exam,2021-12-26,9818.25,Medical
1996,Health Check,2021-12-18,5750.37,Medical
1997,Train,2021-12-10,7268.59,Travel
1998,Delivery,2021-12-17,8910.64,Food
1999,Scarf,2021-12-24,3752.72,Clothing
2000,Football,2021-12-07,4783.45,Sports
2001,Rent,2022-01-17,5197.48,Home
2002,Bakery,2022-01-12,6252.78,Food
2003,Lottery,2022-01-10,2738.11,Others
2004,Doctor Visit,2022-01-21,1154.6,Medical
2005,Fine,2022-01-07,4454.79,Others
2006,Train Ticket,2022-01-24,2713.8,Transportation
2007,Ride Share,2022-01-03,4453.97,Transportation
2008,Streaming Service,2022-01-09,2107.34,Entertainment
2009,Scarf,2022-01-19,5741.75,Clothing
2010,Bakery,2022-01-11,3247.23,Food
2011,Exam Fee,2022-01-17,7178.79,Education
2012,Pet,2022-01-23,2629.76,Others
2013,Surgery,2022-01-05,7733.39,Medical
2014,Workshop,2022-01-10,1454.05,Education
2015,Miscellaneous,2022-01-09,3545.65,Others
2016,Game,2022-01-15,3603.83,Entertainment
2017,Doctor Visit,2022-01-24,4820.99,Medical
2018,Phone Bill,2022-01-12,439.52,Communication
2019,Yoga,2022-01-22,8453.77,Sports
2020,Fitness Class,2022-01-05,6887.94,Sports
2021,Amusement Park,2022-01-10,5426.35,Entertainment
2022,Taxi,2022-01-23,5047.96,Travel
2023,Books,2022-01-19,8630.91,Education
2024,Rental Car,2022-01-18,4899.08,Travel
2025,Dress,2022-01-02,2779.1,Clothing
2026,Train Ticket,2022-01-16,3525.49,Transportation
2027,Ride Share,2022-01-11,4004.13,Transportation
2028,Equipment,2022-01-10,1916.93,Sports
2029,Fine,2022-01-22,3181.8,Others
2030,Breakfast,2022-01-22,6252.51,Food
2031,Basketball,2022-01-07,1441.81,Sports
2032,Shoes,2022-01-22,9925.54,Clothing
2033,VPN,2022-01-06,4310.55,Communication
2034,Ride Share,2022-01-11,8949.19,Transportation
2035,Breakfast,2022-01-26,5814.54,Food
2036,Gift,2022-01-28,7892.93,Others
2037,Bicycle,2022-01-03,9713.77,Transportation
2038,Security,2022-01-25,4692.4,Home
2039,Parking,2022-01-11,631.4,Transportation
2040,Train Ticket,2022-01-13,8974.91,Transportation
2041,Therapy,2022-01-14,773.47,Medical
2042,Yoga,2022-01-17,2087.69,Sports
2043,Health Check,2022-01-13,8334.52,Medical
2044,Equipment,2022-01-10,8828.48,Sports
2045,Sweater,2022-01-02,8356.09,Clothing
2046,Security,2022-01-15,4515.75,Home
2047,Fine,2022-01-21,4111.91,Others
2048,Jacket,2022-01-01,648.9,Clothing
2049,Utilities,2022-01-12,2743.11,Home
2050,Miscellaneous,2022-01-21,3837.45,Others
2051,Seminar,2022-01-27,6659.37,Education
2052,Breakfast,2022-01-17,2334.18,Food
2053,Subscription,2022-01-01,8171.88,Others
2054,Utilities,2022-01-18,7563.83,Home
2055,Gift,2022-01-03,9639.09,Others
2056,Lecture,2022-01-14,7100.39,Education
2057,Workshop,2022-01-07,3660.2,Education
2058,Training,2022-01-10,4865.35,Education
2059,Tuition,2022-01-02,9447.81,Education
2060,Bus,2022-01-14,9664.53,Transportation
2061,Sweater,2022-01-09,8969.74,Clothing
2062,Lottery,2022-01-10,6652.21,Others
2063,Taxi,2022-01-14,9204.91,Travel
2064,Pet,2022-01-11,3545.8,Others
2065,Donation,2022-01-01,5325.19,Others
2066,Fast Food,2022-01-03,8056.56,Food
2067,Toll,2022-01-10,9226.96,Transportation
2068,Car Maintenance,2022-01-28,7561.86,Transportation
2069,Pants,2022-01-10,4466.94,Clothing
2070,SIM Card,2022-01-13,7497.21,Communication
2071,Laundry,2022-01-07,7866.42,Others
2072,Doctor Visit,2022-01-28,4345.96,Medical
2073,Exam Fee,2022-01-13,5397.09,Education
2074,Train,2022-01-21,1091.68,Travel
2075,Utilities,2022-01-28,6379.31,Home
2076,Dinner,2022-01-25,4493.52,Food
2077,Fitness Class,2022-01-21,5896.48,Sports
2078,Train Ticket,2022-01-10,4671.08,Transportation
2079,Parking,2022-01-18,9471.39,Transportation
2080,Exam Fee,2022-01-08,5996.7,Education
2081,Tuition,2022-01-17,720.36,Education
2082,Vaccine,2022-01-16,8966.04,Medical
2083,Travel Insurance,2022-01-04,2696.21,Travel
2084,Taxi,2022-01-03,3807.96,Travel
2085,Snacks,2022-01-01,4181.13,Food
2086,Game,2022-01-24,543.41,Entertainment
2087,Hat,2022-01-27,4430.6,Clothing
2088,Ride Share,2022-01-21,7842.45,Transportation
2089,Repair,2022-01-04,4031.61,Home
2090,Pet,2022-01-22,4636.25,Others
2091,Cleaning,2022-01-11,6735.17,Home
2092,Messenger App,2022-01-23,9366.18,Communication
2093,Phone Bill,2022-01-06,7397.71,Communication
2094,Books,2022-01-26,3829.22,Education
2095,Sweater,2022-01-12,5637.55,Clothing
2096,Movie,2022-01-14,2902.97,Entertainment
2097,Hat,2022-01-13,297.72,Clothing
2098,Mortgage,2022-01-12,2460.14,Home
2099,Streaming Service,2022-01-23,9687.79,Entertainment
2100,Mobile Recharge,2022-01-17,979.3,Communication
2101,Bus,2022-02-04,559.25,Transportation
2102,Calling Card,2022-02-14,1614.51,Communication
2103,Messenger App,2022-02-09,6422.54,Communication
2104,Theater,2022-02-17,6021.7,Entertainment
2105,Dress,2022-02-17,3626.85,Clothing
2106,Rental Car,2022-02-04,2924.8,Travel
2107,Fuel,2022-02-19,7800.92,Transportation
2108,Theater,2022-02-28,5163.09,Entertainment
2109,Taxi,2022-02-28,8178.76,Transportation
2110,Laundry,2022-02-10,7099.03,Others
2111,Gym,2022-02-10,6358.27,Sports
2112,Laundry,2022-02-09,6489.14,Others
2113,Visa Fee,2022-02-05,7330.12,Travel
2114,Basketball,2022-02-10,9420.6,Sports
2115,Luggage,2022-02-18,7590.75,Travel
2116,Dinner,2022-02-03,685.83,Food
2117,Data Plan,2022-02-08,6762.04,Communication
2118,Basketball,2022-02-02,4291.25,Sports
2119,Seminar,2022-02-16,7583.53,Education
2120,Calling Card,2022-02-15,9667.96,Communication
2121,Socks,2022-02-09,1714.43,Clothing
2122,Hotel,2022-02-15,6714.8,Travel
2123,Lecture,2022-02-15,4083.68,Education
2124,Tennis,2022-02-24,722.59,Sports
2125,SIM Card,2022-02-23,3009.4,Communication
2126,Insurance,2022-02-26,7475.28,Medical
2127,Decor,2022-02-03,7684.69,Home
2128,Stationery,2022-02-26,6834.46,Education
2129,Restaurant,2022-02-02,5143.4,Food
2130,Eye Exam,2022-02-03,5413.83,Medical
2131,Lecture,2022-02-03,8826.7,Education
2132,Train,2022-02-17,244.79,Travel
2133,Roaming,2022-02-13,15.93,Communication
2134,Data Plan,2022-02-06,9907.45,Communication
2135,Coffee,2022-02-22,4499.73,Food
2136,Security,2022-02-18,273.98,Home
2137,Visa Fee,2022-02-09,9134.3,Travel
2138,Scarf,2022-02-17,2727.34,Clothing
2139,Streaming Service,2022-02-26,2276.21,Entertainment
2140,Online Course,2022-02-22,1401.51,Education
2141,Vaccine,2022-02-22,2430.77,Medical
2142,Library Fee,2022-02-07,3896.08,Education
2143,Visa Fee,2022-02-06,7348.7,Travel
2144,Hotel,2022-02-28,3574.28,Travel
2145,Scarf,2022-02-03,345.63,Clothing
2146,Internet,2022-02-24,5227.07,Home
2147,Furniture,2022-02-08,31.1,Home
2148,Lecture,2022-02-04,5835.08,Education
2149,Lecture,2022-02-18,5740.41,Education
2150,Delivery,2022-02-08,249.4,Food
2151,Subway,2022-02-15,348.69,Transportation
2152,Lunch,2022-02-13,3633.78,Food
2153,Bar,2022-02-18,3607.59,Entertainment
2154,Delivery,2022-02-07,8638.97,Food
2155,Mobile Recharge,2022-02-16,2214.81,Communication
2156,Storage,2022-02-26,1855.7,Others
2157,Donation,2022-02-10,2401.56,Others
2158,Taxi,2022-02-06,3421.68,Travel
2159,Tour Package,2022-02-18,21.94,Travel
2160,Roaming,2022-02-07,5562.86,Communication
2161,Pants,2022-02-12,145.76,Clothing
2162,Subscription,2022-02-10,4576.57,Others
2163,Doctor Visit,2022-02-27,566.47,Medical
2164,Mobile Recharge,2022-02-26,1182.48,Communication
2165,Vaccine,2022-02-06,2789.34,Medical
2166,Fine,2022-02-16,4200.03,Others
2167,Health Check,2022-02-25,8141.68,Medical
2168,Surgery,2022-02-13,9500.44,Medical
2169,Vaccine,2022-02-04,4121.34,Medical
2170,Roaming,2022-02-22,2840.09,Communication
2171,Data Plan,2022-02-13,3632.32,Communication
2172,Visa Fee,2022-02-07,4121.06,Travel
2173,Storage,2022-02-23,2143.23,Others
2174,Gym,2022-02-23,5860.45,Sports
2175,Jacket,2022-02-06,2791.04,Clothing
2176,Seminar,2022-02-02,5805.36,Education
2177,Hospital,2022-02-15,2725.04,Medical
2178,Socks,2022-02-17,1025.41,Clothing
2179,Bus,2022-02-24,1025.01,Transportation
2180,Fitness Class,2022-02-04,7240.01,Sports
2181,Security,2022-02-12,2379.2,Home
2182,Security,2022-02-14,5557.17,Home
2183,Hotel,2022-02-20,481.4,Travel
2184,Internet,2022-02-27,3598.38,Home
2185,Surgery,2022-02-03,634.16,Medical
2186,Fast Food,2022-02-04,514.73,Food
2187,Game,2022-02-13,3302.01,Entertainment
2188,Nightclub,2022-02-05,4076.92,Entertainment
2189,Jacket,2022-02-23,5575.97,Clothing
2190,Basketball,2022-02-24,2576.15,Sports
2191,Fuel,2022-02-10,3081.19,Transportation
2192,Fitness Class,2022-02-07,2682.19,Sports
2193,Running,2022-02-06,4227.78,Sports
2194,Scarf,2022-02-20,7158.87,Clothing
2195,Surgery,2022-02-04,709.65,Medical
2196,Internet,2022-02-14,8190.09,Home
2197,Tennis,2022-02-17,2358.81,Sports
2198,Scarf,2022-02-14,7895.08,Clothing
2199,Flight,2022-02-03,8530.61,Travel
2200,Yoga,2022-02-22,770.64,Sports
2201,Stationery,2022-03-19,2934.48,Education
2202,Suit,2022-03-07,7692.16,Clothing
2203,Lecture,2022-03-02,4954.22,Education
2204,Gift,2022-03-06,1010.8,Others
2205,Health Check,2022-03-02,388.9,Medical
2206,Equipment,2022-03-22,8743.0,Sports
2207,Sweater,2022-03-10,7249.73,Clothing
2208,Decor,2022-03-06,5727.89,Home
2209,Restaurant,2022-03-11,7333.64,Food
2210,Parking,2022-03-26,820.88,Transportation
2211,Train Ticket,2022-03-15,1058.2,Transportation
2212,Vaccine,2022-03-13,4079.33,Medical
2213,Internet,2022-03-18,6136.43,Communication
2214,Storage,2022-03-05,1967.44,Others
2215,Doctor Visit,2022-03-06,4558.52,Medical
2216,Bakery,2022-03-24,2481.28,Food
2217,Subscription,2022-03-25,1095.98,Others
2218,Rental Car,2022-03-13,3608.73,Travel
2219,Pants,2022-03-19,2674.08,Clothing
2220,Rental Car,2022-03-19,5338.89,Travel
2221,Basketball,2022-03-16,5788.79,Sports
2222,Internet,2022-03-20,3962.17,Home
2223,Luggage,2022-03-19,9450.87,Travel
2224,Storage,2022-03-23,126.16,Others
2225,Bicycle,2022-03-06,8226.43,Transportation
2226,Tuition,2022-03-21,6483.81,Education
2227,Hospital,2022-03-22,468.31,Medical
2228,Running,2022-03-11,3793.73,Sports
2229,Subway,2022-03-20,1350.14,Transportation
2230,Donation,2022-03-15,9893.37,Others
2231,Library Fee,2022-03-07,3626.73,Education
2232,Hospital,2022-03-02,8648.5,Medical
2233,Game,2022-03-18,6164.32,Entertainment
2234,Travel Insurance,2022-03-02,8580.15,Travel
2235,Cleaning,2022-03-14,2858.37,Home
2236,Dinner,2022-03-23,5235.1,Food
2237,Subway,2022-03-12,2433.33,Transportation
2238,Data Plan,2022-03-28,602.6,Communication
2239,Dinner,2022-03-21,6001.74,Food
2240,Online Course,2022-03-24,2836.14,Education
2241,Sweater,2022-03-09,6102.46,Clothing
2242,Jacket,2022-03-27,3946.16,Clothing
2243,Library Fee,2022-03-13,3821.9,Education
2244,Snacks,2022-03-17,5601.46,Food
2245,Lottery,2022-03-14,4833.13,Others
2246,Messenger App,2022-03-01,9613.75,Communication
2247,Miscellaneous,2022-03-15,106.48,Others
2248,Amusement Park,2022-03-04,716.3,Entertainment
2249,Exam Fee,2022-03-13,3458.55,Education
2250,Fax,2022-03-18,453.76,Communication
2251,Shirt,2022-03-01,7071.57,Clothing
2252,Exam Fee,2022-03-27,1224.34,Education
2253,Bakery,2022-03-02,865.94,Food
2254,Fax,2022-03-02,4137.15,Communication
2255,Fuel,2022-03-17,1971.75,Transportation
2256,Therapy,2022-03-07,332.9,Medical
2257,Exhibition,2022-03-02,1302.87,Entertainment
2258,Exam Fee,2022-03-22,736.36,Education
2259,Tips,2022-03-26,9726.58,Others
2260,Bus,2022-03-11,8811.3,Transportation
2261,Medicine,2022-03-05,9172.77,Medical
2262,Streaming Service,2022-03-23,456.38,Entertainment
2263,Storage,2022-03-06,5155.81,Others
2264,Exam Fee,2022-03-06,6755.93,Education
2265,Amusement Park,2022-03-03,7387.72,Entertainment
2266,Hotel,2022-03-09,7647.54,Travel
2267,Laundry,2022-03-12,8352.02,Others
2268,Swimming,2022-03-07,3744.05,Sports
2269,Lunch,2022-03-14,6073.27,Food
2270,Lecture,2022-03-04,1018.28,Education
2271,Stationery,2022-03-12,281.17,Education
2272,Doctor Visit,2022-03-26,6082.72,Medical
2273,Game,2022-03-02,5389.57,Entertainment
2274,Fast Food,2022-03-06,1227.06,Food
2275,Yoga,2022-03-19,5683.23,Sports
2276,Suit,2022-03-21,2117.86,Clothing
2277,Toll,2022-03-06,8334.48,Transportation
2278,Amusement Park,2022-03-15,6124.28,Entertainment
2279,Stationery,2022-03-27,8452.22,Education
2280,Calling Card,2022-03-04,7648.32,Communication
2281,Rent,2022-03-23,168.46,Home
2282,Shirt,2022-03-28,3238.99,Clothing
2283,Taxi,2022-03-26,6488.23,Travel
2284,Tips,2022-03-07,5267.33,Others
2285,Calling Card,2022-03-10,5211.93,Communication
2286,Coffee,2022-03-06,7406.93,Food
2287,Suit,2022-03-09,464.87,Clothing
2288,Laundry,2022-03-10,5836.73,Others
2289,Mortgage,2022-03-04,3159.66,Home
2290,Gym,2022-03-13,1813.61,Sports
2291,Train,2022-03-15,5576.65,Travel
2292,Breakfast,2022-03-14,9804.16,Food
2293,Running,2022-03-01,278.1,Sports
2294,Lunch,2022-03-08,3418.95,Food
2295,SIM Card,2022-03-28,4494.47,Communication
2296,Messenger App,2022-03-24,23.08,Communication
2297,Tour Package,2022-03-24,9630.67,Travel
2298,Running,2022-03-06,9464.86,Sports
2299,Utilities,2022-03-06,9737.66,Home
2300,Basketball,2022-03-05,2896.39,Sports
2301,Rent,2022-04-17,1912.02,Home
2302,Coffee,2022-04-27,2058.95,Food
2303,Cleaning,2022-04-26,7223.67,Home
2304,Insurance,2022-04-26,8748.55,Medical
2305,Workshop,2022-04-09,3179.65,Education
2306,Shirt,2022-04-26,8848.22,Clothing
2307,Delivery,2022-04-10,7957.55,Food
2308,Nightclub,2022-04-17,2681.57,Entertainment
2309,Data Plan,2022-04-20,4233.1,Communication
2310,Surgery,2022-04-17,6121.99,Medical
2311,Fax,2022-04-19,1949.71,Communication
2312,Parking,2022-04-25,2286.55,Transportation
2313,Cleaning,2022-04-24,8807.76,Home
2314,Internet,2022-04-07,6648.31,Home
2315,Furniture,2022-04-03,8461.12,Home
2316,Decor,2022-04-08,3979.3,Home
2317,Travel Guide,2022-04-13,6099.22,Travel
2318,Travel Insurance,2022-04-18,1986.9,Travel
2319,Yoga,2022-04-06,4391.17,Sports
2320,Train,2022-04-23,8712.14,Travel
2321,Fax,2022-04-19,8475.57,Communication
2322,Medicine,2022-04-02,2048.55,Medical
2323,Nightclub,2022-04-26,6039.78,Entertainment
2324,Suit,2022-04-21,9586.57,Clothing
2325,Decor,2022-04-06,6089.24,Home
2326,Hotel,2022-04-25,4535.34,Travel
2327,Football,2022-04-22,9711.55,Sports
2328,Lecture,2022-04-02,5016.47,Education
2329,Breakfast,2022-04-25,2207.39,Food
2330,Storage,2022-04-22,2187.92,Others
2331,Cycling,2022-04-01,6023.64,Sports
2332,Breakfast,2022-04-26,2055.29,Food
2333,Game,2022-04-01,8868.98,Entertainment
2334,Laundry,2022-04-11,7063.06,Others
2335,Streaming Service,2022-04-24,4645.02,Entertainment
2336,Utilities,2022-04-18,562.05,Home
2337,Surgery,2022-04-28,2494.83,Medical
2338,Taxi,2022-04-28,4515.16,Transportation
2339,Train Ticket,2022-04-18,466.44,Transportation
2340,Mortgage,2022-04-07,9126.1,Home
2341,Socks,2022-04-10,6780.04,Clothing
2342,Hospital,2022-04-25,9575.71,Medical
2343,Bar,2022-04-02,7143.09,Entertainment
2344,Vaccine,2022-04-17,7074.44,Medical
2345,Jacket,2022-04-22,4817.74,Clothing
2346,Toll,2022-04-23,5968.07,Transportation
2347,Tuition,2022-04-28,253.21,Education
2348,Vaccine,2022-04-12,3902.23,Medical
2349,Shoes,2022-04-10,3653.2,Clothing
2350,Internet,2022-04-26,115.11,Communication
2351,Seminar,2022-04-27,9518.68,Education
2352,Dress,2022-04-18,8609.09,Clothing
2353,Laundry,2022-04-21,6053.76,Others
2354,Medicine,2022-04-06,63.72,Medical
2355,Workshop,2022-04-04,7426.79,Education
2356,SIM Card,2022-04-17,3428.42,Communication
2357,Repair,2022-04-11,8780.82,Home
2358,VPN,2022-04-26,3080.32,Communication
2359,Subway,2022-04-13,2420.96,Transportation
2360,Yoga,2022-04-28,3551.31,Sports
2361,Messenger App,2022-04-01,6167.05,Communication
2362,Pet,2022-04-16,434.48,Others
2363,Scarf,2022-04-09,1634.66,Clothing
2364,Jacket,2022-04-05,914.96,Clothing
2365,Socks,2022-04-17,2845.02,Clothing
2366,Library Fee,2022-04-23,8334.2,Education
2367,Books,2022-04-19,9248.9,Education
2368,Stationery,2022-04-24,3892.19,Education
2369,Luggage,2022-04-22,5170.43,Travel
2370,Taxi,2022-04-03,9507.34,Transportation
2371,Appliance,2022-04-25,1277.35,Home
2372,Fast Food,2022-04-12,1327.02,Food
2373,Internet,2022-04-12,5355.1,Communication
2374,Lottery,2022-04-22,7120.28,Others
2375,Storage,2022-04-10,7017.42,Others
2376,Subway,2022-04-19,4876.3,Transportation
2377,Subway,2022-04-28,1903.15,Transportation
2378,Sweater,2022-04-23,2327.07,Clothing
2379,Lunch,2022-04-07,1975.52,Food
2380,KTV,2022-04-23,4196.12,Entertainment
2381,Football,2022-04-27,4782.0,Sports
2382,Socks,2022-04-12,7390.66,Clothing
2383,Rental Car,2022-04-12,7231.51,Travel
2384,Surgery,2022-04-13,504.1,Medical
2385,Data Plan,2022-04-26,133.93,Communication
2386,Library Fee,2022-04-03,3745.66,Education
2387,Game,2022-04-28,3949.78,Entertainment
2388,Books,2022-04-12,8042.73,Education
2389,Repair,2022-04-06,7523.6,Home
2390,Lunch,2022-04-13,3231.07,Food
2391,Stationery,2022-04-06,344.59,Education
2392,Repair,2022-04-02,3774.2,Home
2393,Bus,2022-04-25,4398.97,Transportation
2394,Taxi,2022-04-19,5868.25,Travel
2395,Socks,2022-04-22,5610.21,Clothing
2396,Suit,2022-04-14,8824.92,Clothing
2397,Breakfast,2022-04-16,1396.34,Food
2398,VPN,2022-04-14,5712.69,Communication
2399,Exhibition,2022-04-13,719.57,Entertainment
2400,Storage,2022-04-09,3785.69,Others
2401,Rental Car,2022-05-20,8958.4,Travel
2402,Mobile Recharge,2022-05-22,8435.12,Communication
2403,Appliance,2022-05-14,8775.25,Home
2404,Dinner,2022-05-21,6646.0,Food
2405,Surgery,2022-05-03,4725.81,Medical
2406,Sweater,2022-05-04,3506.61,Clothing
2407,Training,2022-05-21,6754.99,Education
2408,Breakfast,2022-05-28,2627.48,Food
2409,Stationery,2022-05-18,1259.79,Education
2410,Roaming,2022-05-21,7260.55,Communication
2411,Pants,2022-05-25,3517.73,Clothing
2412,Fitness Class,2022-05-24,4410.65,Sports
2413,Basketball,2022-05-01,7843.19,Sports
2414,Toll,2022-05-05,6077.13,Transportation
2415,Hospital,2022-05-27,5168.49,Medical
2416,Pet,2022-05-01,6977.59,Others
2417,Seminar,2022-05-15,235.08,Education
2418,Lottery,2022-05-08,7081.0,Others
2419,Cycling,2022-05-20,9255.86,Sports
2420,Train,2022-05-01,6793.56,Travel
2421,Therapy,2022-05-20,2810.09,Medical
2422,Phone Bill,2022-05-15,7787.53,Communication
2423,Fine,2022-05-15,2711.58,Others
2424,Books,2022-05-16,2283.24,Education
2425,Medicine,2022-05-20,4552.3,Medical
2426,VPN,2022-05-02,7204.29,Communication
2427,Fax,2022-05-24,3526.55,Communication
2428,Eye Exam,2022-05-17,1531.55,Medical
2429,Nightclub,2022-05-23,2720.23,Entertainment
2430,Socks,2022-05-07,7703.88,Clothing
2431,Miscellaneous,2022-05-24,9706.11,Others
2432,Lottery,2022-05-26,4589.36,Others
2433,Taxi,2022-05-12,9110.4,Travel
2434,Tennis,2022-05-06,7099.5,Sports
2435,Movie,2022-05-27,1582.06,Entertainment
2436,Security,2022-05-11,8155.3,Home
2437,Data Plan,2022-05-06,9965.17,Communication
2438,SIM Card,2022-05-07,7137.99,Communication
2439,Snacks,2022-05-24,9553.37,Food
2440,Fuel,2022-05-25,4199.76,Transportation
2441,Nightclub,2022-05-28,9284.34,Entertainment
2442,Rental Car,2022-05-27,9787.2,Travel
2443,Game,2022-05-23,4121.79,Entertainment
2444,Equipment,2022-05-02,1449.82,Sports
2445,Equipment,2022-05-21,8244.32,Sports
2446,Vaccine,2022-05-16,6762.88,Medical
2447,Car Maintenance,2022-05-25,4252.8,Transportation
2448,Vaccine,2022-05-03,9079.65,Medical
2449,Hospital,2022-05-07,3650.13,Medical
2450,Books,2022-05-17,2447.25,Education
2451,Insurance,2022-05-20,2794.45,Medical
2452,Shirt,2022-05-11,1693.59,Clothing
2453,Hospital,2022-05-01,6305.45,Medical
2454,SIM Card,2022-05-06,752.38,Communication
2455,Fast Food,2022-05-08,5420.39,Food
2456,Training,2022-05-18,9863.01,Education
2457,Tennis,2022-05-07,7660.4,Sports
2458,Game,2022-05-06,1044.28,Entertainment
2459,Bus,2022-05-19,5384.71,Transportation
2460,Tuition,2022-05-12,4363.61,Education
2461,Shoes,2022-05-21,4541.71,Clothing
2462,Fitness Class,2022-05-22,8759.71,Sports
2463,Doctor Visit,2022-05-04,260.26,Medical
2464,Amusement Park,2022-05-12,5361.9,Entertainment
2465,Appliance,2022-05-28,6640.53,Home
2466,Vaccine,2022-05-08,4000.29,Medical
2467,Hotel,2022-05-26,3074.17,Travel
2468,Running,2022-05-19,4218.03,Sports
2469,Travel Guide,2022-05-01,7783.7,Travel
2470,Train,2022-05-07,7913.65,Travel
2471,Sweater,2022-05-17,659.52,Clothing
2472,Game,2022-05-05,1694.45,Entertainment
2473,Bar,2022-05-19,6927.53,Entertainment
2474,Gift,2022-05-17,5595.23,Others
2475,Furniture,2022-05-26,6397.48,Home
2476,Train,2022-05-20,6731.67,Travel
2477,Luggage,2022-05-03,5672.34,Travel
2478,Therapy,2022-05-14,533.64,Medical
2479,Basketball,2022-05-09,9963.87,Sports
2480,Online Course,2022-05-10,2895.84,Education
2481,Library Fee,2022-05-08,939.39,Education
2482,Repair,2022-05-03,1599.59,Home
2483,Stationery,2022-05-25,3759.76,Education
2484,Basketball,2022-05-09,8335.79,Sports
2485,Exhibition,2022-05-03,2363.44,Entertainment
2486,Toll,2022-05-13,1676.35,Transportation
2487,Health Check,2022-05-09,9678.04,Medical
2488,Subscription,2022-05-27,2347.84,Others
2489,VPN,2022-05-12,4441.74,Communication
2490,Doctor Visit,2022-05-04,5396.43,Medical
2491,Running,2022-05-05,4700.52,Sports
2492,Security,2022-05-21,7103.18,Home
2493,Utilities,2022-05-28,6392.56,Home
2494,Miscellaneous,2022-05-23,9447.94,Others
2495,Pants,2022-05-10,5434.21,Clothing
2496,Fine,2022-05-25,5168.35,Others
2497,Furniture,2022-05-25,6594.02,Home
2498,Fax,2022-05-24,207.34,Communication
2499,Pet,2022-05-01,8321.0,Others
2500,Donation,2022-05-15,1607.23,Others
2501,Socks,2022-06-12,4222.55,Clothing
2502,Utilities,2022-06-12,3923.55,Home
2503,Messenger App,2022-06-27,5451.24,Communication
2504,Exhibition,2022-06-23,8796.92,Entertainment
2505,Bar,2022-06-18,4099.94,Entertainment
2506,Roaming,2022-06-03,8802.35,Communication
2507,Books,2022-06-01,7474.89,Education
2508,Bus,2022-06-16,1361.71,Transportation
2509,SIM Card,2022-06-07,699.36,Communication
2510,Roaming,2022-06-01,4741.58,Communication
2511,Hotel,2022-06-23,5642.84,Travel
2512,Lottery,2022-06-04,6765.79,Others
2513,Internet,2022-06-15,9835.48,Home
2514,Jacket,2022-06-05,1104.87,Clothing
2515,Snacks,2022-06-18,3441.38,Food
2516,Dental,2022-06-21,5389.46,Medical
2517,Library Fee,2022-06-11,9844.79,Education
2518,Delivery,2022-06-04,3626.92,Food
2519,Cycling,2022-06-20,4503.01,Sports
2520,Library Fee,2022-06-21,4127.35,Education
2521,Luggage,2022-06-16,8372.32,Travel
2522,Rental Car,2022-06-14,6714.63,Travel
2523,Lecture,2022-06-09,1618.29,Education
2524,Delivery,2022-06-08,8430.13,Food
2525,Theater,2022-06-17,5368.49,Entertainment
2526,Health Check,2022-06-27,9235.02,Medical
2527,Books,2022-06-28,966.7,Education
2528,Running,2022-06-02,9247.12,Sports
2529,Phone Bill,2022-06-21,8206.23,Communication
2530,Shoes,2022-06-07,7224.78,Clothing
2531,Bicycle,2022-06-05,1308.21,Transportation
2532,Hospital,2022-06-18,405.94,Medical
2533,Breakfast,2022-06-23,2691.68,Food
2534,Internet,2022-06-14,2901.56,Communication
2535,Messenger App,2022-06-27,5199.66,Communication
2536,Football,2022-06-18,824.46,Sports
2537,Lecture,2022-06-12,586.0,Education
2538,Lecture,2022-06-24,5099.27,Education
2539,Doctor Visit,2022-06-28,8218.55,Medical
2540,Train,2022-06-11,2571.77,Travel
2541,Rental Car,2022-06-15,6720.31,Travel
2542,Calling Card,2022-06-16,4572.31,Communication
2543,Roaming,2022-06-07,6844.04,Communication
2544,Dental,2022-06-05,8723.02,Medical
2545,Surgery,2022-06-02,71.69,Medical
2546,Fine,2022-06-10,6220.82,Others
2547,Health Check,2022-06-10,4590.15,Medical
2548,Taxi,2022-06-19,4529.2,Transportation
2549,Hotel,2022-06-16,6498.02,Travel
2550,Socks,2022-06-19,2565.22,Clothing
2551,Basketball,2022-06-14,3992.51,Sports
2552,Lottery,2022-06-02,3873.84,Others
2553,Appliance,2022-06-22,9927.74,Home
2554,Repair,2022-06-20,4390.9,Home
2555,Library Fee,2022-06-17,7753.21,Education
2556,Subscription,2022-06-11,7472.65,Others
2557,Concert,2022-06-05,232.4,Entertainment
2558,Online Course,2022-06-26,3659.97,Education
2559,Doctor Visit,2022-06-15,225.09,Medical
2560,Phone Bill,2022-06-24,9322.7,Communication
2561,Sweater,2022-06-18,5259.33,Clothing
2562,Groceries,2022-06-15,4614.42,Food
2563,Miscellaneous,2022-06-16,1099.02,Others
2564,Groceries,2022-06-10,2216.72,Food
2565,Dress,2022-06-28,3329.39,Clothing
2566,Swimming,2022-06-16,220.02,Sports
2567,Taxi,2022-06-24,6510.81,Travel
2568,Stationery,2022-06-20,1202.05,Education
2569,Lottery,2022-06-17,7905.97,Others
2570,Lottery,2022-06-27,6379.29,Others
2571,Miscellaneous,2022-06-15,1152.4,Others
2572,Internet,2022-06-27,8981.31,Communication
2573,Luggage,2022-06-11,1817.92,Travel
2574,Online Course,2022-06-25,6831.82,Education
2575,Yoga,2022-06-21,7841.19,Sports
2576,Fast Food,2022-06-08,3392.06,Food
2577,Roaming,2022-06-06,3736.61,Communication
2578,Taxi,2022-06-06,491.64,Transportation
2579,Mobile Recharge,2022-06-15,4738.85,Communication
2580,Health Check,2022-06-15,1689.6,Medical
2581,Cycling,2022-06-20,8943.65,Sports
2582,Gym,2022-06-26,8051.52,Sports
2583,Lecture,2022-06-20,7041.73,Education
2584,Lunch,2022-06-21,489.76,Food
2585,Fax,2022-06-23,2158.99,Communication
2586,Donation,2022-06-20,2304.57,Others
2587,Football,2022-06-04,8668.52,Sports
2588,Gym,2022-06-07,277.75,Sports
2589,Game,2022-06-18,9540.9,Entertainment
2590,Tennis,2022-06-09,1542.38,Sports
2591,KTV,2022-06-14,5487.81,Entertainment
2592,Bar,2022-06-13,1227.04,Entertainment
2593,Lecture,2022-06-24,4597.68,Education
2594,Furniture,2022-06-23,8974.88,Home
2595,Toll,2022-06-22,5011.98,Transportation
2596,Amusement Park,2022-06-09,8706.68,Entertainment
2597,Hat,2022-06-04,208.74,Clothing
2598,Restaurant,2022-06-01,3503.2,Food
2599,Basketball,2022-06-22,5894.71,Sports
2600,Vaccine,2022-06-26,6819.49,Medical
2601,Ride Share,2022-07-24,7431.14,Transportation
2602,Visa Fee,2022-07-09,5438.4,Travel
2603,Eye Exam,2022-07-21,5052.24,Medical
2604,Pants,2022-07-11,2373.78,Clothing
2605,Cycling,2022-07-20,2678.22,Sports
2606,Coffee,2022-07-11,1117.42,Food
2607,Dinner,2022-07-23,4031.38,Food
2608,Luggage,2022-07-16,883.55,Travel
2609,Roaming,2022-07-23,1354.86,Communication
2610,Bar,2022-07-01,7461.13,Entertainment
2611,Rent,2022-07-15,6135.84,Home
2612,Repair,2022-07-27,9664.37,Home
2613,Groceries,2022-07-27,2598.81,Food
2614,Jacket,2022-07-13,4159.8,Clothing
2615,Running,2022-07-21,5199.04,Sports
2616,Cleaning,2022-07-06,1566.37,Home
2617,Fax,2022-07-12,8507.04,Communication
2618,Donation,2022-07-08,8927.9,Others
2619,Tuition,2022-07-04,3131.45,Education
2620,Mortgage,2022-07-23,6550.53,Home
2621,Rental Car,2022-07-01,863.59,Travel
2622,Car Maintenance,2022-07-27,4653.72,Transportation
2623,Doctor Visit,2022-07-22,1498.56,Medical
2624,Vaccine,2022-07-02,3656.1,Medical
2625,Health Check,2022-07-16,2426.55,Medical
2626,Library Fee,2022-07-03,1960.98,Education
2627,Breakfast,2022-07-17,5687.03,Food
2628,Bar,2022-07-07,3762.65,Entertainment
2629,Seminar,2022-07-12,4283.32,Education
2630,Dinner,2022-07-05,9252.77,Food
2631,Travel Insurance,2022-07-02,3675.26,Travel
2632,Game,2022-07-15,7848.45,Entertainment
2633,Lunch,2022-07-17,8168.72,Food
2634,Fitness Class,2022-07-01,6243.91,Sports
2635,Library Fee,2022-07-26,7453.99,Education
2636,Football,2022-07-09,5526.72,Sports
2637,Internet,2022-07-06,9324.93,Communication
2638,Fast Food,2022-07-15,2768.32,Food
2639,Lunch,2022-07-14,7324.19,Food
2640,Delivery,2022-07-26,6267.99,Food
2641,Delivery,2022-07-20,783.55,Food
2642,Dress,2022-07-19,2042.64,Clothing
2643,Workshop,2022-07-01,5110.25,Education
2644,SIM Card,2022-07-11,8087.97,Communication
2645,SIM Card,2022-07-15,3937.84,Communication
2646,Car Maintenance,2022-07-03,4469.45,Transportation
2647,Nightclub,2022-07-27,8018.81,Entertainment
2648,Streaming Service,2022-07-14,9506.43,Entertainment
2649,Stationery,2022-07-09,3743.71,Education
2650,Lunch,2022-07-27,9511.4,Food
2651,Suit,2022-07-23,1247.43,Clothing
2652,Bar,2022-07-04,5089.03,Entertainment
2653,Parking,2022-07-11,3030.94,Transportation
2654,Breakfast,2022-07-08,6382.23,Food
2655,Pet,2022-07-19,2575.65,Others
2656,Groceries,2022-07-18,1956.94,Food
2657,Books,2022-07-04,4744.97,Education
2658,Bicycle,2022-07-12,2711.57,Transportation
2659,Suit,2022-07-15,3029.75,Clothing
2660,Hotel,2022-07-10,6154.26,Travel
2661,Messenger App,2022-07-22,2170.66,Communication
2662,Visa Fee,2022-07-14,7730.3,Travel
2663,Medicine,2022-07-06,5614.71,Medical
2664,Train,2022-07-28,6942.33,Travel
2665,Furniture,2022-07-28,7539.8,Home
2666,Health Check,2022-07-08,6332.92,Medical
2667,Doctor Visit,2022-07-24,9161.89,Medical
2668,Cleaning,2022-07-25,694.88,Home
2669,Data Plan,2022-07-10,4025.82,Communication
2670,Jacket,2022-07-13,2652.92,Clothing
2671,Fax,2022-07-07,6418.02,Communication
2672,Lottery,2022-07-06,7656.17,Others
2673,Dinner,2022-07-16,1123.05,Food
2674,Fuel,2022-07-23,301.32,Transportation
2675,Rent,2022-07-14,7443.56,Home
2676,Fuel,2022-07-10,9576.35,Transportation
2677,Delivery,2022-07-02,3131.89,Food
2678,Running,2022-07-25,6868.81,Sports
2679,Travel Guide,2022-07-03,5792.23,Travel
2680,Miscellaneous,2022-07-23,2724.91,Others
2681,Messenger App,2022-07-12,3399.18,Communication
2682,Subscription,2022-07-23,3660.07,Others
2683,Medicine,2022-07-12,8644.53,Medical
2684,Train,2022-07-06,7825.88,Travel
2685,Bar,2022-07-25,5289.12,Entertainment
2686,Decor,2022-07-21,7235.02,Home
2687,Yoga,2022-07-09,5322.73,Sports
2688,Basketball,2022-07-01,3711.54,Sports
2689,Internet,2022-07-13,6149.67,Communication
2690,Snacks,2022-07-05,4769.81,Food
2691,Concert,2022-07-25,5509.73,Entertainment
2692,SIM Card,2022-07-03,5085.98,Communication
2693,Tuition,2022-07-24,9809.13,Education
2694,Cleaning,2022-07-15,1188.99,Home
2695,Taxi,2022-07-03,8935.52,Travel
2696,Calling Card,2022-07-20,5125.91,Communication
2697,Exam Fee,2022-07-06,9290.42,Education
2698,Hotel,2022-07-18,4215.5,Travel
2699,Fitness Class,2022-07-26,4312.66,Sports
2700,Donation,2022-07-11,4048.21,Others
2701,Groceries,2022-08-05,5431.86,Food
2702,Visa Fee,2022-08-07,2549.98,Travel
2703,Vaccine,2022-08-17,3831.02,Medical
2704,Laundry,2022-08-02,6946.73,Others
2705,Scarf,2022-08-02,6038.52,Clothing
2706,Coffee,2022-08-17,2081.46,Food
2707,Toll,2022-08-10,2960.89,Transportation
2708,Lottery,2022-08-01,2290.84,Others
2709,Health Check,2022-08-20,8256.49,Medical
2710,Sweater,2022-08-18,3054.2,Clothing
2711,Fuel,2022-08-13,3565.1,Transportation
2712,Tennis,2022-08-02,6230.47,Sports
2713,Shoes,2022-08-25,1355.38,Clothing
2714,Coffee,2022-08-11,6330.5,Food
2715,Training,2022-08-24,2032.7,Education
2716,Sweater,2022-08-23,5661.71,Clothing
2717,Visa Fee,2022-08-22,1690.73,Travel
2718,Groceries,2022-08-02,4406.33,Food
2719,Bus,2022-08-06,9779.63,Transportation
2720,Bus,2022-08-08,1638.84,Transportation
2721,Breakfast,2022-08-11,260.74,Food
2722,Hotel,2022-08-18,2855.06,Travel
2723,Car Maintenance,2022-08-15,4384.06,Transportation
2724,Socks,2022-08-09,1872.8,Clothing
2725,Calling Card,2022-08-02,2664.03,Communication
2726,Surgery,2022-08-09,2148.22,Medical
2727,Fitness Class,2022-08-24,189.16,Sports
2728,Fax,2022-08-13,8201.14,Communication
2729,Laundry,2022-08-27,768.98,Others
2730,Hotel,2022-08-20,6844.13,Travel
2731,Visa Fee,2022-08-16,6520.04,Travel
2732,Stationery,2022-08-03,5727.19,Education
2733,SIM Card,2022-08-01,7008.83,Communication
2734,Breakfast,2022-08-09,4232.02,Food
2735,Fitness Class,2022-08-19,5030.3,Sports
2736,Lottery,2022-08-18,7750.93,Others
2737,Tour Package,2022-08-06,5005.74,Travel
2738,Workshop,2022-08-02,2755.65,Education
2739,Fitness Class,2022-08-28,9818.32,Sports
2740,Delivery,2022-08-24,4360.16,Food
2741,Fuel,2022-08-21,5641.58,Transportation
2742,Travel Insurance,2022-08-11,3219.6,Travel
2743,Lecture,2022-08-22,8614.77,Education
2744,Pet,2022-08-22,6938.83,Others
2745,Rent,2022-08-28,4124.73,Home
2746,Running,2022-08-13,4580.57,Sports
2747,Gym,2022-08-01,8181.84,Sports
2748,Shirt,2022-08-27,8300.6,Clothing
2749,Eye Exam,2022-08-19,3383.15,Medical
2750,KTV,2022-08-11,7646.13,Entertainment
2751,Game,2022-08-06,4639.24,Entertainment
2752,Surgery,2022-08-09,7170.18,Medical
2753,Online Course,2022-08-02,6965.2,Education
2754,Medicine,2022-08-14,6351.88,Medical
2755,Football,2022-08-24,2706.33,Sports
2756,Toll,2022-08-12,2021.04,Transportation
2757,Appliance,2022-08-18,5458.35,Home
2758,Running,2022-08-02,9944.46,Sports
2759,Internet,2022-08-25,7400.06,Home
2760,Workshop,2022-08-27,54.68,Education
2761,Storage,2022-08-26,5943.49,Others
2762,Mortgage,2022-08-09,7107.21,Home
2763,Cycling,2022-08-12,3374.32,Sports
2764,Dental,2022-08-11,2734.84,Medical
2765,Bakery,2022-08-22,5929.62,Food
2766,Sweater,2022-08-05,258.22,Clothing
2767,Taxi,2022-08-10,3437.52,Travel
2768,Workshop,2022-08-17,5711.52,Education
2769,Pants,2022-08-24,4832.26,Clothing
2770,Train Ticket,2022-08-04,8516.81,Transportation
2771,Streaming Service,2022-08-16,3200.8,Entertainment
2772,Taxi,2022-08-12,4803.24,Transportation
2773,Travel Guide,2022-08-06,1376.92,Travel
2774,Travel Guide,2022-08-19,5529.58,Travel
2775,Cleaning,2022-08-12,2259.06,Home
2776,Calling Card,2022-08-13,6984.45,Communication
2777,Fuel,2022-08-22,388.75,Transportation
2778,Surgery,2022-08-27,7220.45,Medical
2779,Nightclub,2022-08-26,2637.52,Entertainment
2780,Bus,2022-08-16,2802.92,Transportation
2781,Suit,2022-08-03,9801.93,Clothing
2782,Roaming,2022-08-13,4096.69,Communication
2783,SIM Card,2022-08-20,9434.19,Communication
2784,Travel Guide,2022-08-01,2237.73,Travel
2785,KTV,2022-08-20,4489.12,Entertainment
2786,Therapy,2022-08-22,8906.16,Medical
2787,Lottery,2022-08-12,1761.88,Others
2788,Taxi,2022-08-03,8785.37,Transportation
2789,Seminar,2022-08-25,745.19,Education
2790,Parking,2022-08-17,3261.39,Transportation
2791,Train Ticket,2022-08-14,5329.42,Transportation
2792,Tuition,2022-08-28,961.6,Education
2793,Dinner,2022-08-06,7109.99,Food
2794,Messenger App,2022-08-11,8240.54,Communication
2795,Jacket,2022-08-24,9646.3,Clothing
2796,Mobile Recharge,2022-08-27,2144.98,Communication
2797,Delivery,2022-08-28,5912.54,Food
2798,Swimming,2022-08-24,1346.45,Sports
2799,Visa Fee,2022-08-12,2956.0,Travel
2800,Surgery,2022-08-01,9341.86,Medical
2801,Equipment,2022-09-15,94.26,Sports
2802,Pants,2022-09-09,8322.09,Clothing
2803,Data Plan,2022-09-26,664.2,Communication
2804,Bar,2022-09-13,8498.59,Entertainment
2805,Mortgage,2022-09-04,2397.97,Home
2806,Bicycle,2022-09-06,3801.72,Transportation
2807,Amusement Park,2022-09-02,4173.98,Entertainment
2808,Fine,2022-09-25,8918.23,Others
2809,Exhibition,2022-09-17,8278.79,Entertainment
2810,KTV,2022-09-19,9781.14,Entertainment
2811,Lottery,2022-09-10,305.34,Others
2812,Dental,2022-09-16,3647.15,Medical
2813,Vaccine,2022-09-17,4972.31,Medical
2814,Nightclub,2022-09-03,3003.68,Entertainment
2815,Breakfast,2022-09-16,8736.31,Food
2816,Bar,2022-09-17,3319.07,Entertainment
2817,Miscellaneous,2022-09-28,3930.77,Others
2818,Gift,2022-09-04,1267.17,Others
2819,Internet,2022-09-08,3722.04,Communication
2820,Flight,2022-09-13,1671.61,Travel
2821,Shirt,2022-09-22,4624.24,Clothing
2822,Suit,2022-09-19,1115.9,Clothing
2823,Streaming Service,2022-09-02,2845.74,Entertainment
2824,Hotel,2022-09-02,5015.01,Travel
2825,Hat,2022-09-20,5066.56,Clothing
2826,Dinner,2022-09-04,3446.09,Food
2827,Tour Package,2022-09-05,9019.59,Travel
2828,Therapy,2022-09-10,6753.45,Medical
2829,Mortgage,2022-09-16,2247.7,Home
2830,Subway,2022-09-26,4428.1,Transportation
2831,Train Ticket,2022-09-06,1085.15,Transportation
2832,Decor,2022-09-14,9985.08,Home
2833,Medicine,2022-09-08,4467.49,Medical
2834,Decor,2022-09-08,8332.2,Home
2835,VPN,2022-09-23,9181.85,Communication
2836,Insurance,2022-09-13,7092.23,Medical
2837,Movie,2022-09-12,1803.47,Entertainment
2838,Suit,2022-09-16,5649.12,Clothing
2839,Gift,2022-09-06,8920.92,Others
2840,Bicycle,2022-09-14,5925.86,Transportation
2841,Stationery,2022-09-19,1580.38,Education
2842,Lecture,2022-09-02,3348.45,Education
2843,Game,2022-09-01,4481.3,Entertainment
2844,Fitness Class,2022-09-24,2000.99,Sports
2845,Subway,2022-09-15,5049.62,Transportation
2846,Concert,2022-09-22,2294.42,Entertainment
2847,Lunch,2022-09-22,6094.95,Food
2848,Decor,2022-09-11,7502.9,Home
2849,Phone Bill,2022-09-04,2998.88,Communication
2850,Streaming Service,2022-09-14,8603.69,Entertainment
2851,Bicycle,2022-09-11,6660.09,Transportation
2852,Therapy,2022-09-21,8151.89,Medical
2853,Laundry,2022-09-22,4413.11,Others
2854,Subscription,2022-09-09,4711.45,Others
2855,Lunch,2022-09-21,9078.05,Food
2856,Swimming,2022-09-11,8835.66,Sports
2857,Parking,2022-09-18,8650.99,Transportation
2858,Bar,2022-09-01,3256.43,Entertainment
2859,Toll,2022-09-24,230.56,Transportation
2860,Restaurant,2022-09-23,3690.39,Food
2861,Game,2022-09-01,3241.11,Entertainment
2862,Train,2022-09-21,4203.26,Travel
2863,Bus,2022-09-13,3986.08,Transportation
2864,Training,2022-09-07,8519.97,Education
2865,KTV,2022-09-26,7645.01,Entertainment
2866,Cleaning,2022-09-23,9051.43,Home
2867,Insurance,2022-09-27,4896.87,Medical
2868,Tuition,2022-09-09,2096.83,Education
2869,Travel Insurance,2022-09-09,4647.35,Travel
2870,Coffee,2022-09-27,1592.03,Food
2871,Lottery,2022-09-02,2302.32,Others
2872,Pants,2022-09-23,9917.09,Clothing
2873,Cycling,2022-09-24,9590.69,Sports
2874,Medicine,2022-09-18,1302.09,Medical
2875,Yoga,2022-09-21,7876.55,Sports
2876,Donation,2022-09-15,8297.84,Others
2877,Fast Food,2022-09-13,220.0,Food
2878,Luggage,2022-09-27,6511.0,Travel
2879,Travel Guide,2022-09-16,629.2,Travel
2880,Gym,2022-09-06,2243.52,Sports
2881,Amusement Park,2022-09-27,4337.69,Entertainment
2882,Lunch,2022-09-11,6859.26,Food
2883,Visa Fee,2022-09-21,1124.89,Travel
2884,KTV,2022-09-15,7202.08,Entertainment
2885,Pants,2022-09-03,7992.98,Clothing
2886,Bus,2022-09-19,6003.09,Transportation
2887,Subscription,2022-09-22,4053.31,Others
2888,Tips,2022-09-01,7010.18,Others
2889,Parking,2022-09-27,3083.83,Transportation
2890,Tuition,2022-09-03,130.75,Education
2891,Books,2022-09-01,1641.76,Education
2892,Online Course,2022-09-10,9560.26,Education
2893,Dental,2022-09-20,2945.3,Medical
2894,Train,2022-09-22,7380.72,Travel
2895,Running,2022-09-18,831.82,Sports
2896,Mortgage,2022-09-24,3353.6,Home
2897,Fuel,2022-09-03,9917.77,Transportation
2898,Luggage,2022-09-22,7327.84,Travel
2899,Internet,2022-09-09,6965.09,Communication
2900,Scarf,2022-09-27,1642.3,Clothing
2901,Flight,2022-10-22,7621.38,Travel
2902,Utilities,2022-10-19,411.45,Home
2903,Lottery,2022-10-27,1295.18,Others
2904,Shoes,2022-10-07,462.37,Clothing
2905,Dress,2022-10-24,7671.78,Clothing
2906,VPN,2022-10-23,7419.98,Communication
2907,Internet,2022-10-25,2398.05,Home
2908,Surgery,2022-10-04,6620.9,Medical
2909,Lunch,2022-10-18,6382.5,Food
2910,Stationery,2022-10-08,529.18,Education
2911,Training,2022-10-20,2612.77,Education
2912,Basketball,2022-10-25,7419.05,Sports
2913,Lecture,2022-10-20,8149.41,Education
2914,Books,2022-10-23,6865.73,Education
2915,Subscription,2022-10-09,5295.16,Others
2916,Dinner,2022-10-23,8629.85,Food
2917,Bicycle,2022-10-14,9863.84,Transportation
2918,Fine,2022-10-26,9707.75,Others
2919,Luggage,2022-10-13,5155.04,Travel
2920,Hat,2022-10-21,5961.42,Clothing
2921,Scarf,2022-10-04,6036.96,Clothing
2922,Doctor Visit,2022-10-04,7500.3,Medical
2923,Vaccine,2022-10-23,8660.61,Medical
2924,Streaming Service,2022-10-11,6976.3,Entertainment
2925,Vaccine,2022-10-06,4260.52,Medical
2926,Theater,2022-10-26,4628.23,Entertainment
2927,Internet,2022-10-16,8502.36,Communication
2928,Insurance,2022-10-01,8925.96,Medical
2929,Fax,2022-10-10,2091.5,Communication
2930,Sweater,2022-10-12,4232.29,Clothing
2931,Tour Package,2022-10-26,6950.23,Travel
2932,Rental Car,2022-10-15,1241.65,Travel
2933,Tour Package,2022-10-11,5659.18,Travel
2934,Taxi,2022-10-03,5665.24,Transportation
2935,Shoes,2022-10-13,5062.9,Clothing
2936,Luggage,2022-10-16,5008.74,Travel
2937,Hospital,2022-10-19,7596.99,Medical
2938,Equipment,2022-10-02,5792.18,Sports
2939,Fine,2022-10-19,4005.95,Others
2940,Miscellaneous,2022-10-03,7166.11,Others
2941,Medicine,2022-10-14,3796.19,Medical
2942,Hospital,2022-10-21,299.88,Medical
2943,Scarf,2022-10-15,2899.91,Clothing
2944,Training,2022-10-25,5610.13,Education
2945,Books,2022-10-01,597.41,Education
2946,Socks,2022-10-24,4816.4,Clothing
2947,Scarf,2022-10-28,3666.58,Clothing
2948,VPN,2022-10-26,6258.8,Communication
2949,Surgery,2022-10-28,7244.69,Medical
2950,Restaurant,2022-10-15,9441.3,Food
2951,Laundry,2022-10-21,7667.27,Others
2952,Security,2022-10-03,7775.38,Home
2953,Exam Fee,2022-10-05,4388.28,Education
2954,Training,2022-10-23,9445.2,Education
2955,Bakery,2022-10-14,499.04,Food
2956,Eye Exam,2022-10-25,1107.39,Medical
2957,Concert,2022-10-19,5026.3,Entertainment
2958,Training,2022-10-21,9682.38,Education
2959,Data Plan,2022-10-19,545.69,Communication
2960,Gym,2022-10-17,88.81,Sports
2961,Furniture,2022-10-16,5349.61,Home
2962,Tour Package,2022-10-08,4382.25,Travel
2963,Decor,2022-10-26,6551.24,Home
2964,Dress,2022-10-24,8586.08,Clothing
2965,Lottery,2022-10-21,2954.37,Others
2966,Laundry,2022-10-15,881.85,Others
2967,Messenger App,2022-10-08,2908.71,Communication
2968,Cleaning,2022-10-16,2855.92,Home
2969,Security,2022-10-02,8716.45,Home
2970,Mobile Recharge,2022-10-13,7881.77,Communication
2971,Messenger App,2022-10-24,4709.28,Communication
2972,Delivery,2022-10-03,4003.88,Food
2973,Furniture,2022-10-01,9964.28,Home
2974,Visa Fee,2022-10-01,8147.26,Travel
2975,Nightclub,2022-10-27,9070.93,Entertainment
2976,Exam Fee,2022-10-28,9950.55,Education
2977,Sweater,2022-10-05,3038.46,Clothing
2978,SIM Card,2022-10-02,1904.16,Communication
2979,Mortgage,2022-10-14,7157.47,Home
2980,Taxi,2022-10-03,8776.79,Travel
2981,Snacks,2022-10-05,4728.97,Food
2982,Hospital,2022-10-09,6242.38,Medical
2983,Bicycle,2022-10-23,49.99,Transportation
2984,Surgery,2022-10-02,4091.68,Medical
2985,Bar,2022-10-22,714.77,Entertainment
2986,Football,2022-10-16,2133.4,Sports
2987,Subway,2022-10-19,2255.04,Transportation
2988,Dress,2022-10-19,7972.98,Clothing
2989,Medicine,2022-10-11,1273.8,Medical
2990,Mobile Recharge,2022-10-01,2242.08,Communication
2991,Taxi,2022-10-12,6259.24,Transportation
2992,Flight,2022-10-13,239.86,Travel
2993,Utilities,2022-10-04,6674.87,Home
2994,Delivery,2022-10-10,8515.77,Food
2995,Cycling,2022-10-17,8895.63,Sports
2996,Nightclub,2022-10-07,5685.23,Entertainment
2997,Mortgage,2022-10-27,5914.12,Home
2998,Jacket,2022-10-24,7938.68,Clothing
2999,Subscription,2022-10-20,6849.03,Others
3000,Rental Car,2022-10-13,1595.42,Travel
3001,Tour Package,2022-11-12,6859.4,Travel
3002,Toll,2022-11-15,1298.76,Transportation
3003,Travel Insurance,2022-11-27,4375.22,Travel
3004,Health Check,2022-11-04,900.79,Medical
3005,Gym,2022-11-20,833.04,Sports
3006,Health Check,2022-11-10,6343.07,Medical
3007,Dental,2022-11-03,3321.53,Medical
3008,KTV,2022-11-25,9601.82,Entertainment
3009,Lecture,2022-11-21,3567.69,Education
3010,Repair,2022-11-25,2136.62,Home
3011,Train Ticket,2022-11-03,1812.39,Transportation
3012,Books,2022-11-02,7080.12,Education
3013,Ride Share,2022-11-27,9769.29,Transportation
3014,Concert,2022-11-09,1300.56,Entertainment
3015,VPN,2022-11-20,7849.51,Communication
3016,Lottery,2022-11-19,3927.33,Others
3017,Taxi,2022-11-06,4842.27,Travel
3018,Miscellaneous,2022-11-19,5086.82,Others
3019,Fitness Class,2022-11-09,4112.82,Sports
3020,Taxi,2022-11-11,8775.02,Travel
3021,Movie,2022-11-17,7084.87,Entertainment
3022,Running,2022-11-01,201.28,Sports
3023,Doctor Visit,2022-11-02,9349.82,Medical
3024,Mobile Recharge,2022-11-22,7114.64,Communication
3025,Fax,2022-11-04,3316.93,Communication
3026,Scarf,2022-11-08,7736.31,Clothing
3027,Medicine,2022-11-06,4962.04,Medical
3028,Bar,2022-11-26,3747.83,Entertainment
3029,Lunch,2022-11-05,8133.34,Food
3030,Yoga,2022-11-26,4578.12,Sports
3031,Donation,2022-11-27,2101.9,Others
3032,Fax,2022-11-27,2190.46,Communication
3033,Health Check,2022-11-24,482.64,Medical
3034,Storage,2022-11-20,7013.66,Others
3035,Luggage,2022-11-18,1070.25,Travel
3036,Surgery,2022-11-06,7486.86,Medical
3037,Tour Package,2022-11-15,1282.41,Travel
3038,Internet,2022-11-28,4808.23,Communication
3039,Tuition,2022-11-06,4299.14,Education
3040,Train,2022-11-09,6219.93,Travel
3041,Miscellaneous,2022-11-17,3279.86,Others
3042,Train Ticket,2022-11-28,5208.56,Transportation
3043,Train Ticket,2022-11-18,9722.7,Transportation
3044,Hotel,2022-11-23,5646.59,Travel
3045,Shoes,2022-11-03,436.08,Clothing
3046,Fast Food,2022-11-18,179.58,Food
3047,Library Fee,2022-11-15,611.71,Education
3048,Dental,2022-11-04,8302.91,Medical
3049,Suit,2022-11-08,7600.62,Clothing
3050,Suit,2022-11-09,3912.92,Clothing
3051,Breakfast,2022-11-01,1022.21,Food
3052,Subscription,2022-11-10,7400.43,Others
3053,Donation,2022-11-08,74.64,Others
3054,Workshop,2022-11-17,7619.37,Education
3055,Snacks,2022-11-28,2034.02,Food
3056,Jacket,2022-11-08,9869.31,Clothing
3057,Basketball,2022-11-08,2594.33,Sports
3058,Doctor Visit,2022-11-06,7185.27,Medical
3059,Flight,2022-11-08,4571.01,Travel
3060,Lunch,2022-11-27,7216.17,Food
3061,Hotel,2022-11-01,2095.04,Travel
3062,Theater,2022-11-27,8522.87,Entertainment
3063,Security,2022-11-20,4645.42,Home
3064,SIM Card,2022-11-05,6568.8,Communication
3065,Laundry,2022-11-10,2873.79,Others
3066,Laundry,2022-11-06,8764.78,Others
3067,Flight,2022-11-11,8024.2,Travel
3068,Doctor Visit,2022-11-24,428.96,Medical
3069,Rental Car,2022-11-22,3515.97,Travel
3070,Luggage,2022-11-13,4952.35,Travel
3071,Security,2022-11-11,4214.8,Home
3072,Car Maintenance,2022-11-16,1776.17,Transportation
3073,Books,2022-11-09,2533.82,Education
3074,Toll,2022-11-05,1517.58,Transportation
3075,Ride Share,2022-11-25,3964.05,Transportation
3076,Appliance,2022-11-05,2612.39,Home
3077,Training,2022-11-08,779.88,Education
3078,Laundry,2022-11-05,8810.36,Others
3079,Seminar,2022-11-17,7053.2,Education
3080,Jacket,2022-11-20,5153.29,Clothing
3081,Online Course,2022-11-12,4652.28,Education
3082,Tuition,2022-11-28,5890.77,Education
3083,Toll,2022-11-25,250.83,Transportation
3084,Equipment,2022-11-04,2794.71,Sports
3085,Theater,2022-11-13,8801.43,Entertainment
3086,Rental Car,2022-11-28,2783.77,Travel
3087,Lecture,2022-11-14,4351.17,Education
3088,Visa Fee,2022-11-28,288.99,Travel
3089,Rental Car,2022-11-28,7889.88,Travel
3090,Ride Share,2022-11-16,3531.66,Transportation
3091,Books,2022-11-16,200.58,Education
3092,Exhibition,2022-11-23,7090.92,Entertainment
3093,Rental Car,2022-11-26,2799.02,Travel
3094,Security,2022-11-27,3493.8,Home
3095,Calling Card,2022-11-27,6645.47,Communication
3096,Groceries,2022-11-21,5977.8,Food
3097,Lecture,2022-11-10,9600.35,Education
3098,Streaming Service,2022-11-18,318.76,Entertainment
3099,Socks,2022-11-01,8358.51,Clothing
3100,Hospital,2022-11-12,2540.03,Medical
3101,Flight,2022-12-09,1544.89,Travel
3102,Doctor Visit,2022-12-15,1910.15,Medical
3103,Pants,2022-12-14,3944.47,Clothing
3104,Seminar,2022-12-26,316.93,Education
3105,Travel Guide,2022-12-25,9677.17,Travel
3106,Messenger App,2022-12-28,5259.96,Communication
3107,Hat,2022-12-21,3814.22,Clothing
3108,Vaccine,2022-12-26,5963.82,Medical
3109,Laundry,2022-12-04,6272.14,Others
3110,Appliance,2022-12-05,2918.23,Home
3111,Mobile Recharge,2022-12-04,8977.53,Communication
3112,SIM Card,2022-12-19,3640.69,Communication
3113,Health Check,2022-12-15,2151.19,Medical
3114,Donation,2022-12-04,518.31,Others
3115,Shirt,2022-12-25,8882.43,Clothing
3116,Luggage,2022-12-02,1504.18,Travel
3117,Tuition,2022-12-10,7549.93,Education
3118,Rental Car,2022-12-23,5974.12,Travel
3119,Fax,2022-12-21,9870.17,Communication
3120,Gift,2022-12-24,1074.51,Others
3121,Decor,2022-12-13,8144.35,Home
3122,Dinner,2022-12-13,1695.02,Food
3123,Tuition,2022-12-11,8569.96,Education
3124,Bakery,2022-12-05,4326.73,Food
3125,Insurance,2022-12-03,4440.98,Medical
3126,Data Plan,2022-12-07,8761.58,Communication
3127,Gift,2022-12-17,5842.15,Others
3128,Utilities,2022-12-14,9307.46,Home
3129,Fine,2022-12-10,9945.15,Others
3130,Breakfast,2022-12-24,4049.56,Food
3131,Doctor Visit,2022-12-24,9236.49,Medical
3132,Cycling,2022-12-05,8129.08,Sports
3133,Equipment,2022-12-07,9866.87,Sports
3134,Lottery,2022-12-19,541.0,Others
3135,Fine,2022-12-03,9175.4,Others
3136,Fine,2022-12-21,4589.47,Others
3137,Bar,2022-12-23,6161.96,Entertainment
3138,Repair,2022-12-18,1867.07,Home
3139,Insurance,2022-12-10,2274.47,Medical
3140,Mobile Recharge,2022-12-12,5363.94,Communication
3141,Shirt,2022-12-24,7027.77,Clothing
3142,Messenger App,2022-12-12,1100.77,Communication
3143,Swimming,2022-12-15,1281.05,Sports
3144,Amusement Park,2022-12-28,4246.38,Entertainment
3145,Bakery,2022-12-20,8715.92,Food
3146,Data Plan,2022-12-02,1287.67,Communication
3147,Furniture,2022-12-25,6356.75,Home
3148,Yoga,2022-12-22,2091.08,Sports
3149,Taxi,2022-12-09,5070.41,Transportation
3150,Subway,2022-12-24,77.88,Transportation
3151,Cycling,2022-12-13,8426.02,Sports
3152,Training,2022-12-04,9341.49,Education
3153,Donation,2022-12-05,5131.03,Others
3154,Yoga,2022-12-02,2964.23,Sports
3155,Gym,2022-12-19,6205.11,Sports
3156,Laundry,2022-12-24,4398.08,Others
3157,Tour Package,2022-12-03,6769.79,Travel
3158,Snacks,2022-12-28,7170.98,Food
3159,Dental,2022-12-08,6688.81,Medical
3160,Tennis,2022-12-12,2873.76,Sports
3161,Tips,2022-12-10,4768.64,Others
3162,Streaming Service,2022-12-22,7994.02,Entertainment
3163,Tips,2022-12-03,5008.02,Others
3164,Therapy,2022-12-28,8278.14,Medical
3165,Rental Car,2022-12-21,2852.11,Travel
3166,Pants,2022-12-24,2441.18,Clothing
3167,Basketball,2022-12-02,8401.26,Sports
3168,Nightclub,2022-12-15,1306.65,Entertainment
3169,Sweater,2022-12-23,9306.88,Clothing
3170,Bakery,2022-12-07,8226.89,Food
3171,Health Check,2022-12-27,7018.79,Medical
3172,Therapy,2022-12-01,9293.43,Medical
3173,Bicycle,2022-12-18,1656.76,Transportation
3174,Hat,2022-12-04,991.5,Clothing
3175,Training,2022-12-07,406.6,Education
3176,Training,2022-12-22,6540.45,Education
3177,Tennis,2022-12-16,4691.39,Sports
3178,Decor,2022-12-22,8477.12,Home
3179,Mortgage,2022-12-28,1305.31,Home
3180,Breakfast,2022-12-24,950.46,Food
3181,Subscription,2022-12-28,2398.44,Others
3182,Tour Package,2022-12-26,3403.94,Travel
3183,Train,2022-12-07,8979.37,Travel
3184,Rental Car,2022-12-13,4570.74,Travel
3185,Gym,2022-12-21,6784.99,Sports
3186,Data Plan,2022-12-20,7528.75,Communication
3187,Exhibition,2022-12-03,9409.83,Entertainment
3188,Furniture,2022-12-20,576.87,Home
3189,Breakfast,2022-12-28,8918.8,Food
3190,Theater,2022-12-23,2448.96,Entertainment
3191,Health Check,2022-12-18,70.1,Medical
3192,Suit,2022-12-12,6518.75,Clothing
3193,Bus,2022-12-27,4064.02,Transportation
3194,Doctor Visit,2022-12-10,1448.42,Medical
3195,Ride Share,2022-12-01,7373.85,Transportation
3196,Equipment,2022-12-23,657.57,Sports
3197,Tennis,2022-12-01,5115.21,Sports
3198,Tennis,2022-12-05,9436.89,Sports
3199,Restaurant,2022-12-06,8294.42,Food
3200,Dental,2022-12-17,8080.24,Medical
3201,Travel Insurance,2023-01-08,9573.52,Travel
3202,Amusement Park,2023-01-28,6746.31,Entertainment
3203,Train Ticket,2023-01-07,7218.19,Transportation
3204,Fast Food,2023-01-13,1858.84,Food
3205,Gift,2023-01-16,5545.76,Others
3206,Fitness Class,2023-01-05,9637.57,Sports
3207,Travel Guide,2023-01-08,1833.27,Travel
3208,Messenger App,2023-01-02,7582.25,Communication
3209,Training,2023-01-17,483.01,Education
3210,Fitness Class,2023-01-24,1874.61,Sports
3211,Surgery,2023-01-15,9643.47,Medical
3212,Movie,2023-01-05,4213.36,Entertainment
3213,Cycling,2023-01-26,2609.78,Sports
3214,Suit,2023-01-12,1949.15,Clothing
3215,Nightclub,2023-01-26,3117.34,Entertainment
3216,Coffee,2023-01-01,7137.19,Food
3217,SIM Card,2023-01-06,6370.23,Communication
3218,Yoga,2023-01-08,2277.5,Sports
3219,Bakery,2023-01-04,5467.56,Food
3220,VPN,2023-01-10,6803.83,Communication
3221,Bus,2023-01-23,7626.13,Transportation
3222,Dental,2023-01-16,9736.92,Medical
3223,Bus,2023-01-17,12.41,Transportation
3224,Utilities,2023-01-06,5899.85,Home
3225,Streaming Service,2023-01-20,270.9,Entertainment
3226,Dental,2023-01-09,539.25,Medical
3227,Repair,2023-01-14,5895.52,Home
3228,Visa Fee,2023-01-01,7919.63,Travel
3229,Vaccine,2023-01-08,5918.8,Medical
3230,Taxi,2023-01-23,4812.01,Transportation
3231,Train Ticket,2023-01-16,6292.75,Transportation
3232,Insurance,2023-01-20,3895.94,Medical
3233,Tennis,2023-01-11,4141.49,Sports
3234,Online Course,2023-01-27,6946.2,Education
3235,Seminar,2023-01-28,7525.19,Education
3236,Eye Exam,2023-01-18,9008.81,Medical
3237,Travel Insurance,2023-01-28,3231.95,Travel
3238,Hospital,2023-01-02,4448.14,Medical
3239,Repair,2023-01-07,3490.86,Home
3240,Exam Fee,2023-01-02,3064.47,Education
3241,Snacks,2023-01-04,5201.35,Food
3242,Hat,2023-01-13,4363.55,Clothing
3243,Laundry,2023-01-03,1302.59,Others
3244,Roaming,2023-01-21,5207.65,Communication
3245,Bus,2023-01-02,4964.84,Transportation
3246,Furniture,2023-01-08,4297.59,Home
3247,Groceries,2023-01-26,4813.6,Food
3248,Subway,2023-01-02,3893.7,Transportation
3249,Tips,2023-01-26,9629.09,Others
3250,Dress,2023-01-02,8346.29,Clothing
3251,Dinner,2023-01-23,3027.84,Food
3252,Running,2023-01-09,1210.74,Sports
3253,Train,2023-01-16,4055.04,Travel
3254,Tour Package,2023-01-01,8844.93,Travel
3255,Workshop,2023-01-25,9086.46,Education
3256,Data Plan,2023-01-09,3034.21,Communication
3257,Coffee,2023-01-24,2681.63,Food
3258,Eye Exam,2023-01-17,4172.98,Medical
3259,Therapy,2023-01-28,1905.86,Medical
3260,Shirt,2023-01-06,7024.04,Clothing
3261,Lecture,2023-01-09,373.44,Education
3262,Scarf,2023-01-07,3038.15,Clothing
3263,Pants,2023-01-10,6506.76,Clothing
3264,Lecture,2023-01-20,7497.69,Education
3265,Suit,2023-01-02,995.12,Clothing
3266,Fax,2023-01-13,7971.45,Communication
3267,Internet,2023-01-24,6240.63,Communication
3268,Furniture,2023-01-19,4902.97,Home
3269,Swimming,2023-01-08,4652.34,Sports
3270,Laundry,2023-01-01,2953.36,Others
3271,Laundry,2023-01-04,1111.22,Others
3272,Gift,2023-01-15,1896.0,Others
3273,Luggage,2023-01-11,9657.42,Travel
3274,Internet,2023-01-25,6298.82,Home
3275,Exhibition,2023-01-11,6415.02,Entertainment
3276,Restaurant,2023-01-13,375.85,Food
3277,Fine,2023-01-22,6751.16,Others
3278,Tips,2023-01-04,6092.84,Others
3279,Gym,2023-01-11,8390.3,Sports
3280,Training,2023-01-19,2563.37,Education
3281,Ride Share,2023-01-15,5873.15,Transportation
3282,Taxi,2023-01-25,9303.02,Travel
3283,Hat,2023-01-13,5923.14,Clothing
3284,Delivery,2023-01-27,7811.03,Food
3285,Lecture,2023-01-04,6568.06,Education
3286,Hat,2023-01-14,2128.54,Clothing
3287,Library Fee,2023-01-14,1955.12,Education
3288,Surgery,2023-01-24,9562.49,Medical
3289,Fuel,2023-01-01,6008.64,Transportation
3290,Dinner,2023-01-02,1776.77,Food
3291,Lecture,2023-01-01,9894.12,Education
3292,Security,2023-01-08,5657.18,Home
3293,Messenger App,2023-01-16,6113.89,Communication
3294,Travel Guide,2023-01-06,5232.2,Travel
3295,Tuition,2023-01-06,6435.99,Education
3296,Movie,2023-01-19,4804.07,Entertainment
3297,Roaming,2023-01-27,1349.94,Communication
3298,Vaccine,2023-01-03,445.41,Medical
3299,Shoes,2023-01-17,9620.06,Clothing
3300,Tour Package,2023-01-09,5639.71,Travel
3301,Nightclub,2023-02-22,540.22,Entertainment
3302,Insurance,2023-02-27,6868.97,Medical
3303,Decor,2023-02-20,4554.65,Home
3304,Toll,2023-02-13,6141.41,Transportation
3305,Internet,2023-02-19,6885.02,Home
3306,Visa Fee,2023-02-06,683.81,Travel
3307,Mortgage,2023-02-09,1553.73,Home
3308,Gift,2023-02-28,8159.83,Others
3309,Toll,2023-02-28,9629.48,Transportation
3310,Exam Fee,2023-02-11,5242.52,Education
3311,Subway,2023-02-17,1574.31,Transportation
3312,Internet,2023-02-20,3721.66,Communication
3313,Hotel,2023-02-16,3762.05,Travel
3314,Groceries,2023-02-26,842.34,Food
3315,Repair,2023-02-06,5529.98,Home
3316,Internet,2023-02-15,293.15,Communication
3317,Tips,2023-02-02,6862.1,Others
3318,Calling Card,2023-02-24,3834.56,Communication
3319,Travel Guide,2023-02-10,7394.01,Travel
3320,Toll,2023-02-16,8106.92,Transportation
3321,Bus,2023-02-01,9808.24,Transportation
3322,Books,2023-02-18,2780.37,Education
3323,Lottery,2023-02-13,8345.36,Others
3324,Suit,2023-02-16,5282.53,Clothing
3325,Tour Package,2023-02-14,2688.98,Travel
3326,Theater,2023-02-06,2393.19,Entertainment
3327,Tennis,2023-02-03,4987.45,Sports
3328,Decor,2023-02-28,1109.94,Home
3329,Game,2023-02-24,6381.87,Entertainment
3330,Swimming,2023-02-09,9203.94,Sports
3331,Laundry,2023-02-10,9376.32,Others
3332,Bicycle,2023-02-24,2003.86,Transportation
3333,Mortgage,2023-02-20,3570.38,Home
3334,Bakery,2023-02-04,2794.76,Food
3335,Insurance,2023-02-12,596.27,Medical
3336,Furniture,2023-02-17,4842.46,Home
3337,Exam Fee,2023-02-21,5315.26,Education
3338,Football,2023-02-28,9018.25,Sports
3339,Stationery,2023-02-02,3042.88,Education
3340,Stationery,2023-02-15,3921.54,Education
3341,Tour Package,2023-02-05,2852.48,Travel
3342,Flight,2023-02-10,277.81,Travel
3343,Pet,2023-02-07,7169.83,Others
3344,Flight,2023-02-09,4408.96,Travel
3345,Hotel,2023-02-24,6851.09,Travel
3346,Football,2023-02-18,9896.93,Sports
3347,Fast Food,2023-02-20,9478.14,Food
3348,Rent,2023-02-25,8199.21,Home
3349,Car Maintenance,2023-02-16,8049.32,Transportation
3350,Breakfast,2023-02-16,9078.61,Food
3351,SIM Card,2023-02-01,6964.57,Communication
3352,Bicycle,2023-02-22,8734.15,Transportation
3353,Restaurant,2023-02-26,4899.32,Food
3354,Train,2023-02-15,7821.54,Travel
3355,Lottery,2023-02-10,6224.73,Others
3356,Tips,2023-02-16,6157.44,Others
3357,Repair,2023-02-12,4059.27,Home
3358,Delivery,2023-02-20,6750.98,Food
3359,Shirt,2023-02-26,594.44,Clothing
3360,Restaurant,2023-02-13,6274.98,Food
3361,Hospital,2023-02-01,3535.22,Medical
3362,Car Maintenance,2023-02-03,8515.58,Transportation
3363,Security,2023-02-01,9419.64,Home
3364,Cycling,2023-02-01,1604.71,Sports
3365,Train Ticket,2023-02-09,1681.98,Transportation
3366,Luggage,2023-02-20,1909.37,Travel
3367,KTV,2023-02-17,1563.17,Entertainment
3368,Groceries,2023-02-19,4799.81,Food
3369,Cycling,2023-02-28,9627.92,Sports
3370,Coffee,2023-02-21,9856.9,Food
3371,Bus,2023-02-20,9353.66,Transportation
3372,Storage,2023-02-12,8224.11,Others
3373,Travel Insurance,2023-02-16,7563.57,Travel
3374,Groceries,2023-02-09,2480.4,Food
3375,Library Fee,2023-02-21,8360.27,Education
3376,Seminar,2023-02-24,3133.6,Education
3377,Sweater,2023-02-10,7530.52,Clothing
3378,Appliance,2023-02-04,5446.86,Home
3379,Dinner,2023-02-01,3664.66,Food
3380,Decor,2023-02-23,703.33,Home
3381,Bakery,2023-02-01,9246.64,Food
3382,Travel Insurance,2023-02-16,8453.9,Travel
3383,Pet,2023-02-23,7297.35,Others
3384,Luggage,2023-02-23,4802.26,Travel
3385,Dress,2023-02-15,9858.02,Clothing
3386,Equipment,2023-02-16,1135.61,Sports
3387,Hat,2023-02-16,5494.28,Clothing
3388,Security,2023-02-26,992.36,Home
3389,Training,2023-02-03,7902.68,Education
3390,Travel Insurance,2023-02-05,6707.1,Travel
3391,Breakfast,2023-02-16,6136.3,Food
3392,Therapy,2023-02-16,4351.36,Medical
3393,Lecture,2023-02-13,8793.06,Education
3394,Rent,2023-02-09,7301.5,Home
3395,Groceries,2023-02-23,4773.45,Food
3396,Jacket,2023-02-13,3656.46,Clothing
3397,Tuition,2023-02-07,1947.81,Education
3398,Hotel,2023-02-28,4650.79,Travel
3399,Lunch,2023-02-09,8274.36,Food
3400,Rent,2023-02-21,8581.94,Home
3401,Vaccine,2023-03-03,3842.53,Medical
3402,Nightclub,2023-03-15,2966.93,Entertainment
3403,Bakery,2023-03-06,4159.62,Food
3404,Nightclub,2023-03-17,5066.58,Entertainment
3405,Taxi,2023-03-15,3924.16,Travel
3406,Internet,2023-03-11,3519.82,Home
3407,KTV,2023-03-14,7657.39,Entertainment
3408,Game,2023-03-25,3326.74,Entertainment
3409,Bar,2023-03-21,8164.04,Entertainment
3410,Doctor Visit,2023-03-23,8084.27,Medical
3411,Theater,2023-03-01,1465.07,Entertainment
3412,Scarf,2023-03-26,1709.52,Clothing
3413,Pants,2023-03-02,8220.58,Clothing
3414,Visa Fee,2023-03-03,6221.95,Travel
3415,Furniture,2023-03-28,3737.42,Home
3416,Travel Insurance,2023-03-18,5797.13,Travel
3417,Internet,2023-03-01,1026.84,Communication
3418,Stationery,2023-03-11,6449.91,Education
3419,Mobile Recharge,2023-03-27,4436.68,Communication
3420,Train Ticket,2023-03-20,9742.82,Transportation
3421,Concert,2023-03-26,2905.57,Entertainment
3422,Lunch,2023-03-08,215.52,Food
3423,Decor,2023-03-02,1814.79,Home
3424,Calling Card,2023-03-05,253.37,Communication
3425,Flight,2023-03-03,6662.39,Travel
3426,Books,2023-03-26,9399.83,Education
3427,Luggage,2023-03-14,5911.78,Travel
3428,Books,2023-03-21,1308.58,Education
3429,Repair,2023-03-13,109.46,Home
3430,Delivery,2023-03-11,9972.52,Food
3431,Cleaning,2023-03-14,1724.02,Home
3432,Socks,2023-03-24,3203.01,Clothing
3433,Tennis,2023-03-14,1263.9,Sports
3434,Mobile Recharge,2023-03-07,9493.71,Communication
3435,Train,2023-03-07,734.76,Travel
3436,Storage,2023-03-16,5292.65,Others
3437,Eye Exam,2023-03-12,1118.89,Medical
3438,Movie,2023-03-11,5471.13,Entertainment
3439,Appliance,2023-03-18,7279.69,Home
3440,Jacket,2023-03-24,6079.66,Clothing
3441,Health Check,2023-03-13,3202.58,Medical
3442,Surgery,2023-03-14,5267.38,Medical
3443,Parking,2023-03-28,9724.09,Transportation
3444,Theater,2023-03-26,3062.04,Entertainment
3445,Insurance,2023-03-14,7787.39,Medical
3446,Hospital,2023-03-05,8395.28,Medical
3447,Travel Guide,2023-03-12,5409.14,Travel
3448,Messenger App,2023-03-12,3994.3,Communication
3449,Tennis,2023-03-16,1851.13,Sports
3450,Dress,2023-03-04,8555.58,Clothing
3451,Concert,2023-03-17,147.54,Entertainment
3452,Appliance,2023-03-25,209.86,Home
3453,Game,2023-03-04,9295.62,Entertainment
3454,Game,2023-03-17,7180.35,Entertainment
3455,Shirt,2023-03-19,5396.31,Clothing
3456,Mobile Recharge,2023-03-03,7080.6,Communication
3457,Lunch,2023-03-12,437.99,Food
3458,Breakfast,2023-03-19,7829.82,Food
3459,Amusement Park,2023-03-09,8555.52,Entertainment
3460,Doctor Visit,2023-03-16,9354.94,Medical
3461,Scarf,2023-03-11,8393.27,Clothing
3462,Mortgage,2023-03-04,7404.95,Home
3463,Rental Car,2023-03-03,5157.53,Travel
3464,Exhibition,2023-03-10,471.6,Entertainment
3465,Internet,2023-03-21,8189.61,Communication
3466,Subscription,2023-03-24,1518.04,Others
3467,Tennis,2023-03-19,6040.97,Sports
3468,Training,2023-03-20,8391.11,Education
3469,Streaming Service,2023-03-26,6518.56,Entertainment
3470,Pants,2023-03-16,877.02,Clothing
3471,Security,2023-03-09,6349.13,Home
3472,Visa Fee,2023-03-28,2857.08,Travel
3473,Therapy,2023-03-15,7319.78,Medical
3474,Eye Exam,2023-03-10,684.9,Medical
3475,Lecture,2023-03-11,6987.61,Education
3476,Ride Share,2023-03-06,4146.86,Transportation
3477,Ride Share,2023-03-24,1885.76,Transportation
3478,Jacket,2023-03-26,4893.53,Clothing
3479,Data Plan,2023-03-17,3053.25,Communication
3480,Train,2023-03-05,9432.35,Travel
3481,Nightclub,2023-03-12,4666.52,Entertainment
3482,Taxi,2023-03-14,4271.6,Travel
3483,Movie,2023-03-14,5438.72,Entertainment
3484,Lottery,2023-03-25,3603.46,Others
3485,Miscellaneous,2023-03-12,6455.09,Others
3486,Lottery,2023-03-25,2227.41,Others
3487,Car Maintenance,2023-03-10,4784.59,Transportation
3488,Hat,2023-03-05,6923.13,Clothing
3489,Basketball,2023-03-25,8757.41,Sports
3490,Vaccine,2023-03-18,3710.86,Medical
3491,Hospital,2023-03-04,1252.38,Medical
3492,Parking,2023-03-09,2967.96,Transportation
3493,Equipment,2023-03-13,6588.21,Sports
3494,Restaurant,2023-03-22,5846.28,Food
3495,KTV,2023-03-22,1989.79,Entertainment
3496,Toll,2023-03-03,9750.09,Transportation
3497,Storage,2023-03-01,4548.55,Others
3498,Exhibition,2023-03-08,2820.18,Entertainment
3499,Mobile Recharge,2023-03-26,8006.65,Communication
3500,Fast Food,2023-03-20,735.57,Food
3501,Calling Card,2023-04-21,2982.75,Communication
3502,Sweater,2023-04-12,4549.68,Clothing
3503,Swimming,2023-04-14,2568.6,Sports
3504,Miscellaneous,2023-04-01,8433.77,Others
3505,Dental,2023-04-01,4265.43,Medical
3506,Coffee,2023-04-12,4405.0,Food
3507,Internet,2023-04-09,7039.79,Home
3508,Sweater,2023-04-09,7513.94,Clothing
3509,Phone Bill,2023-04-04,6090.65,Communication
3510,Toll,2023-04-05,9545.24,Transportation
3511,Laundry,2023-04-04,1443.09,Others
3512,Scarf,2023-04-07,8490.41,Clothing
3513,Concert,2023-04-07,4800.62,Entertainment
3514,Bakery,2023-04-18,5257.89,Food
3515,Streaming Service,2023-04-26,79.17,Entertainment
3516,Health Check,2023-04-21,7026.82,Medical
3517,Hotel,2023-04-21,755.23,Travel
3518,Rent,2023-04-07,8711.44,Home
3519,Running,2023-04-24,1113.35,Sports
3520,Snacks,2023-04-09,4218.75,Food
3521,Stationery,2023-04-15,1708.24,Education
3522,Shoes,2023-04-22,4524.12,Clothing
3523,Flight,2023-04-27,9974.02,Travel
3524,Travel Guide,2023-04-01,5550.96,Travel
3525,Ride Share,2023-04-11,9974.49,Transportation
3526,Tuition,2023-04-11,9809.21,Education
3527,Storage,2023-04-17,1555.22,Others
3528,Fitness Class,2023-04-17,1164.66,Sports
3529,Medicine,2023-04-11,5428.0,Medical
3530,Socks,2023-04-28,4766.32,Clothing
3531,Books,2023-04-10,8346.52,Education
3532,Fast Food,2023-04-16,5106.49,Food
3533,Tennis,2023-04-25,8277.11,Sports
3534,Workshop,2023-04-02,5819.7,Education
3535,Hotel,2023-04-03,7447.27,Travel
3536,Mortgage,2023-04-06,9934.01,Home
3537,Phone Bill,2023-04-08,6148.59,Communication
3538,Bar,2023-04-22,3666.58,Entertainment
3539,Nightclub,2023-04-16,6462.12,Entertainment
3540,Coffee,2023-04-05,903.41,Food
3541,Luggage,2023-04-07,1750.91,Travel
3542,Amusement Park,2023-04-17,438.05,Entertainment
3543,Workshop,2023-04-22,7833.52,Education
3544,Insurance,2023-04-02,9164.16,Medical
3545,Basketball,2023-04-25,4947.09,Sports
3546,Therapy,2023-04-18,671.87,Medical
3547,Car Maintenance,2023-04-24,9477.74,Transportation
3548,Online Course,2023-04-24,8850.34,Education
3549,Exhibition,2023-04-24,1909.63,Entertainment
3550,Hospital,2023-04-14,3367.24,Medical
3551,Game,2023-04-14,6825.06,Entertainment
3552,Fine,2023-04-28,4266.26,Others
3553,Amusement Park,2023-04-05,3044.92,Entertainment
3554,Exam Fee,2023-04-19,3253.44,Education
3555,Sweater,2023-04-14,799.28,Clothing
3556,Tour Package,2023-04-01,6954.11,Travel
3557,Rent,2023-04-02,3900.15,Home
3558,Travel Guide,2023-04-12,315.34,Travel
3559,Nightclub,2023-04-23,4963.62,Entertainment
3560,Travel Insurance,2023-04-24,989.78,Travel
3561,Internet,2023-04-21,6858.98,Communication
3562,Swimming,2023-04-17,4739.26,Sports
3563,Car Maintenance,2023-04-10,4994.58,Transportation
3564,Car Maintenance,2023-04-28,6432.45,Transportation
3565,Concert,2023-04-22,3711.01,Entertainment
3566,Cycling,2023-04-08,879.91,Sports
3567,Miscellaneous,2023-04-01,7160.32,Others
3568,Shoes,2023-04-13,7688.66,Clothing
3569,Messenger App,2023-04-14,7812.66,Communication
3570,Security,2023-04-28,3017.45,Home
3571,Eye Exam,2023-04-18,2491.4,Medical
3572,Fine,2023-04-23,2067.17,Others
3573,Decor,2023-04-23,3758.59,Home
3574,Travel Guide,2023-04-21,6350.33,Travel
3575,Swimming,2023-04-27,4602.33,Sports
3576,Workshop,2023-04-13,9515.66,Education
3577,Hat,2023-04-28,5611.14,Clothing
3578,Taxi,2023-04-20,7407.83,Transportation
3579,Donation,2023-04-19,5445.2,Others
3580,Training,2023-04-18,247.55,Education
3581,Data Plan,2023-04-12,4595.06,Communication
3582,Data Plan,2023-04-04,8874.64,Communication
3583,Jacket,2023-04-12,1388.29,Clothing
3584,Stationery,2023-04-03,6657.75,Education
3585,Donation,2023-04-27,3371.88,Others
3586,Tour Package,2023-04-01,4746.03,Travel
3587,Nightclub,2023-04-12,6461.4,Entertainment
3588,Medicine,2023-04-09,5023.2,Medical
3589,Movie,2023-04-12,5926.29,Entertainment
3590,Fast Food,2023-04-18,3204.64,Food
3591,Rent,2023-04-14,9502.51,Home
3592,Training,2023-04-13,4262.68,Education
3593,Taxi,2023-04-09,270.04,Transportation
3594,Socks,2023-04-13,668.39,Clothing
3595,Sweater,2023-04-27,8469.46,Clothing
3596,Subscription,2023-04-19,6474.73,Others
3597,Appliance,2023-04-12,3465.47,Home
3598,Fuel,2023-04-09,4589.44,Transportation
3599,Cycling,2023-04-09,9569.75,Sports
3600,Stationery,2023-04-11,970.5,Education
3601,Subway,2023-05-07,1634.65,Transportation
3602,Visa Fee,2023-05-19,5477.8,Travel
3603,Health Check,2023-05-12,8622.41,Medical
3604,Storage,2023-05-14,617.51,Others
3605,Training,2023-05-20,9902.79,Education
3606,Exam Fee,2023-05-07,889.15,Education
3607,Mobile Recharge,2023-05-06,5892.43,Communication
3608,Lunch,2023-05-28,8784.45,Food
3609,Shoes,2023-05-19,3703.55,Clothing
3610,Sweater,2023-05-12,4338.41,Clothing
3611,Lecture,2023-05-12,1268.17,Education
3612,Socks,2023-05-06,4966.87,Clothing
3613,Security,2023-05-01,7009.4,Home
3614,Jacket,2023-05-01,6047.19,Clothing
3615,Internet,2023-05-20,888.93,Communication
3616,Travel Guide,2023-05-19,1509.63,Travel
3617,Basketball,2023-05-03,4153.01,Sports
3618,Gift,2023-05-24,7345.82,Others
3619,Data Plan,2023-05-18,8724.41,Communication
3620,Gift,2023-05-06,7317.82,Others
3621,Lottery,2023-05-16,1905.76,Others
3622,Calling Card,2023-05-15,2956.14,Communication
3623,Lottery,2023-05-21,9036.65,Others
3624,Stationery,2023-05-24,2823.73,Education
3625,Streaming Service,2023-05-02,8972.47,Entertainment
3626,Game,2023-05-10,9691.8,Entertainment
3627,Bicycle,2023-05-16,8251.1,Transportation
3628,Repair,2023-05-23,1767.51,Home
3629,Therapy,2023-05-28,2784.87,Medical
3630,Travel Guide,2023-05-17,2964.53,Travel
3631,Travel Guide,2023-05-04,1520.58,Travel
3632,Vaccine,2023-05-01,8000.1,Medical
3633,Theater,2023-05-06,1661.88,Entertainment
3634,Doctor Visit,2023-05-12,766.67,Medical
3635,Training,2023-05-26,4838.03,Education
3636,Bar,2023-05-28,5830.03,Entertainment
3637,Mortgage,2023-05-13,7207.35,Home
3638,Movie,2023-05-16,3952.22,Entertainment
3639,Bar,2023-05-20,9457.54,Entertainment
3640,Dental,2023-05-28,500.0,Medical
3641,Lecture,2023-05-21,7443.98,Education
3642,Appliance,2023-05-28,820.28,Home
3643,Hat,2023-05-19,1276.41,Clothing
3644,Train,2023-05-28,9037.17,Travel
3645,Luggage,2023-05-04,384.24,Travel
3646,Cycling,2023-05-04,4310.17,Sports
3647,Bakery,2023-05-13,5388.97,Food
3648,Workshop,2023-05-02,3752.32,Education
3649,Concert,2023-05-16,6400.27,Entertainment
3650,Internet,2023-05-22,4559.67,Home
3651,Library Fee,2023-05-07,8018.51,Education
3652,Workshop,2023-05-07,1827.42,Education
3653,Books,2023-05-03,9498.95,Education
3654,Amusement Park,2023-05-26,5545.16,Entertainment
3655,Socks,2023-05-17,9138.27,Clothing
3656,Ride Share,2023-05-28,6238.27,Transportation
3657,Luggage,2023-05-16,7875.66,Travel
3658,Hospital,2023-05-12,8983.48,Medical
3659,Cleaning,2023-05-14,8725.76,Home
3660,Hotel,2023-05-10,2709.71,Travel
3661,Sweater,2023-05-09,2470.91,Clothing
3662,Movie,2023-05-23,2944.91,Entertainment
3663,Cleaning,2023-05-19,546.99,Home
3664,Visa Fee,2023-05-02,5416.46,Travel
3665,Ride Share,2023-05-02,3421.4,Transportation
3666,Groceries,2023-05-02,975.83,Food
3667,Lunch,2023-05-16,6372.13,Food
3668,Insurance,2023-05-26,9134.64,Medical
3669,Pants,2023-05-19,4847.47,Clothing
3670,Repair,2023-05-28,2339.62,Home
3671,Utilities,2023-05-18,5575.57,Home
3672,Tips,2023-05-22,6100.77,Others
3673,Dress,2023-05-17,7152.19,Clothing
3674,Phone Bill,2023-05-04,4715.9,Communication
3675,Data Plan,2023-05-01,9148.52,Communication
3676,Mobile Recharge,2023-05-06,2498.28,Communication
3677,Jacket,2023-05-15,4119.77,Clothing
3678,Repair,2023-05-26,150.99,Home
3679,Suit,2023-05-17,5080.3,Clothing
3680,Tennis,2023-05-03,3667.36,Sports
3681,Phone Bill,2023-05-04,2215.39,Communication
3682,Groceries,2023-05-20,8951.56,Food
3683,Suit,2023-05-18,830.68,Clothing
3684,Lecture,2023-05-17,3990.22,Education
3685,Therapy,2023-05-04,2595.71,Medical
3686,Football,2023-05-25,3156.61,Sports
3687,Sweater,2023-05-18,132.09,Clothing
3688,Vaccine,2023-05-15,9991.37,Medical
3689,Eye Exam,2023-05-05,3186.17,Medical
3690,Train,2023-05-10,740.73,Travel
3691,Tuition,2023-05-14,1886.27,Education
3692,Eye Exam,2023-05-07,1340.26,Medical
3693,Donation,2023-05-26,827.15,Others
3694,Surgery,2023-05-23,2217.46,Medical
3695,Donation,2023-05-25,4336.91,Others
3696,Shoes,2023-05-08,1813.25,Clothing
3697,Shoes,2023-05-11,3140.6,Clothing
3698,Medicine,2023-05-16,3293.24,Medical
3699,Dinner,2023-05-23,7255.82,Food
3700,Swimming,2023-05-20,1801.41,Sports
3701,Travel Insurance,2023-06-02,6586.01,Travel
3702,Jacket,2023-06-12,2489.64,Clothing
3703,Subscription,2023-06-28,9180.44,Others
3704,Online Course,2023-06-21,9229.98,Education
3705,Therapy,2023-06-24,7164.23,Medical
3706,Medicine,2023-06-02,1005.1,Medical
3707,Swimming,2023-06-20,1262.16,Sports
3708,Football,2023-06-15,243.57,Sports
3709,Shoes,2023-06-11,6070.49,Clothing
3710,Luggage,2023-06-18,4588.07,Travel
3711,Calling Card,2023-06-15,5862.41,Communication
3712,Shoes,2023-06-02,8212.72,Clothing
3713,Suit,2023-06-21,4421.49,Clothing
3714,Luggage,2023-06-01,5519.02,Travel
3715,Lunch,2023-06-15,5222.83,Food
3716,Bicycle,2023-06-19,2809.83,Transportation
3717,Internet,2023-06-17,8768.03,Communication
3718,Rental Car,2023-06-21,6202.38,Travel
3719,Internet,2023-06-18,1933.6,Home
3720,Parking,2023-06-17,2104.02,Transportation
3721,Security,2023-06-23,6340.51,Home
3722,Library Fee,2023-06-25,6233.19,Education
3723,Messenger App,2023-06-23,7868.03,Communication
3724,Cleaning,2023-06-21,3905.09,Home
3725,Pants,2023-06-10,1552.81,Clothing
3726,Mortgage,2023-06-24,7744.93,Home
3727,Cleaning,2023-06-03,9616.23,Home
3728,Security,2023-06-03,19.9,Home
3729,Swimming,2023-06-06,4496.7,Sports
3730,Internet,2023-06-26,7548.51,Home
3731,Restaurant,2023-06-16,3515.67,Food
3732,Tuition,2023-06-23,4390.55,Education
3733,Dinner,2023-06-25,5781.08,Food
3734,Basketball,2023-06-17,373.23,Sports
3735,Basketball,2023-06-06,1552.65,Sports
3736,Mobile Recharge,2023-06-08,2382.23,Communication
3737,Fine,2023-06-03,4119.08,Others
3738,Rent,2023-06-03,1179.08,Home
3739,Miscellaneous,2023-06-23,3974.98,Others
3740,Books,2023-06-04,7465.39,Education
3741,Yoga,2023-06-19,5209.38,Sports
3742,Swimming,2023-06-15,6938.93,Sports
3743,Yoga,2023-06-01,616.56,Sports
3744,Training,2023-06-13,7823.77,Education
3745,Hotel,2023-06-20,1998.7,Travel
3746,Hospital,2023-06-16,5801.79,Medical
3747,Restaurant,2023-06-09,3672.95,Food
3748,Miscellaneous,2023-06-02,2161.94,Others
3749,Mortgage,2023-06-11,6244.94,Home
3750,Internet,2023-06-19,3810.04,Communication
3751,Nightclub,2023-06-10,2673.81,Entertainment
3752,Fine,2023-06-11,3759.57,Others
3753,Data Plan,2023-06-12,8524.77,Communication
3754,Travel Guide,2023-06-13,7654.41,Travel
3755,Vaccine,2023-06-16,762.1,Medical
3756,Utilities,2023-06-12,5263.75,Home
3757,Workshop,2023-06-27,9827.02,Education
3758,Dinner,2023-06-12,1524.86,Food
3759,Swimming,2023-06-13,7083.23,Sports
3760,Yoga,2023-06-05,7102.56,Sports
3761,Train,2023-06-12,9861.23,Travel
3762,Training,2023-06-20,2868.37,Education
3763,Game,2023-06-02,1506.48,Entertainment
3764,Bar,2023-06-01,6673.77,Entertainment
3765,Tuition,2023-06-21,4471.38,Education
3766,Car Maintenance,2023-06-19,7367.1,Transportation
3767,Bar,2023-06-17,1917.32,Entertainment
3768,Ride Share,2023-06-28,203.87,Transportation
3769,Streaming Service,2023-06-23,8234.1,Entertainment
3770,Online Course,2023-06-13,6694.77,Education
3771,Stationery,2023-06-16,7372.88,Education
3772,Luggage,2023-06-03,8524.96,Travel
3773,Doctor Visit,2023-06-20,2241.55,Medical
3774,Gym,2023-06-19,6526.21,Sports
3775,Vaccine,2023-06-17,6696.81,Medical
3776,VPN,2023-06-17,2510.18,Communication
3777,Subway,2023-06-20,5030.9,Transportation
3778,Toll,2023-06-07,7093.02,Transportation
3779,Health Check,2023-06-09,83.16,Medical
3780,Flight,2023-06-01,3558.96,Travel
3781,Swimming,2023-06-09,9777.95,Sports
3782,Concert,2023-06-12,2881.01,Entertainment
3783,Shoes,2023-06-25,379.55,Clothing
3784,Data Plan,2023-06-05,2861.29,Communication
3785,Tuition,2023-06-06,3496.21,Education
3786,Streaming Service,2023-06-22,4837.36,Entertainment
3787,Lottery,2023-06-24,387.47,Others
3788,Parking,2023-06-23,7372.16,Transportation
3789,Equipment,2023-06-11,3336.01,Sports
3790,Bar,2023-06-07,8637.85,Entertainment
3791,Dinner,2023-06-18,9578.58,Food
3792,Rental Car,2023-06-01,752.88,Travel
3793,Bus,2023-06-26,4332.41,Transportation
3794,Library Fee,2023-06-15,70.65,Education
3795,Cleaning,2023-06-02,6222.69,Home
3796,Bar,2023-06-10,741.49,Entertainment
3797,Breakfast,2023-06-27,8853.79,Food
3798,SIM Card,2023-06-08,4492.27,Communication
3799,Nightclub,2023-06-05,5739.41,Entertainment
3800,Library Fee,2023-06-16,591.29,Education
3801,Train Ticket,2023-07-23,4568.69,Transportation
3802,Tour Package,2023-07-12,8408.84,Travel
3803,Roaming,2023-07-05,974.86,Communication
3804,Hat,2023-07-12,2416.7,Clothing
3805,Hotel,2023-07-20,9922.21,Travel
3806,Rental Car,2023-07-05,6586.53,Travel
3807,Repair,2023-07-09,6353.29,Home
3808,Gift,2023-07-09,9250.6,Others
3809,Bar,2023-07-16,3716.37,Entertainment
3810,Fine,2023-07-25,1057.16,Others
3811,Car Maintenance,2023-07-02,9026.56,Transportation
3812,Swimming,2023-07-21,2310.74,Sports
3813,Theater,2023-07-14,4833.78,Entertainment
3814,Fitness Class,2023-07-10,1160.22,Sports
3815,Travel Guide,2023-07-04,473.99,Travel
3816,Yoga,2023-07-25,6477.14,Sports
3817,Laundry,2023-07-01,6770.77,Others
3818,Travel Guide,2023-07-13,578.51,Travel
3819,Bus,2023-07-07,941.11,Transportation
3820,Movie,2023-07-27,6029.87,Entertainment
3821,Medicine,2023-07-11,729.42,Medical
3822,Surgery,2023-07-08,8443.8,Medical
3823,Running,2023-07-12,9644.48,Sports
3824,Internet,2023-07-13,8319.44,Home
3825,Lottery,2023-07-26,369.21,Others
3826,Suit,2023-07-27,5701.63,Clothing
3827,Bakery,2023-07-02,4162.64,Food
3828,Bicycle,2023-07-14,7815.89,Transportation
3829,Security,2023-07-05,5061.62,Home
3830,SIM Card,2023-07-07,5700.31,Communication
3831,Tour Package,2023-07-24,2574.35,Travel
3832,Miscellaneous,2023-07-05,1108.92,Others
3833,Restaurant,2023-07-04,5917.04,Food
3834,Shoes,2023-07-25,8719.35,Clothing
3835,Equipment,2023-07-03,7921.95,Sports
3836,Taxi,2023-07-16,7957.64,Travel
3837,Groceries,2023-07-24,9906.44,Food
3838,Fitness Class,2023-07-12,8470.65,Sports
3839,Pet,2023-07-03,594.97,Others
3840,Repair,2023-07-15,802.63,Home
3841,Data Plan,2023-07-24,7349.4,Communication
3842,Utilities,2023-07-04,7373.82,Home
3843,Taxi,2023-07-26,6367.84,Transportation
3844,Travel Insurance,2023-07-08,8946.52,Travel
3845,Vaccine,2023-07-13,5304.11,Medical
3846,Online Course,2023-07-09,7127.53,Education
3847,Football,2023-07-23,9134.44,Sports
3848,Game,2023-07-22,1677.93,Entertainment
3849,Coffee,2023-07-21,3334.16,Food
3850,Online Course,2023-07-24,1677.56,Education
3851,Lunch,2023-07-09,4514.47,Food
3852,Fine,2023-07-10,9201.9,Others
3853,Shirt,2023-07-25,6810.26,Clothing
3854,Flight,2023-07-17,2906.31,Travel
3855,Internet,2023-07-09,8239.17,Communication
3856,Breakfast,2023-07-01,2735.51,Food
3857,Flight,2023-07-26,7757.5,Travel
3858,Concert,2023-07-07,4322.65,Entertainment
3859,Books,2023-07-05,9188.72,Education
3860,Data Plan,2023-07-15,1825.95,Communication
3861,Roaming,2023-07-04,1014.98,Communication
3862,Donation,2023-07-15,3259.37,Others
3863,Appliance,2023-07-21,4093.39,Home
3864,Swimming,2023-07-18,3574.31,Sports
3865,Hat,2023-07-06,2277.47,Clothing
3866,Hat,2023-07-13,2363.63,Clothing
3867,Storage,2023-07-03,6392.75,Others
3868,Suit,2023-07-06,482.06,Clothing
3869,Data Plan,2023-07-21,9418.04,Communication
3870,Rental Car,2023-07-28,6228.47,Travel
3871,Seminar,2023-07-11,4683.08,Education
3872,Online Course,2023-07-09,209.96,Education
3873,Snacks,2023-07-24,5156.7,Food
3874,Donation,2023-07-15,9496.73,Others
3875,Exhibition,2023-07-22,7205.57,Entertainment
3876,Suit,2023-07-08,972.73,Clothing
3877,Roaming,2023-07-25,9960.84,Communication
3878,Train Ticket,2023-07-02,6156.31,Transportation
3879,Shirt,2023-07-07,8024.03,Clothing
3880,Flight,2023-07-23,1723.65,Travel
3881,Pants,2023-07-05,4001.05,Clothing
3882,Training,2023-07-01,2877.69,Education
3883,Jacket,2023-07-01,9292.63,Clothing
3884,Concert,2023-07-04,5816.71,Entertainment
3885,Subway,2023-07-04,5277.35,Transportation
3886,Jacket,2023-07-09,5472.07,Clothing
3887,Fast Food,2023-07-21,3241.41,Food
3888,Fast Food,2023-07-25,2870.09,Food
3889,Dental,2023-07-28,6578.08,Medical
3890,Equipment,2023-07-19,6033.49,Sports
3891,Seminar,2023-07-12,7136.08,Education
3892,Appliance,2023-07-21,7994.98,Home
3893,Therapy,2023-07-10,9757.23,Medical
3894,Basketball,2023-07-01,5881.05,Sports
3895,Scarf,2023-07-03,9667.91,Clothing
3896,Eye Exam,2023-07-02,3723.37,Medical
3897,Toll,2023-07-04,4465.88,Transportation
3898,Tuition,2023-07-18,4182.97,Education
3899,Amusement Park,2023-07-19,7484.46,Entertainment
3900,Swimming,2023-07-11,726.6,Sports
3901,Stationery,2023-08-03,8672.06,Education
3902,Fax,2023-08-27,982.44,Communication
3903,Suit,2023-08-27,924.16,Clothing
3904,Luggage,2023-08-09,244.28,Travel
3905,SIM Card,2023-08-01,1052.6,Communication
3906,Train Ticket,2023-08-17,2135.67,Transportation
3907,Books,2023-08-01,6024.17,Education
3908,Shirt,2023-08-27,4359.96,Clothing
3909,Restaurant,2023-08-07,1625.58,Food
3910,Bar,2023-08-24,3577.67,Entertainment
3911,Jacket,2023-08-01,300.61,Clothing
3912,Seminar,2023-08-25,4189.96,Education
3913,Internet,2023-08-12,6062.91,Home
3914,Fuel,2023-08-02,2947.48,Transportation
3915,Internet,2023-08-21,6087.03,Home
3916,SIM Card,2023-08-27,6605.47,Communication
3917,Internet,2023-08-18,6551.6,Home
3918,Furniture,2023-08-13,2994.78,Home
3919,Hat,2023-08-10,1450.05,Clothing
3920,Fax,2023-08-25,3127.94,Communication
3921,Visa Fee,2023-08-14,5332.99,Travel
3922,Restaurant,2023-08-10,3733.67,Food
3923,Exam Fee,2023-08-18,5847.92,Education
3924,Therapy,2023-08-02,5766.38,Medical
3925,Lottery,2023-08-04,652.6,Others
3926,Train,2023-08-06,9604.28,Travel
3927,Taxi,2023-08-10,39.9,Transportation
3928,Bicycle,2023-08-18,7786.69,Transportation
3929,Tennis,2023-08-16,9476.26,Sports
3930,Therapy,2023-08-23,6633.58,Medical
3931,Ride Share,2023-08-11,7330.1,Transportation
3932,Cleaning,2023-08-23,299.06,Home
3933,Running,2023-08-05,7489.56,Sports
3934,Lunch,2023-08-05,8051.6,Food
3935,Workshop,2023-08-20,9490.0,Education
3936,Mobile Recharge,2023-08-12,2428.46,Communication
3937,Luggage,2023-08-21,7658.65,Travel
3938,Exhibition,2023-08-20,1663.43,Entertainment
3939,Subway,2023-08-05,8697.64,Transportation
3940,Shoes,2023-08-18,3278.42,Clothing
3941,Parking,2023-08-05,4880.41,Transportation
3942,Socks,2023-08-28,3473.7,Clothing
3943,Workshop,2023-08-08,1147.57,Education
3944,Internet,2023-08-21,5016.8,Home
3945,Pants,2023-08-04,7806.46,Clothing
3946,Running,2023-08-07,9521.57,Sports
3947,Cleaning,2023-08-11,17.72,Home
3948,VPN,2023-08-08,5167.41,Communication
3949,Flight,2023-08-17,4612.39,Travel
3950,Donation,2023-08-02,9812.2,Others
3951,Dinner,2023-08-20,2690.96,Food
3952,Furniture,2023-08-02,4170.62,Home
3953,Luggage,2023-08-03,8369.64,Travel
3954,Tuition,2023-08-10,7279.39,Education
3955,Internet,2023-08-21,3780.11,Communication
3956,Phone Bill,2023-08-22,9602.02,Communication
3957,Fuel,2023-08-24,372.52,Transportation
3958,Nightclub,2023-08-28,7639.99,Entertainment
3959,Hat,2023-08-01,3466.45,Clothing
3960,Subscription,2023-08-02,7767.78,Others
3961,Fast Food,2023-08-04,8602.11,Food
3962,Books,2023-08-21,5408.48,Education
3963,Dress,2023-08-27,6859.03,Clothing
3964,Donation,2023-08-04,4235.52,Others
3965,Shoes,2023-08-28,973.83,Clothing
3966,Rental Car,2023-08-07,9201.03,Travel
3967,Insurance,2023-08-21,1351.29,Medical
3968,Pet,2023-08-16,1715.2,Others
3969,Restaurant,2023-08-03,7993.04,Food
3970,Doctor Visit,2023-08-24,1328.1,Medical
3971,Tour Package,2023-08-19,6611.51,Travel
3972,Visa Fee,2023-08-13,8971.2,Travel
3973,Phone Bill,2023-08-10,1531.49,Communication
3974,Sweater,2023-08-04,7188.53,Clothing
3975,Mortgage,2023-08-03,6782.22,Home
3976,Internet,2023-08-04,7144.18,Communication
3977,Fuel,2023-08-26,476.71,Transportation
3978,Internet,2023-08-11,5250.41,Communication
3979,SIM Card,2023-08-12,8253.27,Communication
3980,Bar,2023-08-05,2959.87,Entertainment
3981,Decor,2023-08-19,4416.21,Home
3982,Bakery,2023-08-20,7462.73,Food
3983,Lecture,2023-08-17,9117.36,Education
3984,Exam Fee,2023-08-03,3073.32,Education
3985,VPN,2023-08-26,1381.44,Communication
3986,Hotel,2023-08-15,7453.74,Travel
3987,Calling Card,2023-08-11,3846.63,Communication
3988,Repair,2023-08-20,7338.81,Home
3989,Eye Exam,2023-08-08,1684.67,Medical
3990,SIM Card,2023-08-06,7061.2,Communication
3991,VPN,2023-08-05,1140.37,Communication
3992,Luggage,2023-08-04,5323.58,Travel
3993,Rental Car,2023-08-21,1766.44,Travel
3994,Groceries,2023-08-27,5093.66,Food
3995,Restaurant,2023-08-15,4051.48,Food
3996,Socks,2023-08-24,3425.57,Clothing
3997,Online Course,2023-08-18,891.3,Education
3998,Ride Share,2023-08-08,3287.51,Transportation
3999,Bakery,2023-08-22,6132.58,Food
4000,Football,2023-08-24,7772.03,Sports
4001,Phone Bill,2023-09-19,1738.52,Communication
4002,Mobile Recharge,2023-09-27,7345.28,Communication
4003,Restaurant,2023-09-25,9689.6,Food
4004,Hospital,2023-09-19,5389.93,Medical
4005,Gift,2023-09-08,6365.71,Others
4006,Flight,2023-09-17,8191.98,Travel
4007,Tennis,2023-09-10,9074.75,Sports
4008,Tennis,2023-09-12,3107.88,Sports
4009,Internet,2023-09-25,8062.81,Communication
4010,Train Ticket,2023-09-08,6073.16,Transportation
4011,Surgery,2023-09-27,6380.69,Medical
4012,Taxi,2023-09-01,1112.9,Transportation
4013,Dress,2023-09-05,7600.86,Clothing
4014,Train,2023-09-03,2285.8,Travel
4015,Football,2023-09-21,7111.27,Sports
4016,Data Plan,2023-09-13,8825.29,Communication
4017,Car Maintenance,2023-09-18,2253.54,Transportation
4018,Train,2023-09-20,2293.54,Travel
4019,Dinner,2023-09-19,1189.53,Food
4020,Delivery,2023-09-06,7486.53,Food
4021,Rent,2023-09-12,3221.41,Home
4022,Bicycle,2023-09-27,3605.89,Transportation
4023,Delivery,2023-09-11,3394.8,Food
4024,VPN,2023-09-05,9420.84,Communication
4025,Training,2023-09-11,9106.58,Education
4026,Flight,2023-09-07,9510.0,Travel
4027,Scarf,2023-09-01,7299.61,Clothing
4028,Football,2023-09-20,2252.02,Sports
4029,Mortgage,2023-09-22,3187.49,Home
4030,Train,2023-09-01,5023.89,Travel
4031,Eye Exam,2023-09-10,870.58,Medical
4032,Medicine,2023-09-10,7445.01,Medical
4033,Books,2023-09-19,3217.14,Education
4034,Exhibition,2023-09-15,3537.04,Entertainment
4035,Mobile Recharge,2023-09-15,8231.17,Communication
4036,Tips,2023-09-16,9004.93,Others
4037,Vaccine,2023-09-08,8690.12,Medical
4038,Basketball,2023-09-19,5704.61,Sports
4039,Subway,2023-09-06,9509.59,Transportation
4040,Furniture,2023-09-03,7354.47,Home
4041,Mortgage,2023-09-04,77.87,Home
4042,Internet,2023-09-24,7124.75,Communication
4043,Training,2023-09-17,2484.03,Education
4044,Hat,2023-09-20,2692.57,Clothing
4045,Repair,2023-09-03,964.45,Home
4046,Training,2023-09-18,2450.98,Education
4047,Stationery,2023-09-17,6597.78,Education
4048,Laundry,2023-09-23,9620.52,Others
4049,Toll,2023-09-17,6290.66,Transportation
4050,Roaming,2023-09-07,7190.92,Communication
4051,Pet,2023-09-05,5059.36,Others
4052,Appliance,2023-09-06,8342.03,Home
4053,Gift,2023-09-27,5281.42,Others
4054,Yoga,2023-09-14,8697.19,Sports
4055,Hotel,2023-09-21,3106.85,Travel
4056,Suit,2023-09-14,4931.69,Clothing
4057,Storage,2023-09-18,4367.95,Others
4058,Flight,2023-09-04,2219.16,Travel
4059,Snacks,2023-09-28,6848.98,Food
4060,Pet,2023-09-22,8954.99,Others
4061,Sweater,2023-09-24,9154.58,Clothing
4062,Swimming,2023-09-23,1215.4,Sports
4063,Coffee,2023-09-18,1391.11,Food
4064,Fuel,2023-09-26,1282.57,Transportation
4065,Messenger App,2023-09-06,1057.2,Communication
4066,Calling Card,2023-09-27,6700.98,Communication
4067,Bakery,2023-09-24,2578.16,Food
4068,VPN,2023-09-24,1385.59,Communication
4069,Groceries,2023-09-04,3475.97,Food
4070,Eye Exam,2023-09-03,7934.45,Medical
4071,Insurance,2023-09-23,8104.19,Medical
4072,Luggage,2023-09-07,3548.48,Travel
4073,Delivery,2023-09-19,3999.15,Food
4074,Library Fee,2023-09-26,3144.3,Education
4075,Tour Package,2023-09-17,1060.65,Travel
4076,Sweater,2023-09-25,5375.47,Clothing
4077,Parking,2023-09-28,5755.8,Transportation
4078,Tuition,2023-09-07,9421.15,Education
4079,Subway,2023-09-01,2363.14,Transportation
4080,Internet,2023-09-25,5591.56,Communication
4081,Bicycle,2023-09-05,8896.88,Transportation
4082,Tips,2023-09-08,3792.75,Others
4083,Visa Fee,2023-09-15,1066.69,Travel
4084,Car Maintenance,2023-09-15,746.63,Transportation
4085,Doctor Visit,2023-09-23,9274.64,Medical
4086,Dental,2023-09-19,7132.15,Medical
4087,Socks,2023-09-20,7297.97,Clothing
4088,Storage,2023-09-14,5816.76,Others
4089,Restaurant,2023-09-27,7799.77,Food
4090,Dress,2023-09-06,847.46,Clothing
4091,Mobile Recharge,2023-09-02,5482.37,Communication
4092,Books,2023-09-16,2790.63,Education
4093,Decor,2023-09-04,3134.87,Home
4094,Internet,2023-09-10,5889.71,Home
4095,Equipment,2023-09-19,8035.1,Sports
4096,Bar,2023-09-16,9217.53,Entertainment
4097,Parking,2023-09-12,9079.63,Transportation
4098,Mobile Recharge,2023-09-08,19.63,Communication
4099,Therapy,2023-09-18,9317.94,Medical
4100,Lunch,2023-09-19,3285.13,Food
4101,Online Course,2023-10-22,968.85,Education
4102,Security,2023-10-15,158.04,Home
4103,Seminar,2023-10-25,2866.55,Education
4104,Roaming,2023-10-09,6839.41,Communication
4105,Travel Guide,2023-10-13,1238.77,Travel
4106,Swimming,2023-10-12,4367.17,Sports
4107,Data Plan,2023-10-26,6057.46,Communication
4108,Calling Card,2023-10-13,365.32,Communication
4109,Vaccine,2023-10-09,4471.93,Medical
4110,Car Maintenance,2023-10-16,4272.86,Transportation
4111,Car Maintenance,2023-10-20,3660.57,Transportation
4112,Bus,2023-10-22,6283.49,Transportation
4113,Basketball,2023-10-01,9738.9,Sports
4114,Insurance,2023-10-23,9705.06,Medical
4115,Train,2023-10-19,8393.24,Travel
4116,Training,2023-10-03,5081.46,Education
4117,KTV,2023-10-10,8601.48,Entertainment
4118,Scarf,2023-10-24,5979.61,Clothing
4119,SIM Card,2023-10-01,7673.67,Communication
4120,Lecture,2023-10-02,8719.46,Education
4121,Parking,2023-10-04,4175.84,Transportation
4122,Dinner,2023-10-03,2143.01,Food
4123,Training,2023-10-12,2131.26,Education
4124,Calling Card,2023-10-27,3015.83,Communication
4125,Gift,2023-10-23,4180.52,Others
4126,Scarf,2023-10-17,4886.74,Clothing
4127,Theater,2023-10-16,5872.9,Entertainment
4128,Parking,2023-10-18,1888.77,Transportation
4129,Internet,2023-10-21,2009.4,Home
4130,Pants,2023-10-03,3497.06,Clothing
4131,Gym,2023-10-17,397.29,Sports
4132,Gift,2023-10-10,3552.38,Others
4133,Messenger App,2023-10-28,3301.02,Communication
4134,Dental,2023-10-28,366.71,Medical
4135,Train Ticket,2023-10-26,8997.62,Transportation
4136,Breakfast,2023-10-13,6075.95,Food
4137,Internet,2023-10-28,2155.51,Home
4138,Suit,2023-10-04,8914.74,Clothing
4139,Library Fee,2023-10-13,9570.75,Education
4140,Jacket,2023-10-25,1107.66,Clothing
4141,Utilities,2023-10-26,7706.97,Home
4142,Tour Package,2023-10-14,9268.43,Travel
4143,Travel Guide,2023-10-05,5700.37,Travel
4144,Movie,2023-10-17,8110.08,Entertainment
4145,Phone Bill,2023-10-28,5179.33,Communication
4146,Lunch,2023-10-07,7980.31,Food
4147,Groceries,2023-10-14,4155.76,Food
4148,Health Check,2023-10-09,4544.1,Medical
4149,Flight,2023-10-25,2088.01,Travel
4150,Subscription,2023-10-01,748.34,Others
4151,Lottery,2023-10-02,7655.46,Others
4152,Bar,2023-10-16,949.32,Entertainment
4153,Amusement Park,2023-10-07,2874.34,Entertainment
4154,Tips,2023-10-16,602.12,Others
4155,Bicycle,2023-10-21,7146.06,Transportation
4156,Lecture,2023-10-18,3422.68,Education
4157,Fast Food,2023-10-19,706.4,Food
4158,Rent,2023-10-13,4124.74,Home
4159,Rent,2023-10-25,2014.81,Home
4160,Sweater,2023-10-24,4472.05,Clothing
4161,Workshop,2023-10-02,1049.99,Education
4162,Subscription,2023-10-07,7679.41,Others
4163,Insurance,2023-10-11,7992.21,Medical
4164,Fuel,2023-10-06,5970.99,Transportation
4165,Delivery,2023-10-10,2002.01,Food
4166,Groceries,2023-10-16,6076.3,Food
4167,Pet,2023-10-03,8010.35,Others
4168,Mortgage,2023-10-06,8009.18,Home
4169,Hotel,2023-10-01,4946.68,Travel
4170,Lecture,2023-10-16,9299.03,Education
4171,Scarf,2023-10-15,3158.53,Clothing
4172,Laundry,2023-10-12,6290.45,Others
4173,Stationery,2023-10-11,584.07,Education
4174,Streaming Service,2023-10-08,9070.19,Entertainment
4175,Ride Share,2023-10-21,8325.03,Transportation
4176,Tour Package,2023-10-08,2878.56,Travel
4177,Phone Bill,2023-10-03,6586.57,Communication
4178,Donation,2023-10-15,8829.39,Others
4179,Miscellaneous,2023-10-14,5076.86,Others
4180,Toll,2023-10-12,1239.74,Transportation
4181,Rental Car,2023-10-02,7641.82,Travel
4182,Training,2023-10-11,5808.25,Education
4183,Appliance,2023-10-21,6520.03,Home
4184,Seminar,2023-10-19,9745.15,Education
4185,Jacket,2023-10-01,8523.45,Clothing
4186,Fuel,2023-10-25,8935.65,Transportation
4187,Nightclub,2023-10-24,1260.97,Entertainment
4188,Flight,2023-10-28,4393.58,Travel
4189,Decor,2023-10-04,9869.53,Home
4190,Concert,2023-10-11,1108.83,Entertainment
4191,Jacket,2023-10-07,3275.43,Clothing
4192,Phone Bill,2023-10-12,2034.1,Communication
4193,Mobile Recharge,2023-10-11,2925.91,Communication
4194,Tips,2023-10-08,6770.13,Others
4195,Vaccine,2023-10-08,7707.15,Medical
4196,Travel Insurance,2023-10-15,6284.89,Travel
4197,Scarf,2023-10-09,9420.46,Clothing
4198,Phone Bill,2023-10-11,1115.67,Communication
4199,Lecture,2023-10-17,8161.13,Education
4200,Bus,2023-10-08,9118.32,Transportation
4201,Tips,2023-11-28,8253.34,Others
4202,Parking,2023-11-01,2505.45,Transportation
4203,Medicine,2023-11-14,6876.45,Medical
4204,Fuel,2023-11-21,6545.25,Transportation
4205,Parking,2023-11-10,1190.49,Transportation
4206,Streaming Service,2023-11-12,909.18,Entertainment
4207,Surgery,2023-11-19,2046.72,Medical
4208,Shirt,2023-11-26,7232.36,Clothing
4209,Decor,2023-11-12,7294.79,Home
4210,Suit,2023-11-01,1251.91,Clothing
4211,Equipment,2023-11-07,501.9,Sports
4212,Subscription,2023-11-16,57.88,Others
4213,Workshop,2023-11-10,3171.42,Education
4214,Gym,2023-11-23,4631.78,Sports
4215,Tuition,2023-11-10,9704.68,Education
4216,Football,2023-11-28,2919.44,Sports
4217,Medicine,2023-11-21,7263.63,Medical
4218,Football,2023-11-03,1479.6,Sports
4219,Tennis,2023-11-20,7677.55,Sports
4220,KTV,2023-11-14,9764.94,Entertainment
4221,Car Maintenance,2023-11-02,2059.81,Transportation
4222,Pet,2023-11-02,3213.24,Others
4223,Cleaning,2023-11-06,2937.62,Home
4224,Subway,2023-11-10,9662.58,Transportation
4225,Surgery,2023-11-12,7854.12,Medical
4226,Eye Exam,2023-11-04,750.48,Medical
4227,Equipment,2023-11-26,1620.09,Sports
4228,Appliance,2023-11-22,9594.69,Home
4229,Jacket,2023-11-20,8722.58,Clothing
4230,Visa Fee,2023-11-19,7854.72,Travel
4231,Security,2023-11-10,8355.28,Home
4232,Internet,2023-11-03,2288.93,Home
4233,Workshop,2023-11-11,1249.29,Education
4234,Bar,2023-11-27,2478.53,Entertainment
4235,Restaurant,2023-11-09,3595.08,Food
4236,Phone Bill,2023-11-14,333.37,Communication
4237,Dress,2023-11-01,7600.68,Clothing
4238,Luggage,2023-11-08,9463.72,Travel
4239,Coffee,2023-11-15,6964.5,Food
4240,Travel Insurance,2023-11-08,1906.71,Travel
4241,Training,2023-11-16,1252.38,Education
4242,Vaccine,2023-11-08,2299.67,Medical
4243,Exhibition,2023-11-19,5746.29,Entertainment
4244,Hospital,2023-11-10,3880.24,Medical
4245,Tuition,2023-11-15,1003.02,Education
4246,Snacks,2023-11-11,4055.19,Food
4247,Taxi,2023-11-23,8830.99,Transportation
4248,Tour Package,2023-11-12,6150.44,Travel
4249,Security,2023-11-14,3444.68,Home
4250,Fine,2023-11-11,1129.15,Others
4251,Pants,2023-11-18,1493.28,Clothing
4252,Messenger App,2023-11-27,4870.88,Communication
4253,Fuel,2023-11-26,1840.45,Transportation
4254,Internet,2023-11-17,8643.96,Communication
4255,Concert,2023-11-28,870.62,Entertainment
4256,Insurance,2023-11-17,1709.74,Medical
4257,Bus,2023-11-16,664.17,Transportation
4258,Laundry,2023-11-01,3128.15,Others
4259,Running,2023-11-26,7070.18,Sports
4260,Gym,2023-11-18,99.9,Sports
4261,Calling Card,2023-11-13,8651.0,Communication
4262,Utilities,2023-11-21,3703.03,Home
4263,Lottery,2023-11-07,1934.75,Others
4264,Tuition,2023-11-28,8252.86,Education
4265,Cleaning,2023-11-22,6616.0,Home
4266,Dress,2023-11-18,8500.89,Clothing
4267,Internet,2023-11-08,8110.08,Communication
4268,Shoes,2023-11-21,2630.13,Clothing
4269,Equipment,2023-11-08,7076.9,Sports
4270,Luggage,2023-11-18,7363.15,Travel
4271,Socks,2023-11-16,6748.51,Clothing
4272,Security,2023-11-20,6386.9,Home
4273,Rent,2023-11-16,3547.82,Home
4274,Dental,2023-11-04,3727.47,Medical
4275,Hotel,2023-11-26,9839.05,Travel
4276,Pet,2023-11-08,3346.36,Others
4277,Socks,2023-11-09,6495.06,Clothing
4278,Train Ticket,2023-11-03,8761.42,Transportation
4279,Sweater,2023-11-11,5442.54,Clothing
4280,Tuition,2023-11-15,4370.4,Education
4281,Train Ticket,2023-11-22,962.75,Transportation
4282,Workshop,2023-11-24,9515.54,Education
4283,Fuel,2023-11-28,129.43,Transportation
4284,Lecture,2023-11-23,8852.06,Education
4285,Restaurant,2023-11-25,7161.11,Food
4286,Library Fee,2023-11-21,8280.96,Education
4287,Pants,2023-11-06,5004.46,Clothing
4288,Lunch,2023-11-04,4503.21,Food
4289,Donation,2023-11-16,9342.55,Others
4290,Running,2023-11-06,2630.68,Sports
4291,Tuition,2023-11-26,1166.45,Education
4292,Storage,2023-11-23,9904.15,Others
4293,Suit,2023-11-20,8404.97,Clothing
4294,Flight,2023-11-14,6039.77,Travel
4295,Miscellaneous,2023-11-24,3903.3,Others
4296,Streaming Service,2023-11-25,8312.9,Entertainment
4297,Rental Car,2023-11-02,5163.98,Travel
4298,Taxi,2023-11-19,7773.08,Transportation
4299,Furniture,2023-11-15,8694.87,Home
4300,Train,2023-11-27,9226.85,Travel
4301,Travel Insurance,2023-12-28,9133.04,Travel
4302,Fine,2023-12-24,1464.24,Others
4303,Nightclub,2023-12-04,5231.69,Entertainment
4304,Miscellaneous,2023-12-12,8457.01,Others
4305,Library Fee,2023-12-25,6868.72,Education
4306,Dinner,2023-12-12,1505.29,Food
4307,Visa Fee,2023-12-28,8249.9,Travel
4308,Data Plan,2023-12-23,5201.38,Communication
4309,Dental,2023-12-28,3466.56,Medical
4310,Rent,2023-12-13,8274.03,Home
4311,Socks,2023-12-02,9083.95,Clothing
4312,Breakfast,2023-12-23,6741.31,Food
4313,Insurance,2023-12-20,7327.33,Medical
4314,Rent,2023-12-18,7499.76,Home
4315,Storage,2023-12-21,9292.15,Others
4316,Furniture,2023-12-03,3547.06,Home
4317,Cycling,2023-12-06,7059.22,Sports
4318,Utilities,2023-12-02,6756.3,Home
4319,Fax,2023-12-27,4380.95,Communication
4320,Library Fee,2023-12-16,1174.9,Education
4321,Internet,2023-12-08,9534.49,Communication
4322,Appliance,2023-12-11,4471.66,Home
4323,Pet,2023-12-10,1523.1,Others
4324,Bicycle,2023-12-07,2917.06,Transportation
4325,Bicycle,2023-12-22,8915.23,Transportation
4326,Calling Card,2023-12-26,7417.59,Communication
4327,Nightclub,2023-12-21,9224.41,Entertainment
4328,Suit,2023-12-19,4038.49,Clothing
4329,Snacks,2023-12-03,7731.09,Food
4330,Messenger App,2023-12-24,1899.58,Communication
4331,Calling Card,2023-12-19,22.76,Communication
4332,Subscription,2023-12-08,8083.98,Others
4333,Health Check,2023-12-21,9042.29,Medical
4334,Streaming Service,2023-12-08,3229.72,Entertainment
4335,Health Check,2023-12-16,7787.66,Medical
4336,Swimming,2023-12-23,6642.98,Sports
4337,Security,2023-12-11,5469.55,Home
4338,Tuition,2023-12-03,5114.69,Education
4339,Miscellaneous,2023-12-25,4144.96,Others
4340,Sweater,2023-12-24,7747.1,Clothing
4341,Roaming,2023-12-25,9067.75,Communication
4342,Suit,2023-12-28,8454.99,Clothing
4343,Phone Bill,2023-12-21,7040.03,Communication
4344,Donation,2023-12-14,5054.61,Others
4345,Flight,2023-12-20,83.44,Travel
4346,Subscription,2023-12-10,8024.32,Others
4347,Jacket,2023-12-28,582.78,Clothing
4348,Restaurant,2023-12-16,7169.68,Food
4349,Toll,2023-12-27,7213.41,Transportation
4350,Eye Exam,2023-12-06,3063.0,Medical
4351,Jacket,2023-12-26,1949.94,Clothing
4352,Flight,2023-12-26,4152.18,Travel
4353,Car Maintenance,2023-12-18,4050.14,Transportation
4354,Library Fee,2023-12-25,9554.04,Education
4355,Appliance,2023-12-02,5610.57,Home
4356,Hotel,2023-12-12,6539.12,Travel
4357,Fast Food,2023-12-07,4117.98,Food
4358,SIM Card,2023-12-26,4036.63,Communication
4359,Therapy,2023-12-24,4748.53,Medical
4360,Eye Exam,2023-12-18,2657.14,Medical
4361,Exhibition,2023-12-11,9331.67,Entertainment
4362,Gift,2023-12-18,4850.59,Others
4363,Calling Card,2023-12-03,1848.75,Communication
4364,Data Plan,2023-12-08,8105.78,Communication
4365,Subway,2023-12-04,3177.31,Transportation
4366,Concert,2023-12-18,1678.4,Entertainment
4367,Running,2023-12-11,1648.71,Sports
4368,Subway,2023-12-08,6046.94,Transportation
4369,Utilities,2023-12-18,2572.69,Home
4370,Cycling,2023-12-19,480.17,Sports
4371,Appliance,2023-12-17,4822.91,Home
4372,Lecture,2023-12-20,7622.32,Education
4373,Exam Fee,2023-12-23,2167.43,Education
4374,Dress,2023-12-21,4217.66,Clothing
4375,Hotel,2023-12-11,9908.47,Travel
4376,Decor,2023-12-24,7767.18,Home
4377,Tuition,2023-12-24,6127.08,Education
4378,Books,2023-12-12,4855.34,Education
4379,Ride Share,2023-12-05,4024.19,Transportation
4380,Fax,2023-12-03,1852.61,Communication
4381,Surgery,2023-12-08,7519.51,Medical
4382,Storage,2023-12-03,916.83,Others
4383,Travel Insurance,2023-12-25,1911.69,Travel
4384,Fine,2023-12-15,283.47,Others
4385,Train,2023-12-20,834.21,Travel
4386,Sweater,2023-12-14,6567.91,Clothing
4387,Surgery,2023-12-27,7006.93,Medical
4388,Flight,2023-12-23,6159.25,Travel
4389,Travel Guide,2023-12-02,232.51,Travel
4390,Theater,2023-12-19,200.31,Entertainment
4391,Eye Exam,2023-12-07,4195.78,Medical
4392,Roaming,2023-12-11,9701.31,Communication
4393,Pet,2023-12-25,4184.18,Others
4394,Fitness Class,2023-12-17,8722.8,Sports
4395,Suit,2023-12-25,2827.76,Clothing
4396,Theater,2023-12-11,6780.1,Entertainment
4397,Amusement Park,2023-12-13,5007.1,Entertainment
4398,Basketball,2023-12-07,186.85,Sports
4399,Pants,2023-12-19,6496.06,Clothing
4400,Security,2023-12-20,7077.72,Home
4401,Groceries,2024-01-02,713.32,Food
4402,Jacket,2024-01-07,5895.28,Clothing
4403,Seminar,2024-01-28,3837.27,Education
4404,Movie,2024-01-21,1203.94,Entertainment
4405,Subway,2024-01-14,3499.61,Transportation
4406,Fuel,2024-01-15,7028.55,Transportation
4407,Jacket,2024-01-12,8584.44,Clothing
4408,Dress,2024-01-07,8825.29,Clothing
4409,Library Fee,2024-01-05,7440.94,Education
4410,Tuition,2024-01-06,7291.28,Education
4411,Parking,2024-01-02,5271.87,Transportation
4412,Snacks,2024-01-20,898.21,Food
4413,Internet,2024-01-02,9036.42,Home
4414,Theater,2024-01-27,8960.75,Entertainment
4415,Exhibition,2024-01-26,7156.36,Entertainment
4416,Groceries,2024-01-09,4779.81,Food
4417,Parking,2024-01-15,8491.73,Transportation
4418,Health Check,2024-01-20,8450.33,Medical
4419,Rent,2024-01-03,9585.68,Home
4420,Car Maintenance,2024-01-27,3159.72,Transportation
4421,Running,2024-01-23,7606.8,Sports
4422,Streaming Service,2024-01-10,6708.08,Entertainment
4423,Rent,2024-01-25,6275.84,Home
4424,Appliance,2024-01-21,6498.93,Home
4425,Movie,2024-01-24,3284.19,Entertainment
4426,Messenger App,2024-01-12,7212.65,Communication
4427,Fuel,2024-01-06,1932.88,Transportation
4428,Dental,2024-01-22,9268.93,Medical
4429,Taxi,2024-01-19,7847.06,Transportation
4430,Nightclub,2024-01-24,8396.32,Entertainment
4431,Groceries,2024-01-25,9396.5,Food
4432,Mortgage,2024-01-27,9121.55,Home
4433,Amusement Park,2024-01-18,9113.8,Entertainment
4434,Groceries,2024-01-19,9988.85,Food
4435,Tour Package,2024-01-02,8210.16,Travel
4436,Train,2024-01-05,1202.05,Travel
4437,Tennis,2024-01-22,2729.55,Sports
4438,Breakfast,2024-01-25,7743.2,Food
4439,Messenger App,2024-01-23,9642.72,Communication
4440,Restaurant,2024-01-22,640.03,Food
4441,Workshop,2024-01-26,1374.45,Education
4442,Tips,2024-01-04,506.2,Others
4443,Roaming,2024-01-26,5025.18,Communication
4444,Surgery,2024-01-17,8209.32,Medical
4445,Messenger App,2024-01-16,7343.59,Communication
4446,Flight,2024-01-18,7116.5,Travel
4447,Seminar,2024-01-10,240.47,Education
4448,Travel Insurance,2024-01-05,7892.3,Travel
4449,Lottery,2024-01-09,1905.19,Others
4450,Fast Food,2024-01-12,1852.29,Food
4451,Taxi,2024-01-13,1411.68,Transportation
4452,KTV,2024-01-26,9169.8,Entertainment
4453,Lunch,2024-01-22,9270.16,Food
4454,Game,2024-01-16,3241.49,Entertainment
4455,Doctor Visit,2024-01-02,4699.04,Medical
4456,KTV,2024-01-21,474.52,Entertainment
4457,Fuel,2024-01-10,4193.12,Transportation
4458,Hotel,2024-01-14,5800.82,Travel
4459,Dinner,2024-01-09,3827.18,Food
4460,Security,2024-01-01,7108.75,Home
4461,Restaurant,2024-01-13,5583.16,Food
4462,Shirt,2024-01-05,824.21,Clothing
4463,Bus,2024-01-22,2672.13,Transportation
4464,Cycling,2024-01-02,9917.21,Sports
4465,Fast Food,2024-01-18,7542.18,Food
4466,Nightclub,2024-01-03,5504.15,Entertainment
4467,Suit,2024-01-09,8998.85,Clothing
4468,Tour Package,2024-01-19,652.23,Travel
4469,Phone Bill,2024-01-05,8855.09,Communication
4470,Lunch,2024-01-09,3240.38,Food
4471,Taxi,2024-01-17,1958.76,Transportation
4472,Luggage,2024-01-09,5443.66,Travel
4473,Seminar,2024-01-04,1061.29,Education
4474,Books,2024-01-01,4063.09,Education
4475,Movie,2024-01-27,5177.18,Entertainment
4476,Lunch,2024-01-25,772.47,Food
4477,Tour Package,2024-01-22,8815.35,Travel
4478,Equipment,2024-01-02,5711.34,Sports
4479,Books,2024-01-26,8870.44,Education
4480,Subway,2024-01-06,9268.8,Transportation
4481,Doctor Visit,2024-01-04,1087.23,Medical
4482,Bicycle,2024-01-24,316.73,Transportation
4483,Train Ticket,2024-01-18,2229.18,Transportation
4484,Taxi,2024-01-17,5114.38,Travel
4485,Car Maintenance,2024-01-23,4532.49,Transportation
4486,Gift,2024-01-23,1855.98,Others
4487,Laundry,2024-01-04,6115.65,Others
4488,Internet,2024-01-20,5313.78,Communication
4489,KTV,2024-01-14,5752.23,Entertainment
4490,Nightclub,2024-01-05,4594.15,Entertainment
4491,Repair,2024-01-18,267.81,Home
4492,Furniture,2024-01-02,352.93,Home
4493,Hospital,2024-01-23,708.03,Medical
4494,Suit,2024-01-12,788.49,Clothing
4495,Streaming Service,2024-01-14,6491.43,Entertainment
4496,Cycling,2024-01-13,9955.77,Sports
4497,Vaccine,2024-01-13,373.23,Medical
4498,Phone Bill,2024-01-14,1844.77,Communication
4499,Library Fee,2024-01-15,7371.66,Education
4500,Messenger App,2024-01-03,2891.76,Communication
4501,Gift,2024-02-26,1080.22,Others
4502,Scarf,2024-02-25,9183.8,Clothing
4503,Equipment,2024-02-25,7539.49,Sports
4504,Coffee,2024-02-04,6024.99,Food
4505,Bakery,2024-02-09,4635.73,Food
4506,Shoes,2024-02-14,1056.94,Clothing
4507,Pants,2024-02-21,2153.21,Clothing
4508,Flight,2024-02-03,6709.93,Travel
4509,Security,2024-02-17,9329.23,Home
4510,Luggage,2024-02-19,3123.28,Travel
4511,Game,2024-02-16,1241.71,Entertainment
4512,Internet,2024-02-03,4509.15,Home
4513,Tuition,2024-02-08,107.3,Education
4514,Theater,2024-02-01,7115.73,Entertainment
4515,Mobile Recharge,2024-02-24,3987.7,Communication
4516,Car Maintenance,2024-02-14,2677.85,Transportation
4517,Travel Insurance,2024-02-07,4700.78,Travel
4518,Jacket,2024-02-21,1296.88,Clothing
4519,Flight,2024-02-03,29.05,Travel
4520,Hospital,2024-02-28,4719.6,Medical
4521,Movie,2024-02-11,5356.97,Entertainment
4522,Utilities,2024-02-08,8954.43,Home
4523,Lecture,2024-02-22,9344.57,Education
4524,Lecture,2024-02-18,1586.0,Education
4525,Library Fee,2024-02-19,9607.65,Education
4526,Books,2024-02-09,909.99,Education
4527,Exhibition,2024-02-09,9359.98,Entertainment
4528,Shoes,2024-02-16,3871.19,Clothing
4529,Donation,2024-02-03,9846.33,Others
4530,Workshop,2024-02-27,5906.21,Education
4531,Visa Fee,2024-02-25,6903.97,Travel
4532,Dinner,2024-02-09,9210.14,Food
4533,Scarf,2024-02-02,3830.74,Clothing
4534,Library Fee,2024-02-18,7826.72,Education
4535,Dress,2024-02-17,6668.22,Clothing
4536,Snacks,2024-02-05,9024.03,Food
4537,Travel Guide,2024-02-24,1300.14,Travel
4538,Books,2024-02-16,1072.0,Education
4539,Decor,2024-02-25,6412.54,Home
4540,Tuition,2024-02-22,9763.23,Education
4541,Equipment,2024-02-12,3744.28,Sports
4542,Decor,2024-02-25,8604.44,Home
4543,Surgery,2024-02-12,3888.63,Medical
4544,Travel Guide,2024-02-08,5374.83,Travel
4545,Vaccine,2024-02-28,5006.99,Medical
4546,Tips,2024-02-11,8541.23,Others
4547,Rent,2024-02-27,7126.84,Home
4548,Subscription,2024-02-24,4003.93,Others
4549,Flight,2024-02-21,5365.68,Travel
4550,Exhibition,2024-02-04,1317.61,Entertainment
4551,Amusement Park,2024-02-02,2373.73,Entertainment
4552,Tour Package,2024-02-14,1161.86,Travel
4553,Subscription,2024-02-18,2244.37,Others
4554,Subscription,2024-02-13,5864.37,Others
4555,Coffee,2024-02-11,9940.53,Food
4556,Training,2024-02-06,7541.22,Education
4557,Calling Card,2024-02-25,3324.84,Communication
4558,Yoga,2024-02-05,4603.56,Sports
4559,Shirt,2024-02-18,9907.04,Clothing
4560,Taxi,2024-02-06,9546.8,Transportation
4561,Equipment,2024-02-19,800.98,Sports
4562,Cleaning,2024-02-11,7449.94,Home
4563,Hat,2024-02-04,3124.77,Clothing
4564,Bakery,2024-02-08,5879.81,Food
4565,Cycling,2024-02-11,3817.1,Sports
4566,Gym,2024-02-04,7156.06,Sports
4567,Insurance,2024-02-20,6806.02,Medical
4568,Coffee,2024-02-24,9971.13,Food
4569,Seminar,2024-02-05,2693.44,Education
4570,Breakfast,2024-02-06,5887.72,Food
4571,Surgery,2024-02-24,9368.02,Medical
4572,Subscription,2024-02-20,3759.23,Others
4573,Exhibition,2024-02-05,1748.51,Entertainment
4574,Utilities,2024-02-19,7285.63,Home
4575,Parking,2024-02-11,871.97,Transportation
4576,Dental,2024-02-07,7776.72,Medical
4577,Groceries,2024-02-19,1305.84,Food
4578,Training,2024-02-19,5264.62,Education
4579,Bakery,2024-02-03,2930.25,Food
4580,Socks,2024-02-19,3151.2,Clothing
4581,Game,2024-02-12,2078.2,Entertainment
4582,Travel Insurance,2024-02-14,2055.88,Travel
4583,Data Plan,2024-02-23,2372.82,Communication
4584,Snacks,2024-02-21,852.06,Food
4585,Theater,2024-02-23,2365.52,Entertainment
4586,Suit,2024-02-19,4230.77,Clothing
4587,Subscription,2024-02-05,4454.13,Others
4588,Theater,2024-02-06,5677.86,Entertainment
4589,Mortgage,2024-02-02,8373.98,Home
4590,Bar,2024-02-22,5683.85,Entertainment
4591,Gift,2024-02-01,7484.06,Others
4592,Therapy,2024-02-15,2075.74,Medical
4593,Gym,2024-02-03,9777.4,Sports
4594,Miscellaneous,2024-02-10,2698.4,Others
4595,Subway,2024-02-19,9511.09,Transportation
4596,Training,2024-02-26,3177.56,Education
4597,Travel Insurance,2024-02-05,2723.68,Travel
4598,Bakery,2024-02-03,2774.66,Food
4599,Tennis,2024-02-03,5821.73,Sports
4600,Fitness Class,2024-02-28,3275.82,Sports
4601,Dinner,2024-03-08,1218.03,Food
4602,Toll,2024-03-21,486.38,Transportation
4603,Vaccine,2024-03-02,7118.39,Medical
4604,Utilities,2024-03-05,9381.63,Home
4605,Exam Fee,2024-03-08,4097.58,Education
4606,Fuel,2024-03-07,8501.21,Transportation
4607,Library Fee,2024-03-24,8929.19,Education
4608,Fax,2024-03-24,3437.52,Communication
4609,Seminar,2024-03-11,2304.61,Education
4610,Dental,2024-03-24,6665.39,Medical
4611,Surgery,2024-03-22,2571.19,Medical
4612,Swimming,2024-03-18,2399.41,Sports
4613,Bus,2024-03-26,8572.39,Transportation
4614,Messenger App,2024-03-19,8664.23,Communication
4615,Health Check,2024-03-03,1760.13,Medical
4616,Stationery,2024-03-10,2915.07,Education
4617,Train Ticket,2024-03-03,3775.34,Transportation
4618,Toll,2024-03-14,2991.15,Transportation
4619,Workshop,2024-03-05,216.02,Education
4620,Mortgage,2024-03-04,3712.74,Home
4621,Delivery,2024-03-14,9989.99,Food
4622,Sweater,2024-03-12,5313.43,Clothing
4623,Travel Insurance,2024-03-11,3959.78,Travel
4624,Amusement Park,2024-03-26,9318.53,Entertainment
4625,Cleaning,2024-03-02,50.0,Home
4626,Train Ticket,2024-03-15,5986.23,Transportation
4627,Tips,2024-03-18,5700.22,Others
4628,Toll,2024-03-28,6407.42,Transportation
4629,Concert,2024-03-18,7018.91,Entertainment
4630,Mobile Recharge,2024-03-27,6891.92,Communication
4631,Messenger App,2024-03-07,7745.59,Communication
4632,Calling Card,2024-03-17,7634.12,Communication
4633,Miscellaneous,2024-03-20,742.95,Others
4634,KTV,2024-03-06,3918.93,Entertainment
4635,Donation,2024-03-20,3967.13,Others
4636,Travel Guide,2024-03-02,3530.75,Travel
4637,Bus,2024-03-20,6960.86,Transportation
4638,Utilities,2024-03-10,7146.16,Home
4639,Training,2024-03-25,7856.41,Education
4640,Delivery,2024-03-06,9018.21,Food
4641,Basketball,2024-03-03,7823.11,Sports
4642,Pants,2024-03-12,7386.14,Clothing
4643,Lottery,2024-03-22,5209.06,Others
4644,Taxi,2024-03-03,8294.81,Travel
4645,Bakery,2024-03-27,7695.73,Food
4646,Dress,2024-03-16,5573.31,Clothing
4647,Breakfast,2024-03-26,9058.06,Food
4648,Pet,2024-03-22,9399.73,Others
4649,Bicycle,2024-03-08,3455.79,Transportation
4650,Pet,2024-03-25,1756.69,Others
4651,Data Plan,2024-03-27,9666.35,Communication
4652,Scarf,2024-03-24,7334.78,Clothing
4653,Bar,2024-03-10,1316.03,Entertainment
4654,Breakfast,2024-03-01,213.26,Food
4655,Furniture,2024-03-17,4195.57,Home
4656,Library Fee,2024-03-25,4683.06,Education
4657,Taxi,2024-03-19,7192.49,Transportation
4658,Breakfast,2024-03-28,5396.0,Food
4659,Decor,2024-03-25,3945.01,Home
4660,Concert,2024-03-27,7177.82,Entertainment
4661,Taxi,2024-03-20,5128.18,Transportation
4662,Travel Guide,2024-03-06,369.48,Travel
4663,Yoga,2024-03-08,2961.75,Sports
4664,Cleaning,2024-03-07,3943.46,Home
4665,Visa Fee,2024-03-11,5534.8,Travel
4666,Utilities,2024-03-19,317.17,Home
4667,Surgery,2024-03-27,8910.33,Medical
4668,Internet,2024-03-15,480.66,Communication
4669,Sweater,2024-03-06,6840.94,Clothing
4670,Scarf,2024-03-01,1189.49,Clothing
4671,Decor,2024-03-04,6746.66,Home
4672,Stationery,2024-03-15,7088.71,Education
4673,Rental Car,2024-03-13,232.6,Travel
4674,Cleaning,2024-03-28,1273.11,Home
4675,Donation,2024-03-22,9250.02,Others
4676,Travel Guide,2024-03-02,555.18,Travel
4677,Scarf,2024-03-25,1150.74,Clothing
4678,Cleaning,2024-03-13,3015.07,Home
4679,Shirt,2024-03-22,8355.35,Clothing
4680,Mortgage,2024-03-19,1130.3,Home
4681,Running,2024-03-18,5041.21,Sports
4682,Laundry,2024-03-27,6100.12,Others
4683,Online Course,2024-03-18,8671.55,Education
4684,Parking,2024-03-25,9505.4,Transportation
4685,Tuition,2024-03-26,6977.38,Education
4686,SIM Card,2024-03-12,1105.83,Communication
4687,Lunch,2024-03-05,2577.44,Food
4688,Concert,2024-03-25,4113.87,Entertainment
4689,Streaming Service,2024-03-22,2656.64,Entertainment
4690,Vaccine,2024-03-01,6750.89,Medical
4691,Decor,2024-03-20,8934.12,Home
4692,Fine,2024-03-21,9696.35,Others
4693,Hospital,2024-03-27,4148.42,Medical
4694,Flight,2024-03-28,56.21,Travel
4695,Snacks,2024-03-20,7665.99,Food
4696,Pants,2024-03-28,6838.99,Clothing
4697,Jacket,2024-03-22,8749.3,Clothing
4698,Swimming,2024-03-21,2587.97,Sports
4699,Flight,2024-03-10,626.36,Travel
4700,Fax,2024-03-09,5780.38,Communication
4701,Laundry,2024-04-23,3720.37,Others
4702,SIM Card,2024-04-23,5957.91,Communication
4703,Breakfast,2024-04-26,3528.89,Food
4704,Hat,2024-04-19,6024.13,Clothing
4705,Books,2024-04-26,7150.76,Education
4706,Fast Food,2024-04-16,7830.72,Food
4707,Jacket,2024-04-16,7207.11,Clothing
4708,Taxi,2024-04-07,3277.38,Travel
4709,Yoga,2024-04-02,8818.0,Sports
4710,Luggage,2024-04-19,9838.14,Travel
4711,VPN,2024-04-21,8963.87,Communication
4712,Restaurant,2024-04-13,7718.24,Food
4713,Bicycle,2024-04-18,5566.71,Transportation
4714,Travel Guide,2024-04-21,6458.22,Travel
4715,Lottery,2024-04-01,9334.27,Others
4716,Utilities,2024-04-25,6306.19,Home
4717,Lottery,2024-04-14,1847.01,Others
4718,Messenger App,2024-04-14,4775.95,Communication
4719,Therapy,2024-04-22,1304.5,Medical
4720,Snacks,2024-04-10,7059.94,Food
4721,Train,2024-04-19,9711.14,Travel
4722,Books,2024-04-09,8743.11,Education
4723,Laundry,2024-04-06,5413.23,Others
4724,KTV,2024-04-24,9377.94,Entertainment
4725,Roaming,2024-04-16,309.32,Communication
4726,Online Course,2024-04-02,4737.35,Education
4727,Swimming,2024-04-03,2042.18,Sports
4728,Hotel,2024-04-02,483.53,Travel
4729,Lottery,2024-04-13,4815.93,Others
4730,Mortgage,2024-04-15,6485.17,Home
4731,Library Fee,2024-04-18,2718.52,Education
4732,Gift,2024-04-26,123.64,Others
4733,Hospital,2024-04-22,7614.36,Medical
4734,Laundry,2024-04-20,2330.04,Others
4735,Pants,2024-04-02,4510.22,Clothing
4736,Lecture,2024-04-23,8689.64,Education
4737,Surgery,2024-04-18,4989.82,Medical
4738,Concert,2024-04-07,7827.74,Entertainment
4739,Lottery,2024-04-07,5548.94,Others
4740,Surgery,2024-04-08,4401.91,Medical
4741,Dinner,2024-04-19,3326.42,Food
4742,Train,2024-04-27,7402.28,Travel
4743,Laundry,2024-04-21,474.5,Others
4744,Seminar,2024-04-07,6333.8,Education
4745,Data Plan,2024-04-03,4914.53,Communication
4746,Doctor Visit,2024-04-14,3131.38,Medical
4747,Tennis,2024-04-19,2882.72,Sports
4748,Gym,2024-04-24,4773.78,Sports
4749,Toll,2024-04-27,5148.96,Transportation
4750,Cycling,2024-04-23,2423.76,Sports
4751,Mortgage,2024-04-20,6779.5,Home
4752,Fax,2024-04-07,5165.09,Communication
4753,Utilities,2024-04-24,1705.7,Home
4754,Dress,2024-04-13,6752.89,Clothing
4755,Basketball,2024-04-04,9013.26,Sports
4756,Lunch,2024-04-01,7527.56,Food
4757,Donation,2024-04-14,9458.28,Others
4758,Yoga,2024-04-25,2489.67,Sports
4759,Medicine,2024-04-22,3617.59,Medical
4760,Utilities,2024-04-26,3911.79,Home
4761,Data Plan,2024-04-25,4703.71,Communication
4762,Game,2024-04-20,9850.63,Entertainment
4763,Workshop,2024-04-05,2609.26,Education
4764,Football,2024-04-20,4517.54,Sports
4765,Gym,2024-04-15,8533.13,Sports
4766,Messenger App,2024-04-20,3825.43,Communication
4767,Shirt,2024-04-08,328.61,Clothing
4768,Internet,2024-04-16,8763.64,Communication
4769,Fine,2024-04-17,4080.07,Others
4770,Groceries,2024-04-11,8954.94,Food
4771,Tips,2024-04-18,5627.25,Others
4772,Seminar,2024-04-27,7466.67,Education
4773,Dress,2024-04-14,2256.64,Clothing
4774,Tips,2024-04-02,1563.3,Others
4775,Bar,2024-04-01,8799.83,Entertainment
4776,Lecture,2024-04-05,2162.53,Education
4777,Yoga,2024-04-14,1597.66,Sports
4778,Visa Fee,2024-04-25,5158.33,Travel
4779,Train Ticket,2024-04-24,2508.57,Transportation
4780,Eye Exam,2024-04-24,4500.83,Medical
4781,Medicine,2024-04-27,8561.22,Medical
4782,Gym,2024-04-07,5880.28,Sports
4783,Socks,2024-04-17,8244.99,Clothing
4784,Sweater,2024-04-05,5554.21,Clothing
4785,Flight,2024-04-22,1824.22,Travel
4786,SIM Card,2024-04-12,7577.62,Communication
4787,Fine,2024-04-14,638.8,Others
4788,Bicycle,2024-04-24,3267.74,Transportation
4789,Appliance,2024-04-03,5014.58,Home
4790,Surgery,2024-04-23,9125.72,Medical
4791,Groceries,2024-04-20,5320.62,Food
4792,Seminar,2024-04-14,6283.25,Education
4793,Hospital,2024-04-25,9945.52,Medical
4794,Amusement Park,2024-04-09,666.43,Entertainment
4795,Travel Guide,2024-04-26,5460.19,Travel
4796,Bakery,2024-04-26,2284.91,Food
4797,Theater,2024-04-07,5424.55,Entertainment
4798,SIM Card,2024-04-03,2951.03,Communication
4799,Online Course,2024-04-22,8143.13,Education
4800,Messenger App,2024-04-17,5524.03,Communication
4801,Donation,2024-05-11,8548.22,Others
4802,Exam Fee,2024-05-09,7276.58,Education
4803,Exam Fee,2024-05-28,9433.07,Education
4804,Train,2024-05-04,700.84,Travel
4805,VPN,2024-05-13,272.51,Communication
4806,Fast Food,2024-05-16,8122.31,Food
4807,Theater,2024-05-11,1520.51,Entertainment
4808,Flight,2024-05-26,8698.27,Travel
4809,Therapy,2024-05-08,4061.99,Medical
4810,Subscription,2024-05-16,7093.68,Others
4811,Dinner,2024-05-03,5057.22,Food
4812,Pet,2024-05-02,4919.43,Others
4813,Hospital,2024-05-07,8275.14,Medical
4814,Health Check,2024-05-23,9622.49,Medical
4815,Travel Guide,2024-05-05,8507.26,Travel
4816,Jacket,2024-05-14,1817.42,Clothing
4817,Utilities,2024-05-06,2142.27,Home
4818,Health Check,2024-05-19,7762.39,Medical
4819,Subway,2024-05-09,8835.95,Transportation
4820,Shirt,2024-05-23,245.75,Clothing
4821,Decor,2024-05-22,8000.83,Home
4822,Cycling,2024-05-26,5035.53,Sports
4823,Luggage,2024-05-15,4883.13,Travel
4824,Lottery,2024-05-05,6685.35,Others
4825,Dress,2024-05-26,840.06,Clothing
4826,Gym,2024-05-08,5037.04,Sports
4827,Parking,2024-05-08,8630.06,Transportation
4828,Train,2024-05-22,4572.09,Travel
4829,Dress,2024-05-15,5999.44,Clothing
4830,Gift,2024-05-24,5486.42,Others
4831,Train,2024-05-15,9447.28,Travel
4832,Repair,2024-05-03,4303.49,Home
4833,Cycling,2024-05-24,6959.68,Sports
4834,Pet,2024-05-18,2380.93,Others
4835,Hotel,2024-05-15,811.88,Travel
4836,Breakfast,2024-05-24,4872.52,Food
4837,Streaming Service,2024-05-08,5265.74,Entertainment
4838,Cleaning,2024-05-10,7611.6,Home
4839,Donation,2024-05-24,752.95,Others
4840,Car Maintenance,2024-05-15,9376.93,Transportation
4841,Yoga,2024-05-28,1606.91,Sports
4842,Dental,2024-05-13,4159.14,Medical
4843,Parking,2024-05-27,3483.2,Transportation
4844,Socks,2024-05-15,926.14,Clothing
4845,Messenger App,2024-05-16,8480.15,Communication
4846,Hospital,2024-05-01,9834.21,Medical
4847,Exam Fee,2024-05-02,2299.02,Education
4848,SIM Card,2024-05-15,2410.76,Communication
4849,Bicycle,2024-05-02,9816.02,Transportation
4850,Medicine,2024-05-16,8619.81,Medical
4851,Appliance,2024-05-27,7661.28,Home
4852,Workshop,2024-05-22,2982.15,Education
4853,Dinner,2024-05-26,5538.93,Food
4854,Football,2024-05-13,507.88,Sports
4855,Furniture,2024-05-12,3493.05,Home
4856,Tips,2024-05-15,4941.98,Others
4857,Flight,2024-05-24,7198.02,Travel
4858,Taxi,2024-05-22,7655.19,Transportation
4859,Ride Share,2024-05-18,6569.15,Transportation
4860,Jacket,2024-05-16,1369.17,Clothing
4861,Online Course,2024-05-02,3259.44,Education
4862,Restaurant,2024-05-20,3066.56,Food
4863,Mobile Recharge,2024-05-01,8786.34,Communication
4864,Tour Package,2024-05-23,7443.73,Travel
4865,Dinner,2024-05-10,3267.53,Food
4866,Mortgage,2024-05-24,9503.42,Home
4867,Jacket,2024-05-14,8158.34,Clothing
4868,Gift,2024-05-24,8102.66,Others
4869,Gift,2024-05-15,3839.92,Others
4870,Pants,2024-05-07,7280.69,Clothing
4871,Parking,2024-05-08,6368.86,Transportation
4872,Parking,2024-05-27,5991.26,Transportation
4873,Tennis,2024-05-07,9932.46,Sports
4874,Rent,2024-05-18,5528.59,Home
4875,Car Maintenance,2024-05-03,8663.04,Transportation
4876,Parking,2024-05-04,7324.83,Transportation
4877,Surgery,2024-05-23,8184.27,Medical
4878,Flight,2024-05-20,4623.72,Travel
4879,Swimming,2024-05-03,9730.91,Sports
4880,Visa Fee,2024-05-26,9598.86,Travel
4881,Train,2024-05-13,9263.04,Travel
4882,Jacket,2024-05-25,588.47,Clothing
4883,Streaming Service,2024-05-09,9479.11,Entertainment
4884,Exam Fee,2024-05-20,8488.9,Education
4885,Parking,2024-05-23,5103.12,Transportation
4886,Donation,2024-05-22,8681.59,Others
4887,Phone Bill,2024-05-07,374.82,Communication
4888,Toll,2024-05-22,9887.95,Transportation
4889,Train Ticket,2024-05-25,7464.59,Transportation
4890,Hospital,2024-05-12,9776.39,Medical
4891,Mortgage,2024-05-13,7887.59,Home
4892,Travel Insurance,2024-05-08,3156.75,Travel
4893,Game,2024-05-12,8562.57,Entertainment
4894,Calling Card,2024-05-06,8641.27,Communication
4895,Fuel,2024-05-26,5571.97,Transportation
4896,Lottery,2024-05-23,292.69,Others
4897,Medicine,2024-05-24,2139.56,Medical
4898,Toll,2024-05-22,7956.55,Transportation
4899,Travel Guide,2024-05-11,3463.01,Travel
4900,Subscription,2024-05-26,1127.86,Others
4901,Amusement Park,2024-06-11,8504.96,Entertainment
4902,Groceries,2024-06-15,3752.8,Food
4903,Cleaning,2024-06-12,9470.54,Home
4904,Luggage,2024-06-24,3021.12,Travel
4905,Running,2024-06-28,8063.29,Sports
4906,Dress,2024-06-02,9713.57,Clothing
4907,Cycling,2024-06-28,5077.59,Sports
4908,Yoga,2024-06-28,3219.14,Sports
4909,Travel Guide,2024-06-03,609.83,Travel
4910,Sweater,2024-06-10,3556.53,Clothing
4911,Online Course,2024-06-11,5904.42,Education
4912,Laundry,2024-06-14,9869.04,Others
4913,Calling Card,2024-06-19,4018.95,Communication
4914,Fitness Class,2024-06-12,9294.58,Sports
4915,Doctor Visit,2024-06-17,8262.27,Medical
4916,Travel Insurance,2024-06-09,9188.82,Travel
4917,Running,2024-06-22,6665.39,Sports
4918,Football,2024-06-07,1956.65,Sports
4919,VPN,2024-06-06,6174.77,Communication
4920,Furniture,2024-06-16,9058.35,Home
4921,Hat,2024-06-08,2881.14,Clothing
4922,Gym,2024-06-13,8318.01,Sports
4923,Exam Fee,2024-06-22,2573.9,Education
4924,Tuition,2024-06-19,116.67,Education
4925,Jacket,2024-06-22,7307.22,Clothing
4926,Train,2024-06-06,8964.69,Travel
4927,Snacks,2024-06-17,6075.16,Food
4928,Workshop,2024-06-19,5020.4,Education
4929,Utilities,2024-06-15,5673.26,Home
4930,Movie,2024-06-28,4461.68,Entertainment
4931,Amusement Park,2024-06-28,2864.01,Entertainment
4932,Dinner,2024-06-01,6589.13,Food
4933,Storage,2024-06-11,2432.31,Others
4934,Lecture,2024-06-16,1790.24,Education
4935,Snacks,2024-06-21,3468.27,Food
4936,Mortgage,2024-06-27,6096.81,Home
4937,Basketball,2024-06-26,8311.08,Sports
4938,Data Plan,2024-06-04,7411.97,Communication
4939,Shoes,2024-06-26,183.87,Clothing
4940,Tennis,2024-06-17,7887.85,Sports
4941,Scarf,2024-06-26,2525.18,Clothing
4942,Rental Car,2024-06-06,3271.77,Travel
4943,Therapy,2024-06-06,3849.25,Medical
4944,Messenger App,2024-06-06,7358.61,Communication
4945,Utilities,2024-06-26,9852.5,Home
4946,Stationery,2024-06-01,9446.04,Education
4947,Utilities,2024-06-16,5561.81,Home
4948,Visa Fee,2024-06-07,4271.4,Travel
4949,Mobile Recharge,2024-06-28,5619.22,Communication
4950,Storage,2024-06-22,2491.56,Others
4951,Furniture,2024-06-02,2843.89,Home
4952,Yoga,2024-06-07,8202.44,Sports
4953,Surgery,2024-06-16,8359.81,Medical
4954,Internet,2024-06-13,5891.31,Home
4955,Tips,2024-06-04,6024.94,Others
4956,Workshop,2024-06-22,3002.35,Education
4957,Appliance,2024-06-02,6339.69,Home
4958,Donation,2024-06-26,2559.73,Others
4959,Messenger App,2024-06-18,8924.43,Communication
4960,Utilities,2024-06-19,8741.88,Home
4961,Furniture,2024-06-02,7976.22,Home
4962,Football,2024-06-28,3482.02,Sports
4963,Swimming,2024-06-02,7245.15,Sports
4964,Fitness Class,2024-06-15,7066.59,Sports
4965,Subway,2024-06-06,5673.1,Transportation
4966,Subway,2024-06-21,6075.23,Transportation
4967,Lecture,2024-06-28,7312.34,Education
4968,Toll,2024-06-14,1848.7,Transportation
4969,Game,2024-06-11,8906.68,Entertainment
4970,Training,2024-06-05,797.48,Education
4971,Subscription,2024-06-23,6562.19,Others
4972,Train Ticket,2024-06-03,2425.78,Transportation
4973,Exhibition,2024-06-15,5830.73,Entertainment
4974,Training,2024-06-20,7672.66,Education
4975,Vaccine,2024-06-17,1283.31,Medical
4976,Rental Car,2024-06-24,5882.81,Travel
4977,Security,2024-06-13,5159.36,Home
4978,Travel Guide,2024-06-12,7171.18,Travel
4979,Basketball,2024-06-10,930.23,Sports
4980,Hat,2024-06-28,3520.18,Clothing
4981,VPN,2024-06-17,3179.16,Communication
4982,Internet,2024-06-22,7226.94,Home
4983,Tuition,2024-06-25,19.91,Education
4984,Eye Exam,2024-06-13,2595.52,Medical
4985,Data Plan,2024-06-02,1607.21,Communication
4986,Online Course,2024-06-13,5422.21,Education
4987,Messenger App,2024-06-18,6141.47,Communication
4988,Football,2024-06-17,1656.0,Sports
4989,Exam Fee,2024-06-11,6257.75,Education
4990,Theater,2024-06-18,6548.76,Entertainment
4991,Hotel,2024-06-19,3277.88,Travel
4992,Bus,2024-06-27,998.78,Transportation
4993,Shoes,2024-06-14,4147.37,Clothing
4994,Hospital,2024-06-22,962.01,Medical
4995,Restaurant,2024-06-26,2408.17,Food
4996,Jacket,2024-06-02,648.34,Clothing
4997,Basketball,2024-06-17,9662.07,Sports
4998,Stationery,2024-06-17,7216.99,Education
4999,Seminar,2024-06-01,6465.97,Education
5000,Exhibition,2024-06-06,6959.13,Entertainment
5001,Dental,2024-07-20,4614.49,Medical
5002,Exhibition,2024-07-13,3919.81,Entertainment
5003,Shirt,2024-07-20,8935.77,Clothing
5004,Basketball,2024-07-16,733.09,Sports
5005,Donation,2024-07-17,31.56,Others
5006,Tuition,2024-07-23,9313.8,Education
5007,Doctor Visit,2024-07-12,131.87,Medical
5008,Furniture,2024-07-19,7908.91,Home
5009,Luggage,2024-07-07,5487.17,Travel
5010,Surgery,2024-07-05,8501.83,Medical
5011,Taxi,2024-07-26,9013.42,Transportation
5012,Flight,2024-07-04,9434.21,Travel
5013,Medicine,2024-07-05,5011.04,Medical
5014,Data Plan,2024-07-04,7251.62,Communication
5015,Amusement Park,2024-07-23,7856.24,Entertainment
5016,Health Check,2024-07-11,7086.85,Medical
5017,Tips,2024-07-27,1539.13,Others
5018,Hospital,2024-07-27,1815.06,Medical
5019,Decor,2024-07-22,7596.83,Home
5020,SIM Card,2024-07-14,7561.44,Communication
5021,Insurance,2024-07-16,3482.77,Medical
5022,Flight,2024-07-16,2720.66,Travel
5023,Eye Exam,2024-07-23,3627.71,Medical
5024,Health Check,2024-07-28,6869.98,Medical
5025,Therapy,2024-07-19,7556.46,Medical
5026,Gym,2024-07-26,7354.68,Sports
5027,Stationery,2024-07-12,9505.74,Education
5028,Subscription,2024-07-12,9927.54,Others
5029,Bicycle,2024-07-24,1363.93,Transportation
5030,Repair,2024-07-24,5781.74,Home
5031,Gym,2024-07-11,924.98,Sports
5032,Taxi,2024-07-06,2995.62,Transportation
5033,Concert,2024-07-07,1078.64,Entertainment
5034,Hat,2024-07-03,6969.58,Clothing
5035,Bar,2024-07-06,9650.23,Entertainment
5036,Vaccine,2024-07-10,3010.6,Medical
5037,Internet,2024-07-17,3130.84,Home
5038,Mobile Recharge,2024-07-21,875.75,Communication
5039,Gym,2024-07-23,3240.68,Sports
5040,Seminar,2024-07-16,2830.34,Education
5041,Mobile Recharge,2024-07-17,5955.89,Communication
5042,Health Check,2024-07-03,6329.2,Medical
5043,Suit,2024-07-27,5961.73,Clothing
5044,Rent,2024-07-08,9496.4,Home
5045,Mortgage,2024-07-12,5881.32,Home
5046,Toll,2024-07-25,6449.86,Transportation
5047,Coffee,2024-07-19,4074.17,Food
5048,KTV,2024-07-08,8720.53,Entertainment
5049,Luggage,2024-07-19,2691.72,Travel
5050,Bicycle,2024-07-06,682.03,Transportation
5051,Donation,2024-07-20,1713.62,Others
5052,Health Check,2024-07-07,3168.82,Medical
5053,Health Check,2024-07-11,1792.81,Medical
5054,Bicycle,2024-07-08,859.91,Transportation
5055,Furniture,2024-07-09,1133.93,Home
5056,Toll,2024-07-16,9350.19,Transportation
5057,Seminar,2024-07-13,2448.96,Education
5058,Sweater,2024-07-11,3516.88,Clothing
5059,Doctor Visit,2024-07-06,3213.79,Medical
5060,Taxi,2024-07-27,3505.51,Travel
5061,Delivery,2024-07-04,813.05,Food
5062,Data Plan,2024-07-23,4078.65,Communication
5063,Groceries,2024-07-26,7315.84,Food
5064,Running,2024-07-10,8411.14,Sports
5065,Luggage,2024-07-23,9500.29,Travel
5066,Rent,2024-07-28,8278.09,Home
5067,Dress,2024-07-18,8246.9,Clothing
5068,Parking,2024-07-17,1494.66,Transportation
5069,Delivery,2024-07-21,7189.2,Food
5070,KTV,2024-07-10,3219.7,Entertainment
5071,Concert,2024-07-21,417.37,Entertainment
5072,Running,2024-07-25,8779.62,Sports
5073,Parking,2024-07-24,8528.75,Transportation
5074,Taxi,2024-07-06,8738.33,Transportation
5075,Fuel,2024-07-24,313.73,Transportation
5076,Running,2024-07-13,2121.21,Sports
5077,Toll,2024-07-05,6320.25,Transportation
5078,Fuel,2024-07-20,761.05,Transportation
5079,Internet,2024-07-19,2767.17,Communication
5080,Parking,2024-07-23,8813.38,Transportation
5081,Fuel,2024-07-17,5445.16,Transportation
5082,Train,2024-07-10,6799.14,Travel
5083,Hat,2024-07-26,4455.66,Clothing
5084,Snacks,2024-07-28,3895.23,Food
5085,Exam Fee,2024-07-09,4740.58,Education
5086,Donation,2024-07-02,786.42,Others
5087,Pants,2024-07-04,1634.37,Clothing
5088,Fine,2024-07-12,7940.31,Others
5089,Appliance,2024-07-25,4579.11,Home
5090,Calling Card,2024-07-14,7589.78,Communication
5091,Subscription,2024-07-14,7038.89,Others
5092,Security,2024-07-28,1258.87,Home
5093,Online Course,2024-07-11,9748.98,Education
5094,Tennis,2024-07-28,2293.65,Sports
5095,Bicycle,2024-07-08,5712.78,Transportation
5096,Train,2024-07-07,9375.88,Travel
5097,Eye Exam,2024-07-17,4600.03,Medical
5098,Eye Exam,2024-07-04,6109.12,Medical
5099,Amusement Park,2024-07-13,2295.0,Entertainment
5100,Training,2024-07-04,5374.84,Education
5101,Mobile Recharge,2024-08-17,1675.57,Communication
5102,Subscription,2024-08-25,3697.62,Others
5103,Running,2024-08-05,5638.05,Sports
5104,Concert,2024-08-28,5065.08,Entertainment
5105,Basketball,2024-08-21,5971.28,Sports
5106,Travel Insurance,2024-08-28,9068.41,Travel
5107,Lecture,2024-08-06,8097.43,Education
5108,Pet,2024-08-03,7111.32,Others
5109,Exam Fee,2024-08-03,3584.75,Education
5110,Bus,2024-08-10,6847.05,Transportation
5111,SIM Card,2024-08-26,2996.09,Communication
5112,Sweater,2024-08-02,7734.8,Clothing
5113,Fuel,2024-08-05,8082.16,Transportation
5114,Online Course,2024-08-02,826.01,Education
5115,Taxi,2024-08-08,4368.38,Travel
5116,Laundry,2024-08-02,5800.94,Others
5117,Stationery,2024-08-19,5445.66,Education
5118,Delivery,2024-08-19,6546.75,Food
5119,SIM Card,2024-08-18,785.63,Communication
5120,Luggage,2024-08-04,1918.94,Travel
5121,Snacks,2024-08-12,8325.51,Food
5122,Medicine,2024-08-04,8797.61,Medical
5123,Shirt,2024-08-23,2330.05,Clothing
5124,Internet,2024-08-28,2897.58,Communication
5125,Jacket,2024-08-12,798.94,Clothing
5126,Pet,2024-08-09,934.81,Others
5127,Sweater,2024-08-05,3814.89,Clothing
5128,Bakery,2024-08-23,5996.15,Food
5129,Scarf,2024-08-07,1115.43,Clothing
5130,VPN,2024-08-12,8615.33,Communication
5131,Insurance,2024-08-10,4852.43,Medical
5132,Internet,2024-08-01,1372.9,Communication
5133,Laundry,2024-08-17,2670.67,Others
5134,Dental,2024-08-06,6218.75,Medical
5135,Pet,2024-08-25,9847.93,Others
5136,Hospital,2024-08-12,7207.37,Medical
5137,Snacks,2024-08-24,2097.93,Food
5138,Cleaning,2024-08-04,9043.33,Home
5139,Eye Exam,2024-08-07,6088.45,Medical
5140,Coffee,2024-08-04,1884.74,Food
5141,Tour Package,2024-08-25,200.31,Travel
5142,Online Course,2024-08-17,640.95,Education
5143,Training,2024-08-11,549.58,Education
5144,Health Check,2024-08-27,1117.04,Medical
5145,Snacks,2024-08-18,4399.59,Food
5146,Seminar,2024-08-28,159.82,Education
5147,Bar,2024-08-01,4401.6,Entertainment
5148,Laundry,2024-08-23,9849.36,Others
5149,Car Maintenance,2024-08-11,1623.81,Transportation
5150,Eye Exam,2024-08-10,4095.57,Medical
5151,Pet,2024-08-13,1685.05,Others
5152,Insurance,2024-08-20,1267.13,Medical
5153,Subway,2024-08-26,6308.68,Transportation
5154,Lunch,2024-08-15,5442.68,Food
5155,Equipment,2024-08-11,3550.4,Sports
5156,Bakery,2024-08-18,4161.4,Food
5157,Seminar,2024-08-15,7550.11,Education
5158,Football,2024-08-08,3119.25,Sports
5159,Calling Card,2024-08-28,6972.26,Communication
5160,Pants,2024-08-06,2927.21,Clothing
5161,Restaurant,2024-08-26,3104.98,Food
5162,Fitness Class,2024-08-04,7101.06,Sports
5163,Dental,2024-08-06,9409.38,Medical
5164,Running,2024-08-03,8185.03,Sports
5165,Shirt,2024-08-19,4210.6,Clothing
5166,Nightclub,2024-08-05,8843.57,Entertainment
5167,Sweater,2024-08-16,4478.83,Clothing
5168,Rental Car,2024-08-06,4851.56,Travel
5169,Lottery,2024-08-23,1912.73,Others
5170,Mobile Recharge,2024-08-07,9337.79,Communication
5171,Shirt,2024-08-26,8375.89,Clothing
5172,Fitness Class,2024-08-21,5677.41,Sports
5173,Phone Bill,2024-08-25,4733.35,Communication
5174,Amusement Park,2024-08-22,4630.4,Entertainment
5175,Stationery,2024-08-18,2079.54,Education
5176,Basketball,2024-08-24,5513.48,Sports
5177,Roaming,2024-08-08,9398.16,Communication
5178,Workshop,2024-08-11,2567.03,Education
5179,Pants,2024-08-03,6383.54,Clothing
5180,Bakery,2024-08-20,9451.14,Food
5181,Tips,2024-08-05,9462.35,Others
5182,Library Fee,2024-08-12,9488.87,Education
5183,Bus,2024-08-24,615.49,Transportation
5184,Toll,2024-08-19,889.44,Transportation
5185,Mortgage,2024-08-03,7266.32,Home
5186,Subway,2024-08-02,6590.67,Transportation
5187,Laundry,2024-08-10,8118.17,Others
5188,Phone Bill,2024-08-07,2155.02,Communication
5189,Hat,2024-08-10,375.78,Clothing
5190,Amusement Park,2024-08-14,6023.34,Entertainment
5191,Game,2024-08-25,5681.89,Entertainment
5192,Jacket,2024-08-01,2747.26,Clothing
5193,Data Plan,2024-08-04,8623.31,Communication
5194,Parking,2024-08-13,9409.33,Transportation
5195,Gift,2024-08-11,9643.76,Others
5196,Fitness Class,2024-08-19,992.82,Sports
5197,Coffee,2024-08-04,2246.97,Food
5198,Roaming,2024-08-23,8212.32,Communication
5199,Calling Card,2024-08-02,4457.16,Communication
5200,Utilities,2024-08-09,5605.5,Home
5201,Mortgage,2024-09-04,7222.9,Home
5202,Storage,2024-09-04,3821.69,Others
5203,Hat,2024-09-24,3453.1,Clothing
5204,Jacket,2024-09-28,8990.4,Clothing
5205,Subscription,2024-09-21,2175.5,Others
5206,Vaccine,2024-09-02,8535.56,Medical
5207,Subscription,2024-09-13,3585.81,Others
5208,Gym,2024-09-12,6747.06,Sports
5209,Bicycle,2024-09-14,7560.04,Transportation
5210,Fine,2024-09-17,1889.53,Others
5211,Car Maintenance,2024-09-09,4182.82,Transportation
5212,Decor,2024-09-05,751.82,Home
5213,Fitness Class,2024-09-08,9674.24,Sports
5214,Gift,2024-09-21,6608.24,Others
5215,Streaming Service,2024-09-04,9945.94,Entertainment
5216,Lottery,2024-09-08,8963.6,Others
5217,Rent,2024-09-13,9837.02,Home
5218,Lecture,2024-09-22,641.22,Education
5219,Tennis,2024-09-19,4908.7,Sports
5220,Gift,2024-09-07,1142.05,Others
5221,Dress,2024-09-12,7786.81,Clothing
5222,Cycling,2024-09-13,4081.41,Sports
5223,KTV,2024-09-03,9045.18,Entertainment
5224,Football,2024-09-03,1419.56,Sports
5225,Hospital,2024-09-21,5315.38,Medical
5226,Storage,2024-09-25,6843.8,Others
5227,Football,2024-09-23,1889.26,Sports
5228,Rental Car,2024-09-12,7991.94,Travel
5229,Data Plan,2024-09-04,1037.61,Communication
5230,Bicycle,2024-09-16,1962.49,Transportation
5231,Movie,2024-09-05,6326.77,Entertainment
5232,Ride Share,2024-09-28,3846.8,Transportation
5233,Cleaning,2024-09-04,4390.74,Home
5234,Subscription,2024-09-12,262.74,Others
5235,Fine,2024-09-05,3824.52,Others
5236,Mobile Recharge,2024-09-15,9778.88,Communication
5237,Toll,2024-09-26,6561.04,Transportation
5238,Fast Food,2024-09-27,5176.84,Food
5239,Training,2024-09-24,6516.74,Education
5240,Tour Package,2024-09-12,5215.9,Travel
5241,Delivery,2024-09-25,2824.32,Food
5242,Tennis,2024-09-27,9376.13,Sports
5243,Rental Car,2024-09-07,8422.93,Travel
5244,Decor,2024-09-12,1630.87,Home
5245,Amusement Park,2024-09-04,5863.82,Entertainment
5246,Luggage,2024-09-11,5471.84,Travel
5247,Train Ticket,2024-09-05,6351.59,Transportation
5248,Socks,2024-09-06,7193.09,Clothing
5249,Shoes,2024-09-01,8313.53,Clothing
5250,Delivery,2024-09-14,2370.01,Food
5251,Training,2024-09-09,5795.33,Education
5252,Concert,2024-09-09,9378.99,Entertainment
5253,SIM Card,2024-09-18,9018.05,Communication
5254,Vaccine,2024-09-02,26.51,Medical
5255,Hat,2024-09-08,5338.72,Clothing
5256,Rent,2024-09-20,683.47,Home
5257,Fuel,2024-09-23,365.25,Transportation
5258,Pet,2024-09-27,9617.88,Others
5259,Furniture,2024-09-28,7080.92,Home
5260,Restaurant,2024-09-04,7909.05,Food
5261,Hospital,2024-09-10,3820.28,Medical
5262,VPN,2024-09-24,1699.1,Communication
5263,Running,2024-09-12,7275.57,Sports
5264,Groceries,2024-09-17,5143.55,Food
5265,Ride Share,2024-09-15,5822.57,Transportation
5266,Visa Fee,2024-09-28,2420.49,Travel
5267,Pants,2024-09-06,7844.18,Clothing
5268,Pet,2024-09-26,8677.72,Others
5269,Groceries,2024-09-08,3462.38,Food
5270,Visa Fee,2024-09-14,8365.17,Travel
5271,Fax,2024-09-02,3230.29,Communication
5272,Equipment,2024-09-05,1408.08,Sports
5273,Mobile Recharge,2024-09-14,1981.13,Communication
5274,Internet,2024-09-27,8102.73,Communication
5275,Data Plan,2024-09-04,1390.43,Communication
5276,Taxi,2024-09-07,1597.26,Travel
5277,Flight,2024-09-11,7042.53,Travel
5278,Surgery,2024-09-04,2874.02,Medical
5279,Internet,2024-09-24,4673.14,Home
5280,Gym,2024-09-10,329.99,Sports
5281,Concert,2024-09-20,2422.62,Entertainment
5282,Security,2024-09-20,4880.18,Home
5283,Repair,2024-09-20,8611.31,Home
5284,Bar,2024-09-16,3314.81,Entertainment
5285,Taxi,2024-09-10,7938.22,Transportation
5286,Doctor Visit,2024-09-24,8849.81,Medical
5287,Utilities,2024-09-05,9785.02,Home
5288,Dental,2024-09-07,2313.87,Medical
5289,Tuition,2024-09-02,7947.93,Education
5290,Subscription,2024-09-14,1985.52,Others
5291,Pants,2024-09-06,6588.53,Clothing
5292,Donation,2024-09-27,4019.11,Others
5293,Decor,2024-09-01,5433.73,Home
5294,Donation,2024-09-21,4636.71,Others
5295,Sweater,2024-09-28,7239.72,Clothing
5296,Rent,2024-09-15,5883.2,Home
5297,Hotel,2024-09-26,7479.71,Travel
5298,Vaccine,2024-09-14,6010.78,Medical
5299,Exhibition,2024-09-17,5113.63,Entertainment
5300,Eye Exam,2024-09-04,283.19,Medical
5301,Nightclub,2024-10-22,7087.29,Entertainment
5302,Sweater,2024-10-01,6957.59,Clothing
5303,Cleaning,2024-10-28,5631.4,Home
5304,Hat,2024-10-14,1102.55,Clothing
5305,Bakery,2024-10-22,9990.34,Food
5306,Cycling,2024-10-19,2452.69,Sports
5307,Data Plan,2024-10-06,3604.77,Communication
5308,Bar,2024-10-16,8488.36,Entertainment
5309,Exam Fee,2024-10-06,1118.23,Education
5310,Taxi,2024-10-24,6982.64,Travel
5311,Scarf,2024-10-18,8195.23,Clothing
5312,Appliance,2024-10-23,382.31,Home
5313,Sweater,2024-10-11,2141.7,Clothing
5314,Hotel,2024-10-20,9468.5,Travel
5315,Football,2024-10-18,7805.56,Sports
5316,Exam Fee,2024-10-01,5528.28,Education
5317,Visa Fee,2024-10-20,8820.85,Travel
5318,Flight,2024-10-21,105.65,Travel
5319,Stationery,2024-10-08,8675.58,Education
5320,Fax,2024-10-02,7572.8,Communication
5321,Tuition,2024-10-02,5717.32,Education
5322,Medicine,2024-10-26,754.04,Medical
5323,Travel Insurance,2024-10-04,933.71,Travel
5324,Pet,2024-10-25,8689.32,Others
5325,Calling Card,2024-10-10,2051.2,Communication
5326,Sweater,2024-10-03,3957.63,Clothing
5327,Repair,2024-10-14,2238.66,Home
5328,Basketball,2024-10-17,8445.56,Sports
5329,Library Fee,2024-10-18,3464.7,Education
5330,Car Maintenance,2024-10-02,7792.9,Transportation
5331,Decor,2024-10-19,1597.45,Home
5332,Theater,2024-10-06,2003.19,Entertainment
5333,Taxi,2024-10-27,52.58,Travel
5334,Football,2024-10-02,7716.79,Sports
5335,Insurance,2024-10-23,8897.36,Medical
5336,Car Maintenance,2024-10-13,4315.83,Transportation
5337,Ride Share,2024-10-23,1945.41,Transportation
5338,Suit,2024-10-21,3878.76,Clothing
5339,Running,2024-10-18,6456.0,Sports
5340,Parking,2024-10-12,7511.45,Transportation
5341,Train,2024-10-04,4460.15,Travel
5342,Bicycle,2024-10-16,9121.18,Transportation
5343,Coffee,2024-10-09,1266.96,Food
5344,Travel Insurance,2024-10-20,1001.46,Travel
5345,Swimming,2024-10-15,8456.48,Sports
5346,Bicycle,2024-10-04,9846.57,Transportation
5347,Donation,2024-10-25,3817.96,Others
5348,Calling Card,2024-10-17,6402.64,Communication
5349,Lottery,2024-10-02,4019.48,Others
5350,Workshop,2024-10-21,5242.85,Education
5351,Roaming,2024-10-19,3758.71,Communication
5352,Running,2024-10-12,8888.5,Sports
5353,Breakfast,2024-10-20,5172.16,Food
5354,Pants,2024-10-12,6257.71,Clothing
5355,KTV,2024-10-11,2797.62,Entertainment
5356,Fuel,2024-10-23,7405.64,Transportation
5357,Hospital,2024-10-23,8743.8,Medical
5358,Lunch,2024-10-07,5448.15,Food
5359,Tour Package,2024-10-12,6170.92,Travel
5360,Concert,2024-10-24,8231.6,Entertainment
5361,Jacket,2024-10-04,9782.62,Clothing
5362,Hospital,2024-10-21,3733.02,Medical
5363,Internet,2024-10-21,8108.53,Home
5364,Streaming Service,2024-10-17,7307.57,Entertainment
5365,Equipment,2024-10-02,3495.73,Sports
5366,KTV,2024-10-15,1804.22,Entertainment
5367,Running,2024-10-26,2635.7,Sports
5368,Library Fee,2024-10-08,9151.62,Education
5369,Coffee,2024-10-20,6935.73,Food
5370,Luggage,2024-10-22,7543.55,Travel
5371,Travel Guide,2024-10-07,373.04,Travel
5372,Travel Guide,2024-10-12,6398.87,Travel
5373,Miscellaneous,2024-10-26,2586.5,Others
5374,KTV,2024-10-09,6043.73,Entertainment
5375,Data Plan,2024-10-11,8213.91,Communication
5376,Fine,2024-10-23,4769.54,Others
5377,Phone Bill,2024-10-05,1491.43,Communication
5378,Roaming,2024-10-09,3875.67,Communication
5379,Internet,2024-10-06,9753.53,Communication
5380,Training,2024-10-06,5684.78,Education
5381,Hat,2024-10-12,3364.29,Clothing
5382,Health Check,2024-10-03,6636.74,Medical
5383,Parking,2024-10-02,1981.1,Transportation
5384,Health Check,2024-10-05,916.06,Medical
5385,Bus,2024-10-26,6386.27,Transportation
5386,Game,2024-10-10,6954.96,Entertainment
5387,Bicycle,2024-10-02,4520.49,Transportation
5388,Equipment,2024-10-11,2550.02,Sports
5389,Groceries,2024-10-28,3593.6,Food
5390,SIM Card,2024-10-07,8322.43,Communication
5391,Medicine,2024-10-02,8993.74,Medical
5392,Therapy,2024-10-14,250.97,Medical
5393,Fine,2024-10-14,284.75,Others
5394,Online Course,2024-10-08,3296.6,Education
5395,Basketball,2024-10-06,3592.63,Sports
5396,Cleaning,2024-10-13,2019.71,Home
5397,Equipment,2024-10-21,9443.98,Sports
5398,Rental Car,2024-10-01,6408.58,Travel
5399,Ride Share,2024-10-06,9293.8,Transportation
5400,Theater,2024-10-06,7597.77,Entertainment
5401,Appliance,2024-11-17,8394.23,Home
5402,SIM Card,2024-11-26,2827.6,Communication
5403,Phone Bill,2024-11-28,330.04,Communication
5404,Training,2024-11-02,9404.23,Education
5405,Ride Share,2024-11-06,1966.81,Transportation
5406,Appliance,2024-11-08,8566.63,Home
5407,Utilities,2024-11-19,6065.11,Home
5408,Appliance,2024-11-02,3976.57,Home
5409,Sweater,2024-11-12,5897.74,Clothing
5410,Football,2024-11-02,2967.62,Sports
5411,Hat,2024-11-17,3523.73,Clothing
5412,Hat,2024-11-21,309.96,Clothing
5413,Rental Car,2024-11-03,2385.86,Travel
5414,Gift,2024-11-19,5141.88,Others
5415,Concert,2024-11-25,3614.91,Entertainment
5416,Workshop,2024-11-05,604.67,Education
5417,Swimming,2024-11-03,5599.88,Sports
5418,Taxi,2024-11-05,8014.53,Travel
5419,Insurance,2024-11-01,6054.3,Medical
5420,Tour Package,2024-11-12,356.13,Travel
5421,Toll,2024-11-28,2179.94,Transportation
5422,Repair,2024-11-13,554.9,Home
5423,Therapy,2024-11-09,4490.19,Medical
5424,Donation,2024-11-26,5030.72,Others
5425,Shirt,2024-11-23,4531.83,Clothing
5426,Fitness Class,2024-11-12,6330.73,Sports
5427,Seminar,2024-11-25,8230.13,Education
5428,Swimming,2024-11-19,5768.95,Sports
5429,Pet,2024-11-01,6726.01,Others
5430,SIM Card,2024-11-24,2513.25,Communication
5431,Donation,2024-11-27,4954.16,Others
5432,Taxi,2024-11-25,5257.17,Travel
5433,Stationery,2024-11-16,4600.96,Education
5434,Library Fee,2024-11-27,8314.35,Education
5435,Doctor Visit,2024-11-17,6688.56,Medical
5436,Messenger App,2024-11-01,4220.55,Communication
5437,SIM Card,2024-11-20,3159.3,Communication
5438,Gym,2024-11-08,9460.56,Sports
5439,Security,2024-11-16,6082.44,Home
5440,Laundry,2024-11-01,3473.46,Others
5441,Vaccine,2024-11-11,6854.9,Medical
5442,Gym,2024-11-25,7260.94,Sports
5443,Utilities,2024-11-24,4859.84,Home
5444,Yoga,2024-11-13,1261.7,Sports
5445,Mortgage,2024-11-05,3345.61,Home
5446,Health Check,2024-11-10,2151.63,Medical
5447,Movie,2024-11-08,9275.53,Entertainment
5448,Bicycle,2024-11-10,7796.56,Transportation
5449,Gift,2024-11-07,182.81,Others
5450,Snacks,2024-11-23,8406.73,Food
5451,Dress,2024-11-02,6158.01,Clothing
5452,Lunch,2024-11-19,2431.44,Food
5453,Rental Car,2024-11-06,1915.8,Travel
5454,Exam Fee,2024-11-17,3871.76,Education
5455,Donation,2024-11-16,3446.51,Others
5456,Vaccine,2024-11-06,289.98,Medical
5457,Yoga,2024-11-28,6515.86,Sports
5458,Rent,2024-11-01,7546.72,Home
5459,Cleaning,2024-11-26,9210.51,Home
5460,Flight,2024-11-13,2743.79,Travel
5461,Subscription,2024-11-19,3483.8,Others
5462,Mortgage,2024-11-13,8418.66,Home
5463,Jacket,2024-11-27,1835.23,Clothing
5464,Decor,2024-11-11,8150.72,Home
5465,Messenger App,2024-11-04,4202.42,Communication
5466,Fax,2024-11-08,4620.89,Communication
5467,Luggage,2024-11-11,7905.63,Travel
5468,Jacket,2024-11-18,7833.65,Clothing
5469,Jacket,2024-11-17,3434.88,Clothing
5470,KTV,2024-11-15,2412.21,Entertainment
5471,Bar,2024-11-16,7977.64,Entertainment
5472,Furniture,2024-11-09,3798.13,Home
5473,Delivery,2024-11-13,9300.75,Food
5474,Yoga,2024-11-17,2152.32,Sports
5475,Delivery,2024-11-01,8147.15,Food
5476,Decor,2024-11-20,5020.93,Home
5477,Eye Exam,2024-11-10,6032.14,Medical
5478,Medicine,2024-11-05,26.73,Medical
5479,Lunch,2024-11-10,605.76,Food
5480,Internet,2024-11-28,7754.3,Communication
5481,Rent,2024-11-04,5333.53,Home
5482,Exhibition,2024-11-03,9477.72,Entertainment
5483,Travel Insurance,2024-11-12,3305.65,Travel
5484,Fax,2024-11-06,5685.38,Communication
5485,Socks,2024-11-11,2468.46,Clothing
5486,Fitness Class,2024-11-27,1931.22,Sports
5487,Lecture,2024-11-03,1678.5,Education
5488,Jacket,2024-11-13,3050.66,Clothing
5489,Running,2024-11-28,6865.88,Sports
5490,Bakery,2024-11-16,8459.03,Food
5491,Groceries,2024-11-02,2901.85,Food
5492,Running,2024-11-22,7700.78,Sports
5493,Dinner,2024-11-20,529.37,Food
5494,Cleaning,2024-11-24,1622.33,Home
5495,Snacks,2024-11-18,9930.76,Food
5496,Jacket,2024-11-23,6009.57,Clothing
5497,Roaming,2024-11-22,5103.03,Communication
5498,Dress,2024-11-07,1501.77,Clothing
5499,Socks,2024-11-25,6722.74,Clothing
5500,Utilities,2024-11-25,166.75,Home
5501,Yoga,2024-12-11,3409.27,Sports
5502,Game,2024-12-28,9989.72,Entertainment
5503,Calling Card,2024-12-14,9276.94,Communication
5504,Streaming Service,2024-12-26,9399.17,Entertainment
5505,Taxi,2024-12-21,2986.5,Transportation
5506,Sweater,2024-12-09,1087.48,Clothing
5507,Messenger App,2024-12-26,7046.29,Communication
5508,Training,2024-12-11,6403.66,Education
5509,Fuel,2024-12-13,5590.42,Transportation
5510,Tips,2024-12-12,8135.45,Others
5511,Mobile Recharge,2024-12-22,2324.06,Communication
5512,Data Plan,2024-12-10,6501.15,Communication
5513,Data Plan,2024-12-03,4166.93,Communication
5514,Exhibition,2024-12-13,7270.33,Entertainment
5515,Flight,2024-12-10,7199.3,Travel
5516,Tour Package,2024-12-09,6225.5,Travel
5517,Socks,2024-12-14,6180.27,Clothing
5518,Roaming,2024-12-22,949.25,Communication
5519,Donation,2024-12-12,5129.78,Others
5520,Hotel,2024-12-02,5283.4,Travel
5521,Equipment,2024-12-20,3008.29,Sports
5522,Online Course,2024-12-10,473.16,Education
5523,Training,2024-12-26,4405.54,Education
5524,Basketball,2024-12-11,2446.96,Sports
5525,Rent,2024-12-15,8947.39,Home
5526,Dental,2024-12-25,2566.31,Medical
5527,Repair,2024-12-27,6830.95,Home
5528,Training,2024-12-08,7366.27,Education
5529,Train Ticket,2024-12-05,7037.86,Transportation
5530,Subscription,2024-12-20,6433.53,Others
5531,Dinner,2024-12-15,4510.96,Food
5532,Vaccine,2024-12-01,5865.6,Medical
5533,Shoes,2024-12-02,7702.01,Clothing
5534,Ride Share,2024-12-26,9261.36,Transportation
5535,Storage,2024-12-10,3447.89,Others
5536,Theater,2024-12-19,2862.81,Entertainment
5537,Swimming,2024-12-25,2963.21,Sports
5538,Dress,2024-12-26,130.66,Clothing
5539,Fitness Class,2024-12-07,3116.46,Sports
5540,Exam Fee,2024-12-19,4050.76,Education
5541,Fax,2024-12-08,1809.24,Communication
5542,Storage,2024-12-10,2870.47,Others
5543,Football,2024-12-04,4357.4,Sports
5544,Lottery,2024-12-19,2822.17,Others
5545,Cleaning,2024-12-22,7210.8,Home
5546,Messenger App,2024-12-19,9762.99,Communication
5547,Suit,2024-12-07,1509.56,Clothing
5548,Subscription,2024-12-10,5380.61,Others
5549,Seminar,2024-12-02,5226.11,Education
5550,Rental Car,2024-12-08,8464.52,Travel
5551,Vaccine,2024-12-05,1478.68,Medical
5552,Concert,2024-12-20,3403.11,Entertainment
5553,Bakery,2024-12-08,5166.79,Food
5554,Flight,2024-12-23,171.43,Travel
5555,Coffee,2024-12-24,6616.92,Food
5556,Cleaning,2024-12-02,5799.9,Home
5557,Subscription,2024-12-28,903.19,Others
5558,Luggage,2024-12-04,1469.55,Travel
5559,Breakfast,2024-12-14,250.48,Food
5560,Sweater,2024-12-11,9876.46,Clothing
5561,Sweater,2024-12-18,5835.22,Clothing
5562,Phone Bill,2024-12-04,1683.55,Communication
5563,Fitness Class,2024-12-03,5130.04,Sports
5564,Concert,2024-12-20,3852.82,Entertainment
5565,Workshop,2024-12-18,4690.65,Education
5566,Furniture,2024-12-18,7561.51,Home
5567,Exhibition,2024-12-20,6080.05,Entertainment
5568,Pet,2024-12-25,71.67,Others
5569,VPN,2024-12-15,7568.44,Communication
5570,Mobile Recharge,2024-12-17,4177.56,Communication
5571,Coffee,2024-12-05,2894.91,Food
5572,Repair,2024-12-14,959.3,Home
5573,Amusement Park,2024-12-23,801.77,Entertainment
5574,Snacks,2024-12-22,4576.34,Food
5575,Cleaning,2024-12-07,6164.85,Home
5576,Online Course,2024-12-03,9550.04,Education
5577,SIM Card,2024-12-18,8371.67,Communication
5578,Travel Guide,2024-12-02,1322.69,Travel
5579,Bakery,2024-12-04,2048.13,Food
5580,Stationery,2024-12-07,4010.89,Education
5581,Exhibition,2024-12-15,1301.47,Entertainment
5582,Exam Fee,2024-12-06,2526.82,Education
5583,Luggage,2024-12-07,2279.82,Travel
5584,Online Course,2024-12-19,5081.01,Education
5585,Tour Package,2024-12-05,6026.81,Travel
5586,Fitness Class,2024-12-22,4759.61,Sports
5587,Rental Car,2024-12-14,1324.14,Travel
5588,Shoes,2024-12-12,1735.54,Clothing
5589,Train,2024-12-27,6331.16,Travel
5590,Bar,2024-12-19,2778.65,Entertainment
5591,Roaming,2024-12-02,6604.3,Communication
5592,Subway,2024-12-05,4337.1,Transportation
5593,Rent,2024-12-07,1508.3,Home
5594,Lunch,2024-12-02,950.9,Food
5595,Streaming Service,2024-12-13,4891.77,Entertainment
5596,Swimming,2024-12-26,139.95,Sports
5597,Fitness Class,2024-12-23,1481.39,Sports
5598,Mobile Recharge,2024-12-06,2670.55,Communication
5599,Lecture,2024-12-28,2427.91,Education
5600,Train,2024-12-10,1685.1,Travel
5601,Eye Exam,2025-01-17,6183.47,Medical
5602,Miscellaneous,2025-01-24,6989.72,Others
5603,Fast Food,2025-01-23,9700.21,Food
5604,Lunch,2025-01-10,3498.49,Food
5605,Lottery,2025-01-23,7503.51,Others
5606,Furniture,2025-01-03,1555.38,Home
5607,Hat,2025-01-22,1811.42,Clothing
5608,Swimming,2025-01-04,9052.62,Sports
5609,Bus,2025-01-05,4742.27,Transportation
5610,Nightclub,2025-01-10,7776.45,Entertainment
5611,Calling Card,2025-01-26,1369.94,Communication
5612,Subscription,2025-01-12,4747.86,Others
5613,Dress,2025-01-20,7796.3,Clothing
5614,Luggage,2025-01-07,6542.39,Travel
5615,Gift,2025-01-07,626.13,Others
5616,Storage,2025-01-08,6276.77,Others
5617,Breakfast,2025-01-15,1055.59,Food
5618,Hotel,2025-01-24,3486.47,Travel
5619,Swimming,2025-01-28,3429.49,Sports
5620,Tuition,2025-01-14,5085.76,Education
5621,Basketball,2025-01-07,6496.06,Sports
5622,Stationery,2025-01-27,3951.43,Education
5623,Messenger App,2025-01-02,304.14,Communication
5624,Medicine,2025-01-03,6865.73,Medical
5625,VPN,2025-01-12,8366.01,Communication
5626,Shoes,2025-01-01,2901.26,Clothing
5627,Insurance,2025-01-11,3061.77,Medical
5628,VPN,2025-01-20,3200.48,Communication
5629,Snacks,2025-01-28,1408.26,Food
5630,SIM Card,2025-01-22,2618.11,Communication
5631,Toll,2025-01-06,1031.91,Transportation
5632,Flight,2025-01-02,3986.39,Travel
5633,Mobile Recharge,2025-01-09,9393.61,Communication
5634,Hotel,2025-01-06,2913.48,Travel
5635,Breakfast,2025-01-15,1796.55,Food
5636,Yoga,2025-01-10,5349.74,Sports
5637,Roaming,2025-01-15,6688.17,Communication
5638,Jacket,2025-01-19,4710.69,Clothing
5639,Restaurant,2025-01-03,5929.62,Food
5640,Theater,2025-01-25,4081.42,Entertainment
5641,Taxi,2025-01-12,7595.6,Transportation
5642,Visa Fee,2025-01-06,7452.15,Travel
5643,Fuel,2025-01-22,7458.88,Transportation
5644,Theater,2025-01-16,7438.13,Entertainment
5645,Donation,2025-01-04,6809.15,Others
5646,Rent,2025-01-22,3439.43,Home
5647,Bus,2025-01-12,9579.53,Transportation
5648,Roaming,2025-01-13,141.88,Communication
5649,Storage,2025-01-14,2096.81,Others
5650,Fax,2025-01-25,3051.95,Communication
5651,Groceries,2025-01-28,4747.84,Food
5652,Fitness Class,2025-01-16,7734.16,Sports
5653,Taxi,2025-01-12,1951.04,Travel
5654,Groceries,2025-01-04,7436.91,Food
5655,Pet,2025-01-17,8981.15,Others
5656,Subscription,2025-01-07,8762.24,Others
5657,Bar,2025-01-28,8778.75,Entertainment
5658,Train,2025-01-15,4226.84,Travel
5659,Gift,2025-01-14,2823.36,Others
5660,Subscription,2025-01-26,7271.73,Others
5661,Scarf,2025-01-17,60.26,Clothing
5662,Stationery,2025-01-13,7273.67,Education
5663,Stationery,2025-01-09,7702.06,Education
5664,Flight,2025-01-01,4471.9,Travel
5665,Parking,2025-01-16,3616.81,Transportation
5666,Sweater,2025-01-08,5179.09,Clothing
5667,Lunch,2025-01-08,3046.89,Food
5668,Bakery,2025-01-07,3493.41,Food
5669,Security,2025-01-07,4467.01,Home
5670,Cycling,2025-01-28,9195.18,Sports
5671,Fine,2025-01-03,9489.12,Others
5672,Internet,2025-01-08,4465.24,Home
5673,Running,2025-01-09,5802.27,Sports
5674,Health Check,2025-01-06,2612.16,Medical
5675,Therapy,2025-01-28,6332.24,Medical
5676,Stationery,2025-01-08,8039.85,Education
5677,Football,2025-01-22,4825.56,Sports
5678,Hotel,2025-01-02,1997.18,Travel
5679,Football,2025-01-17,4519.78,Sports
5680,Surgery,2025-01-27,1342.98,Medical
5681,Movie,2025-01-23,3780.64,Entertainment
5682,Utilities,2025-01-27,5110.79,Home
5683,Suit,2025-01-03,2509.26,Clothing
5684,Hospital,2025-01-07,7526.12,Medical
5685,Game,2025-01-02,2897.34,Entertainment
5686,Movie,2025-01-04,3707.97,Entertainment
5687,Tips,2025-01-07,5396.38,Others
5688,Cleaning,2025-01-17,2967.69,Home
5689,Sweater,2025-01-08,9799.56,Clothing
5690,Breakfast,2025-01-14,3238.77,Food
5691,Hat,2025-01-04,723.19,Clothing
5692,Health Check,2025-01-27,1939.05,Medical
5693,Game,2025-01-01,6764.34,Entertainment
5694,Cleaning,2025-01-15,4181.48,Home
5695,Movie,2025-01-14,5637.47,Entertainment
5696,Tips,2025-01-27,147.18,Others
5697,Hat,2025-01-08,8104.81,Clothing
5698,Workshop,2025-01-10,3262.23,Education
5699,Suit,2025-01-10,1445.43,Clothing
5700,Lunch,2025-01-03,3641.2,Food
5701,Groceries,2025-02-09,3565.79,Food
5702,Lunch,2025-02-12,5723.17,Food
5703,Visa Fee,2025-02-06,3946.62,Travel
5704,Fine,2025-02-21,9067.72,Others
5705,Game,2025-02-12,9133.12,Entertainment
5706,Rental Car,2025-02-23,7013.33,Travel
5707,Phone Bill,2025-02-18,8431.77,Communication
5708,Game,2025-02-02,5968.57,Entertainment
5709,Insurance,2025-02-17,266.1,Medical
5710,Train,2025-02-13,5206.7,Travel
5711,Scarf,2025-02-20,8879.48,Clothing
5712,Pet,2025-02-07,8055.24,Others
5713,Shoes,2025-02-25,7404.85,Clothing
5714,Theater,2025-02-07,6025.77,Entertainment
5715,KTV,2025-02-20,1121.08,Entertainment
5716,Delivery,2025-02-20,2956.56,Food
5717,Bicycle,2025-02-14,2692.76,Transportation
5718,Bus,2025-02-22,5139.04,Transportation
5719,Health Check,2025-02-07,5837.81,Medical
5720,Theater,2025-02-15,5982.79,Entertainment
5721,Groceries,2025-02-19,5389.37,Food
5722,Phone Bill,2025-02-18,6336.45,Communication
5723,Gym,2025-02-22,6568.51,Sports
5724,Seminar,2025-02-26,9281.02,Education
5725,Travel Insurance,2025-02-25,3768.9,Travel
5726,Stationery,2025-02-28,8083.78,Education
5727,VPN,2025-02-11,3457.09,Communication
5728,Fitness Class,2025-02-02,4126.68,Sports
5729,Suit,2025-02-19,4263.64,Clothing
5730,KTV,2025-02-20,4063.45,Entertainment
5731,Sweater,2025-02-02,5271.09,Clothing
5732,Flight,2025-02-05,3571.0,Travel
5733,Rental Car,2025-02-09,1983.66,Travel
5734,Hospital,2025-02-16,650.11,Medical
5735,Travel Guide,2025-02-23,4306.49,Travel
5736,Donation,2025-02-16,6663.05,Others
5737,Seminar,2025-02-15,9868.39,Education
5738,Fuel,2025-02-06,1038.4,Transportation
5739,Stationery,2025-02-11,2888.43,Education
5740,Laundry,2025-02-14,8004.1,Others
5741,Fitness Class,2025-02-23,48.76,Sports
5742,Library Fee,2025-02-01,5489.4,Education
5743,Dental,2025-02-17,1924.03,Medical
5744,Swimming,2025-02-26,704.61,Sports
5745,Calling Card,2025-02-24,6439.38,Communication
5746,Bicycle,2025-02-22,5945.3,Transportation
5747,Breakfast,2025-02-18,5653.75,Food
5748,Sweater,2025-02-01,5980.8,Clothing
5749,Tuition,2025-02-15,6420.78,Education
5750,Rental Car,2025-02-05,7715.9,Travel
5751,Travel Insurance,2025-02-09,5045.04,Travel
5752,Fast Food,2025-02-25,1784.52,Food
5753,Medicine,2025-02-15,8035.85,Medical
5754,Tennis,2025-02-15,4143.8,Sports
5755,Data Plan,2025-02-18,2539.33,Communication
5756,Luggage,2025-02-22,6816.43,Travel
5757,Health Check,2025-02-26,4979.08,Medical
5758,Storage,2025-02-03,2670.02,Others
5759,Concert,2025-02-15,6322.3,Entertainment
5760,Jacket,2025-02-01,7577.37,Clothing
5761,Running,2025-02-06,5358.19,Sports
5762,Football,2025-02-09,2125.03,Sports
5763,Car Maintenance,2025-02-23,2693.17,Transportation
5764,Yoga,2025-02-16,3964.65,Sports
5765,Books,2025-02-23,9048.76,Education
5766,Restaurant,2025-02-17,4273.39,Food
5767,Health Check,2025-02-09,7841.95,Medical
5768,Snacks,2025-02-09,7620.8,Food
5769,Bicycle,2025-02-23,1626.26,Transportation
5770,Online Course,2025-02-12,910.39,Education
5771,KTV,2025-02-02,9809.21,Entertainment
5772,Donation,2025-02-12,9977.84,Others
5773,Phone Bill,2025-02-11,1809.04,Communication
5774,Toll,2025-02-06,4373.72,Transportation
5775,Gym,2025-02-03,2516.5,Sports
5776,Luggage,2025-02-18,5949.34,Travel
5777,Concert,2025-02-17,1436.56,Entertainment
5778,Rent,2025-02-27,7113.02,Home
5779,Lunch,2025-02-04,2290.51,Food
5780,Taxi,2025-02-25,7824.69,Travel
5781,Stationery,2025-02-08,1937.3,Education
5782,Bus,2025-02-18,6886.41,Transportation
5783,Messenger App,2025-02-27,525.67,Communication
5784,Pants,2025-02-16,3930.83,Clothing
5785,Shoes,2025-02-18,1854.86,Clothing
5786,Snacks,2025-02-09,5378.73,Food
5787,Gym,2025-02-13,4518.88,Sports
5788,Fuel,2025-02-14,5595.47,Transportation
5789,Vaccine,2025-02-27,1125.04,Medical
5790,Lunch,2025-02-14,8221.86,Food
5791,Fax,2025-02-09,3780.31,Communication
5792,Bakery,2025-02-27,8596.85,Food
5793,Fuel,2025-02-11,5133.35,Transportation
5794,Equipment,2025-02-02,2134.59,Sports
5795,Rent,2025-02-27,4372.41,Home
5796,Donation,2025-02-25,3540.1,Others
5797,Basketball,2025-02-20,6660.79,Sports
5798,Socks,2025-02-07,4865.34,Clothing
5799,Exam Fee,2025-02-19,4537.81,Education
5800,Lottery,2025-02-06,7502.32,Others
5801,Coffee,2025-03-25,8997.57,Food
5802,Subway,2025-03-03,7521.64,Transportation
5803,Health Check,2025-03-19,4614.12,Medical
5804,Basketball,2025-03-16,2349.23,Sports
5805,Travel Insurance,2025-03-07,4731.27,Travel
5806,Appliance,2025-03-02,7143.11,Home
5807,Running,2025-03-16,3958.92,Sports
5808,Theater,2025-03-22,3019.86,Entertainment
5809,Luggage,2025-03-17,6505.62,Travel
5810,Scarf,2025-03-16,8202.35,Clothing
5811,Groceries,2025-03-02,1394.7,Food
5812,KTV,2025-03-10,7938.13,Entertainment
5813,Ride Share,2025-03-05,682.45,Transportation
5814,Rent,2025-03-02,173.66,Home
5815,Hat,2025-03-08,7156.0,Clothing
5816,Luggage,2025-03-16,6250.27,Travel
5817,Gift,2025-03-01,1739.5,Others
5818,Training,2025-03-12,5888.56,Education
5819,Hotel,2025-03-13,7428.34,Travel
5820,Nightclub,2025-03-14,983.9,Entertainment
5821,Decor,2025-03-05,4460.8,Home
5822,Tennis,2025-03-21,8717.65,Sports
5823,Seminar,2025-03-08,9988.28,Education
5824,Therapy,2025-03-18,1595.54,Medical
5825,Workshop,2025-03-09,4084.4,Education
5826,SIM Card,2025-03-18,7361.13,Communication
5827,Concert,2025-03-11,6759.68,Entertainment
5828,Tuition,2025-03-22,4039.54,Education
5829,Subway,2025-03-06,1021.45,Transportation
5830,Security,2025-03-04,1274.0,Home
5831,Delivery,2025-03-09,8647.88,Food
5832,Travel Guide,2025-03-23,6876.75,Travel
5833,Cleaning,2025-03-25,3087.27,Home
5834,Nightclub,2025-03-11,681.17,Entertainment
5835,Fine,2025-03-05,5216.56,Others
5836,Rent,2025-03-03,4485.7,Home
5837,Breakfast,2025-03-23,2594.9,Food
5838,Socks,2025-03-09,6556.9,Clothing
5839,Tennis,2025-03-21,1290.25,Sports
5840,Dental,2025-03-13,6312.25,Medical
5841,Dental,2025-03-05,2338.24,Medical
5842,Basketball,2025-03-12,980.51,Sports
5843,Car Maintenance,2025-03-03,2765.65,Transportation
5844,Taxi,2025-03-03,8913.85,Travel
5845,Visa Fee,2025-03-24,577.47,Travel
5846,Therapy,2025-03-04,3745.22,Medical
5847,Restaurant,2025-03-26,9966.2,Food
5848,Stationery,2025-03-06,7032.98,Education
5849,Train,2025-03-15,7375.83,Travel
5850,Train,2025-03-19,9782.29,Travel
5851,Medicine,2025-03-20,8191.79,Medical
5852,Library Fee,2025-03-25,7943.49,Education
5853,Tennis,2025-03-16,9703.28,Sports
5854,Train Ticket,2025-03-10,7554.05,Transportation
5855,Toll,2025-03-13,6113.96,Transportation
5856,Train Ticket,2025-03-16,7313.61,Transportation
5857,Toll,2025-03-24,3984.18,Transportation
5858,Repair,2025-03-01,6340.32,Home
5859,Fax,2025-03-04,2074.92,Communication
5860,Utilities,2025-03-27,3237.04,Home
5861,Exam Fee,2025-03-08,2677.76,Education
5862,Travel Guide,2025-03-07,664.65,Travel
5863,Yoga,2025-03-19,3620.54,Sports
5864,Rental Car,2025-03-23,3959.67,Travel
5865,Socks,2025-03-06,5899.98,Clothing
5866,Messenger App,2025-03-11,6056.46,Communication
5867,Miscellaneous,2025-03-17,6410.95,Others
5868,Flight,2025-03-19,2315.37,Travel
5869,Suit,2025-03-11,1499.34,Clothing
5870,Internet,2025-03-13,5982.21,Communication
5871,Hat,2025-03-07,2632.25,Clothing
5872,Amusement Park,2025-03-02,1195.02,Entertainment
5873,Laundry,2025-03-13,9540.49,Others
5874,Toll,2025-03-26,4435.99,Transportation
5875,Seminar,2025-03-11,2484.44,Education
5876,Health Check,2025-03-22,8610.74,Medical
5877,Eye Exam,2025-03-27,2602.56,Medical
5878,Tour Package,2025-03-06,5459.14,Travel
5879,Hotel,2025-03-01,5853.61,Travel
5880,Groceries,2025-03-06,2759.49,Food
5881,Laundry,2025-03-23,6057.98,Others
5882,Health Check,2025-03-10,2315.24,Medical
5883,Seminar,2025-03-11,6193.54,Education
5884,Laundry,2025-03-28,5479.19,Others
5885,Lecture,2025-03-01,8954.18,Education
5886,Decor,2025-03-21,5073.85,Home
5887,Taxi,2025-03-19,9913.68,Travel
5888,Visa Fee,2025-03-28,1073.87,Travel
5889,Exhibition,2025-03-28,7484.71,Entertainment
5890,Seminar,2025-03-03,3412.27,Education
5891,Rental Car,2025-03-20,7528.38,Travel
5892,Hospital,2025-03-18,7424.23,Medical
5893,Shoes,2025-03-25,6170.89,Clothing
5894,Workshop,2025-03-28,9476.89,Education
5895,Phone Bill,2025-03-21,2217.32,Communication
5896,Laundry,2025-03-24,9202.06,Others
5897,Snacks,2025-03-19,7136.73,Food
5898,Surgery,2025-03-09,2893.28,Medical
5899,Basketball,2025-03-27,220.66,Sports
5900,Suit,2025-03-16,5059.34,Clothing
5901,Vaccine,2025-04-14,1347.46,Medical
5902,Pet,2025-04-06,3836.67,Others
5903,Sweater,2025-04-05,9077.77,Clothing
5904,Mortgage,2025-04-07,9980.62,Home
5905,Rent,2025-04-07,3106.87,Home
5906,Luggage,2025-04-08,1067.37,Travel
5907,Tuition,2025-04-05,2027.68,Education
5908,Cycling,2025-04-21,9501.0,Sports
5909,Tips,2025-04-27,2037.87,Others
5910,Storage,2025-04-25,2859.12,Others
5911,SIM Card,2025-04-12,7463.12,Communication
5912,Car Maintenance,2025-04-01,1360.69,Transportation
5913,Nightclub,2025-04-01,9689.19,Entertainment
5914,Parking,2025-04-01,1205.15,Transportation
5915,Gym,2025-04-03,318.64,Sports
5916,Calling Card,2025-04-20,7965.95,Communication
5917,Hospital,2025-04-24,3594.61,Medical
5918,Visa Fee,2025-04-17,75.04,Travel
5919,Pants,2025-04-12,3696.35,Clothing
5920,Exam Fee,2025-04-07,517.4,Education
5921,Train Ticket,2025-04-20,7030.04,Transportation
5922,Insurance,2025-04-13,1055.44,Medical
5923,SIM Card,2025-04-12,5864.33,Communication
5924,Movie,2025-04-12,9827.34,Entertainment
5925,Running,2025-04-26,5180.7,Sports
5926,Sweater,2025-04-12,3919.52,Clothing
5927,Bicycle,2025-04-16,6623.74,Transportation
5928,Decor,2025-04-26,9614.23,Home
5929,SIM Card,2025-04-05,7034.21,Communication
5930,Game,2025-04-10,7066.04,Entertainment
5931,Tennis,2025-04-21,2466.35,Sports
5932,Tips,2025-04-23,7436.25,Others
5933,Taxi,2025-04-01,467.51,Transportation
5934,Game,2025-04-11,3737.08,Entertainment
5935,Socks,2025-04-23,4455.16,Clothing
5936,Basketball,2025-04-05,869.48,Sports
5937,Pants,2025-04-04,5718.17,Clothing
5938,Security,2025-04-05,77.78,Home
5939,Appliance,2025-04-07,9136.39,Home
5940,Hotel,2025-04-19,7641.53,Travel
5941,Tennis,2025-04-15,8105.12,Sports
5942,Internet,2025-04-26,7418.46,Communication
5943,Delivery,2025-04-12,6112.83,Food
5944,Train,2025-04-02,3632.35,Travel
5945,VPN,2025-04-13,4172.6,Communication
5946,Eye Exam,2025-04-15,8657.39,Medical
5947,Bar,2025-04-04,775.05,Entertainment
5948,Football,2025-04-06,6151.33,Sports
5949,Concert,2025-04-08,5300.48,Entertainment
5950,Coffee,2025-04-01,4156.12,Food
5951,Fuel,2025-04-14,4932.83,Transportation
5952,Theater,2025-04-03,3932.46,Entertainment
5953,Sweater,2025-04-20,655.67,Clothing
5954,Amusement Park,2025-04-07,4715.26,Entertainment
5955,Delivery,2025-04-17,7884.43,Food
5956,Tennis,2025-04-21,5952.93,Sports
5957,Football,2025-04-10,503.66,Sports
5958,Tuition,2025-04-03,940.32,Education
5959,Messenger App,2025-04-25,1121.72,Communication
5960,VPN,2025-04-12,9467.18,Communication
5961,Snacks,2025-04-18,2440.05,Food
5962,Taxi,2025-04-03,7953.74,Travel
5963,Cycling,2025-04-25,3769.75,Sports
5964,Cleaning,2025-04-19,4397.37,Home
5965,Roaming,2025-04-26,3816.55,Communication
5966,Books,2025-04-17,821.47,Education
5967,Bar,2025-04-28,2586.14,Entertainment
5968,Eye Exam,2025-04-04,3599.5,Medical
5969,Tips,2025-04-10,334.19,Others
5970,Library Fee,2025-04-01,9472.16,Education
5971,Tour Package,2025-04-19,8377.75,Travel
5972,Therapy,2025-04-01,5830.88,Medical
5973,Travel Guide,2025-04-03,3775.25,Travel
5974,Coffee,2025-04-10,855.06,Food
5975,Miscellaneous,2025-04-11,9536.92,Others
5976,Online Course,2025-04-14,6611.71,Education
5977,Stationery,2025-04-27,7201.22,Education
5978,Internet,2025-04-14,7156.39,Communication
5979,Bar,2025-04-26,5153.66,Entertainment
5980,Pants,2025-04-24,5002.51,Clothing
5981,Messenger App,2025-04-25,8775.93,Communication
5982,Theater,2025-04-11,7295.22,Entertainment
5983,Movie,2025-04-09,4592.84,Entertainment
5984,Cleaning,2025-04-03,1185.16,Home
5985,Dinner,2025-04-19,9811.19,Food
5986,Dress,2025-04-17,2782.64,Clothing
5987,Health Check,2025-04-23,3413.23,Medical
5988,Restaurant,2025-04-23,7874.43,Food
5989,Cleaning,2025-04-18,273.06,Home
5990,Hotel,2025-04-17,6964.8,Travel
5991,Exhibition,2025-04-23,3042.8,Entertainment
5992,Hotel,2025-04-01,8783.47,Travel
5993,Medicine,2025-04-05,6420.25,Medical
5994,Yoga,2025-04-12,3129.02,Sports
5995,Exam Fee,2025-04-18,1043.4,Education
5996,Donation,2025-04-28,2457.93,Others
5997,Mobile Recharge,2025-04-09,1861.4,Communication
5998,Ride Share,2025-04-03,4433.82,Transportation
5999,Mobile Recharge,2025-04-24,9226.58,Communication
6000,Utilities,2025-04-15,5529.06,Home
6001,Luggage,2025-05-03,7461.17,Travel
6002,Scarf,2025-05-13,7801.94,Clothing
6003,Surgery,2025-05-11,5522.91,Medical
6004,Jacket,2025-05-23,6025.29,Clothing
6005,Bakery,2025-05-24,9212.94,Food
6006,Internet,2025-05-26,4149.16,Communication
6007,Subway,2025-05-23,3616.13,Transportation
6008,Football,2025-05-16,7995.07,Sports
6009,Running,2025-05-24,7854.16,Sports
6010,Tennis,2025-05-23,7289.05,Sports
6011,Toll,2025-05-26,8330.09,Transportation
6012,Snacks,2025-05-24,7490.21,Food
6013,Fast Food,2025-05-04,4242.52,Food
6014,Amusement Park,2025-05-05,7611.4,Entertainment
6015,Training,2025-05-16,3858.81,Education
6016,Fitness Class,2025-05-17,8179.97,Sports
6017,Rent,2025-05-28,8864.58,Home
6018,Seminar,2025-05-26,8776.31,Education
6019,Medicine,2025-05-18,6768.29,Medical
6020,Exhibition,2025-05-27,1500.95,Entertainment
6021,Fuel,2025-05-22,3471.81,Transportation
6022,Football,2025-05-21,9296.97,Sports
6023,Streaming Service,2025-05-15,709.44,Entertainment
6024,Breakfast,2025-05-24,9829.22,Food
6025,Ride Share,2025-05-16,8328.03,Transportation
6026,Flight,2025-05-19,7029.58,Travel
6027,Data Plan,2025-05-01,6132.77,Communication
6028,Library Fee,2025-05-06,627.61,Education
6029,Eye Exam,2025-05-02,5486.19,Medical
6030,Pet,2025-05-03,410.69,Others
6031,Running,2025-05-28,9471.66,Sports
6032,Bakery,2025-05-08,7576.0,Food
6033,Decor,2025-05-21,5277.62,Home
6034,Shirt,2025-05-11,6515.84,Clothing
6035,Books,2025-05-12,7776.35,Education
6036,Toll,2025-05-05,3003.93,Transportation
6037,Messenger App,2025-05-10,2903.75,Communication
6038,Medicine,2025-05-23,7798.4,Medical
6039,Cleaning,2025-05-07,5450.06,Home
6040,Amusement Park,2025-05-03,1884.18,Entertainment
6041,Taxi,2025-05-06,9022.28,Travel
6042,Bus,2025-05-09,2506.52,Transportation
6043,Health Check,2025-05-04,338.98,Medical
6044,Toll,2025-05-15,6235.87,Transportation
6045,Parking,2025-05-18,9321.49,Transportation
6046,Furniture,2025-05-11,9299.05,Home
6047,Parking,2025-05-14,8997.58,Transportation
6048,Bus,2025-05-23,1573.53,Transportation
6049,Cycling,2025-05-10,5125.28,Sports
6050,Coffee,2025-05-14,1059.03,Food
6051,Dress,2025-05-24,5995.28,Clothing
6052,Workshop,2025-05-02,2550.69,Education
6053,Luggage,2025-05-26,6523.11,Travel
6054,Car Maintenance,2025-05-12,1143.36,Transportation
6055,Eye Exam,2025-05-22,4352.7,Medical
6056,Fax,2025-05-24,7114.79,Communication
6057,Tennis,2025-05-10,9600.29,Sports
6058,Toll,2025-05-03,5265.85,Transportation
6059,Parking,2025-05-26,8912.46,Transportation
6060,Train,2025-05-14,4270.03,Travel
6061,Tips,2025-05-24,7000.74,Others
6062,Eye Exam,2025-05-24,2431.13,Medical
6063,Books,2025-05-14,1021.46,Education
6064,Books,2025-05-06,7988.04,Education
6065,Taxi,2025-05-28,4706.32,Travel
6066,Flight,2025-05-04,9100.16,Travel
6067,Concert,2025-05-23,4066.92,Entertainment
6068,Game,2025-05-26,4104.6,Entertainment
6069,Running,2025-05-03,7932.39,Sports
6070,Furniture,2025-05-18,5328.65,Home
6071,Tips,2025-05-06,1648.87,Others
6072,Tour Package,2025-05-07,1893.01,Travel
6073,Dinner,2025-05-04,6662.35,Food
6074,Storage,2025-05-07,7318.49,Others
6075,Rental Car,2025-05-24,2749.63,Travel
6076,Mobile Recharge,2025-05-24,3416.07,Communication
6077,Doctor Visit,2025-05-20,9595.42,Medical
6078,Shoes,2025-05-23,5148.05,Clothing
6079,Internet,2025-05-03,8866.95,Communication
6080,Lecture,2025-05-11,3936.25,Education
6081,Mortgage,2025-05-02,2751.37,Home
6082,Dental,2025-05-05,9498.55,Medical
6083,Rental Car,2025-05-09,3598.48,Travel
6084,Therapy,2025-05-09,6190.06,Medical
6085,Medicine,2025-05-17,5669.06,Medical
6086,Travel Guide,2025-05-04,1421.45,Travel
6087,Bicycle,2025-05-10,5624.67,Transportation
6088,Train Ticket,2025-05-13,3007.29,Transportation
6089,Bakery,2025-05-14,464.96,Food
6090,Fast Food,2025-05-11,3038.86,Food
6091,Basketball,2025-05-18,4229.36,Sports
6092,Phone Bill,2025-05-25,6010.24,Communication
6093,Tour Package,2025-05-06,5021.2,Travel
6094,Equipment,2025-05-21,5001.92,Sports
6095,Rent,2025-05-27,2194.34,Home
6096,Shoes,2025-05-21,8370.5,Clothing
6097,Messenger App,2025-05-20,8391.73,Communication
6098,Tennis,2025-05-07,1992.57,Sports
6099,Socks,2025-05-18,2295.81,Clothing
6100,Phone Bill,2025-05-07,5707.12,Communication
6101,Hotel,2025-05-26,8105.34,Travel
6102,Flight,2025-05-21,2577.48,Travel
6103,Subway,2025-05-13,2482.03,Transportation
6104,Rent,2025-05-03,1397.51,Home
6105,Data Plan,2025-05-09,663.3,Communication
6106,Running,2025-05-18,2413.81,Sports
6107,Laundry,2025-05-19,5851.09,Others
6108,Luggage,2025-05-26,2921.44,Travel
6109,Travel Insurance,2025-05-05,6538.54,Travel
6110,Bakery,2025-05-16,9124.36,Food
6111,Fitness Class,2025-05-25,2265.31,Sports
6112,Restaurant,2025-05-09,6233.22,Food
6113,Donation,2025-05-18,4546.61,Others
6114,Delivery,2025-05-09,9898.93,Food
6115,Exhibition,2025-05-15,3094.31,Entertainment
6116,Scarf,2025-05-23,5717.88,Clothing
6117,Training,2025-05-10,1937.91,Education
6118,Surgery,2025-05-04,9175.63,Medical
6119,Basketball,2025-05-10,8998.15,Sports
6120,Mortgage,2025-05-11,2650.07,Home
6121,Car Maintenance,2025-05-06,6611.95,Transportation
6122,Delivery,2025-05-06,9499.83,Food
6123,Yoga,2025-05-09,6846.11,Sports
6124,Snacks,2025-05-15,7912.09,Food
6125,Gym,2025-05-01,6392.93,Sports
6126,Visa Fee,2025-05-14,137.72,Travel
6127,Stationery,2025-05-24,9001.94,Education
6128,Train,2025-05-04,9915.33,Travel
6129,Parking,2025-05-23,8938.01,Transportation
6130,Roaming,2025-05-01,1058.12,Communication
6131,Training,2025-05-10,6252.91,Education
6132,Mortgage,2025-05-11,4480.84,Home
6133,Hat,2025-05-18,4898.88,Clothing
6134,Delivery,2025-05-06,3257.77,Food
6135,Tour Package,2025-05-09,3362.54,Travel
6136,Gift,2025-05-25,1008.93,Others
6137,Tips,2025-05-17,2733.24,Others
6138,Furniture,2025-05-15,1329.0,Home
6139,Snacks,2025-05-05,7385.94,Food
6140,Donation,2025-05-22,7655.88,Others
6141,Toll,2025-05-21,4228.03,Transportation
6142,Library Fee,2025-05-18,2690.25,Education
6143,Lottery,2025-05-12,8979.21,Others
6144,Fuel,2025-05-28,2381.25,Transportation
6145,Internet,2025-05-04,2820.48,Home
6146,Vaccine,2025-05-21,8089.43,Medical
6147,Travel Insurance,2025-05-04,7577.61,Travel
6148,Vaccine,2025-05-16,94.76,Medical
6149,Luggage,2025-05-09,6906.73,Travel
6150,Workshop,2025-05-03,2928.11,Education
6151,Socks,2025-05-14,2041.12,Clothing
6152,Coffee,2025-05-28,1391.85,Food
6153,Health Check,2025-05-12,6940.06,Medical
6154,Breakfast,2025-05-17,2576.56,Food
6155,Workshop,2025-05-19,6261.23,Education
6156,Taxi,2025-05-21,9507.71,Transportation
6157,Running,2025-05-15,4378.29,Sports
6158,Tuition,2025-05-14,9871.88,Education
6159,Utilities,2025-05-12,471.5,Home
6160,Calling Card,2025-05-16,9776.48,Communication
6161,Tennis,2025-05-23,5277.72,Sports
6162,Fuel,2025-05-26,390.6,Transportation
6163,Coffee,2025-05-17,8770.55,Food
6164,Health Check,2025-05-14,2275.11,Medical
6165,Cleaning,2025-05-09,5561.91,Home
6166,Car Maintenance,2025-05-17,4910.05,Transportation
6167,Pants,2025-05-03,1143.34,Clothing
6168,Messenger App,2025-05-09,850.51,Communication
6169,Medicine,2025-05-03,9269.96,Medical
6170,Furniture,2025-05-25,6136.78,Home
6171,Utilities,2025-05-22,8289.0,Home
6172,Theater,2025-05-03,9163.11,Entertainment
6173,Exam Fee,2025-05-06,4032.76,Education
6174,Lottery,2025-05-03,4929.65,Others
6175,Messenger App,2025-05-16,3772.09,Communication
6176,Gym,2025-05-16,7296.93,Sports
6177,Nightclub,2025-05-24,9961.09,Entertainment
6178,Books,2025-05-21,5609.04,Education
6179,Appliance,2025-05-22,2699.01,Home
6180,Lecture,2025-05-08,1188.15,Education
6181,Gift,2025-05-01,698.33,Others
6182,Basketball,2025-05-18,7813.32,Sports
6183,Socks,2025-05-06,904.86,Clothing
6184,Lecture,2025-05-22,1411.41,Education
6185,Football,2025-05-09,5443.9,Sports
6186,Lottery,2025-05-18,3278.0,Others
6187,Gift,2025-05-25,5238.63,Others
6188,Pet,2025-05-01,1358.87,Others
6189,Cycling,2025-05-25,3921.45,Sports
6190,Phone Bill,2025-05-05,787.17,Communication
6191,Shoes,2025-05-27,6814.65,Clothing
6192,Movie,2025-05-06,1617.47,Entertainment
6193,Nightclub,2025-05-02,4346.85,Entertainment
6194,Socks,2025-05-17,8559.52,Clothing
6195,Online Course,2025-05-06,3183.48,Education
6196,Bicycle,2025-05-03,1262.18,Transportation
6197,Utilities,2025-05-06,3195.62,Home
6198,Jacket,2025-05-17,9552.49,Clothing
6199,Medicine,2025-05-22,1513.66,Medical
6200,Lottery,2025-05-19,8399.66,Others
6201,Seminar,2025-05-26,927.38,Education
6202,Security,2025-05-08,3203.69,Home
6203,Training,2025-05-02,1477.74,Education
6204,Gift,2025-05-26,3492.14,Others
6205,Dental,2025-05-10,5733.28,Medical
6206,Vaccine,2025-05-12,9276.59,Medical
6207,Tennis,2025-05-13,9715.45,Sports
6208,Health Check,2025-05-15,2123.31,Medical
6209,Streaming Service,2025-05-13,7402.86,Entertainment
6210,Bakery,2025-05-04,917.99,Food
6211,Subscription,2025-05-23,9393.91,Others
6212,Restaurant,2025-05-24,2733.72,Food
6213,Socks,2025-05-26,9624.7,Clothing
6214,Seminar,2025-05-01,7127.07,Education
6215,Tour Package,2025-05-24,465.9,Travel
6216,Car Maintenance,2025-05-11,3412.95,Transportation
6217,Surgery,2025-05-07,101.23,Medical
6218,Internet,2025-05-05,7550.86,Communication
6219,Shirt,2025-05-16,4308.56,Clothing
6220,Mortgage,2025-05-01,898.55,Home
6221,Lecture,2025-05-10,1062.35,Education
6222,Training,2025-05-18,5501.36,Education
6223,Jacket,2025-05-14,976.47,Clothing
6224,Delivery,2025-05-08,9102.42,Food
6225,Miscellaneous,2025-05-02,9846.39,Others
6226,Messenger App,2025-05-13,9800.14,Communication
6227,Doctor Visit,2025-05-27,3380.29,Medical
6228,Restaurant,2025-05-24,9634.64,Food
6229,Tuition,2025-05-13,5657.86,Education
6230,Security,2025-05-25,8851.7,Home
6231,Flight,2025-05-19,2662.01,Travel
6232,Cleaning,2025-05-20,6420.73,Home
6233,Visa Fee,2025-05-28,4638.4,Travel
6234,Medicine,2025-05-09,9208.95,Medical
6235,Lecture,2025-05-18,1971.91,Education
6236,Internet,2025-05-19,25.48,Communication
6237,Subscription,2025-05-24,4431.15,Others
6238,Car Maintenance,2025-05-21,238.29,Transportation
6239,Stationery,2025-05-08,3151.61,Education
6240,Surgery,2025-05-24,7731.17,Medical
6241,Taxi,2025-05-19,6548.7,Transportation
6242,Bar,2025-05-23,227.83,Entertainment
6243,Cycling,2025-05-26,1098.07,Sports
6244,Coffee,2025-05-10,7288.31,Food
6245,Fitness Class,2025-05-05,7219.58,Sports
6246,Nightclub,2025-05-23,5255.96,Entertainment
6247,Mortgage,2025-05-12,7363.08,Home
6248,Snacks,2025-05-20,311.36,Food
6249,Scarf,2025-05-16,9690.16,Clothing
6250,Workshop,2025-05-07,3572.66,Education
6251,Pet,2025-05-24,7274.92,Others
6252,Jacket,2025-05-02,1797.29,Clothing
6253,Parking,2025-05-15,1218.37,Transportation
6254,Travel Insurance,2025-05-28,6082.14,Travel
6255,Running,2025-05-13,5462.96,Sports
6256,Ride Share,2025-05-01,2481.05,Transportation
6257,Furniture,2025-05-23,9402.01,Home
6258,Subway,2025-05-07,7115.43,Transportation
6259,Books,2025-05-17,1436.15,Education
6260,Exam Fee,2025-05-02,5280.39,Education
6261,Repair,2025-05-17,5323.34,Home
6262,Donation,2025-05-24,9893.53,Others
6263,Insurance,2025-05-07,892.68,Medical
6264,Ride Share,2025-05-18,3404.37,Transportation
6265,Dress,2025-05-21,5590.28,Clothing
6266,Shoes,2025-05-23,9081.31,Clothing
6267,Hat,2025-05-17,9040.95,Clothing
6268,Coffee,2025-05-11,239.93,Food
6269,Dinner,2025-05-13,8519.52,Food
6270,Hospital,2025-05-09,8164.9,Medical
6271,SIM Card,2025-05-05,9870.11,Communication
6272,Calling Card,2025-05-28,4630.98,Communication
6273,Books,2025-05-08,3248.27,Education
6274,Internet,2025-05-16,2604.33,Home
6275,Exam Fee,2025-05-10,2794.76,Education
6276,Movie,2025-05-09,2299.41,Entertainment
6277,Taxi,2025-05-13,3563.13,Travel
6278,Utilities,2025-05-13,4102.12,Home
6279,Tuition,2025-05-15,4574.49,Education
6280,Swimming,2025-05-16,1626.56,Sports
6281,Training,2025-05-13,4221.12,Education
6282,Toll,2025-05-15,4075.5,Transportation
6283,Donation,2025-05-04,6244.74,Others
6284,Parking,2025-05-06,7002.36,Transportation
6285,Repair,2025-05-10,5441.73,Home
6286,Phone Bill,2025-05-21,8324.06,Communication
6287,Books,2025-05-27,3415.6,Education
6288,Medicine,2025-05-10,5621.95,Medical
6289,Rental Car,2025-05-27,648.77,Travel
6290,Football,2025-05-24,3656.11,Sports
6291,Mortgage,2025-05-13,2876.61,Home
6292,Appliance,2025-05-02,5823.74,Home
6293,Hotel,2025-05-21,2941.42,Travel
6294,Concert,2025-05-25,7680.25,Entertainment
6295,Lottery,2025-05-19,5659.91,Others
6296,KTV,2025-05-28,1343.01,Entertainment
6297,Vaccine,2025-05-17,3886.5,Medical
6298,Hat,2025-05-13,1136.56,Clothing
6299,Mortgage,2025-05-05,9355.02,Home
6300,Tips,2025-05-10,4043.42,Others
6301,Fuel,2025-05-04,4887.55,Transportation
6302,Lecture,2025-05-14,60.67,Education
6303,Seminar,2025-05-02,5104.16,Education
6304,Exam Fee,2025-05-11,8579.26,Education
6305,Mobile Recharge,2025-05-03,33.24,Communication
6306,Security,2025-05-08,3848.06,Home
6307,Cycling,2025-05-24,9972.55,Sports
6308,Tuition,2025-05-07,7725.4,Education
6309,Fax,2025-05-02,1150.67,Communication
6310,Miscellaneous,2025-05-15,962.01,Others
6311,Doctor Visit,2025-05-09,14.19,Medical
6312,Pet,2025-05-16,1814.82,Others
6313,Running,2025-05-22,8244.13,Sports
6314,Fine,2025-05-24,8074.35,Others
6315,Exhibition,2025-05-04,5192.36,Entertainment
6316,Data Plan,2025-05-19,802.96,Communication
6317,Pet,2025-05-21,2308.46,Others
6318,Taxi,2025-05-19,1711.31,Travel
6319,Online Course,2025-05-24,8133.55,Education
6320,Train,2025-05-17,4614.41,Travel
6321,Seminar,2025-05-10,7665.67,Education
6322,Lecture,2025-05-18,3682.93,Education
6323,Hat,2025-05-26,9965.27,Clothing
6324,Data Plan,2025-05-23,9366.47,Communication
6325,Shirt,2025-05-16,4430.52,Clothing
6326,Tips,2025-05-02,2113.6,Others
6327,Tennis,2025-05-04,321.18,Sports
6328,Shoes,2025-05-23,2021.44,Clothing
6329,Luggage,2025-05-23,128.06,Travel
6330,Surgery,2025-05-25,1175.29,Medical
6331,Dinner,2025-05-22,6493.72,Food
6332,Miscellaneous,2025-05-23,365.5,Others
6333,Lottery,2025-05-18,8429.38,Others
6334,Taxi,2025-05-20,4411.88,Transportation
6335,Equipment,2025-05-24,8986.74,Sports
6336,Train,2025-05-15,3914.09,Travel
6337,Fitness Class,2025-05-23,8565.2,Sports
6338,Online Course,2025-05-02,2433.99,Education
6339,Roaming,2025-05-21,7863.33,Communication
6340,Storage,2025-05-02,3175.4,Others
6341,Suit,2025-05-08,900.24,Clothing
6342,Scarf,2025-05-21,8803.32,Clothing
6343,Stationery,2025-05-15,9956.14,Education
6344,Visa Fee,2025-05-27,3500.07,Travel
6345,Fax,2025-05-11,7214.23,Communication
6346,Equipment,2025-05-12,6247.34,Sports
6347,Dinner,2025-05-22,6035.5,Food
6348,Books,2025-05-08,1387.86,Education
6349,Lunch,2025-05-27,4393.18,Food
6350,Travel Guide,2025-05-02,5881.18,Travel
6351,Mortgage,2025-05-25,4050.79,Home
6352,VPN,2025-05-20,3179.66,Communication
6353,Concert,2025-05-11,9154.82,Entertainment
6354,Messenger App,2025-05-03,9378.21,Communication
6355,VPN,2025-05-12,9491.87,Communication
6356,Delivery,2025-05-17,1853.0,Food
6357,Dental,2025-05-06,7174.69,Medical
6358,Stationery,2025-05-06,6414.67,Education
6359,Dental,2025-05-08,250.56,Medical
6360,Medicine,2025-05-04,7540.09,Medical
6361,Miscellaneous,2025-05-08,1899.74,Others
6362,KTV,2025-05-21,214.92,Entertainment
6363,Bakery,2025-05-17,9588.41,Food
6364,Fitness Class,2025-05-28,7869.5,Sports
6365,Stationery,2025-05-08,5605.51,Education
6366,Running,2025-05-01,2222.92,Sports
6367,Game,2025-05-20,6365.21,Entertainment
6368,Coffee,2025-05-26,7935.7,Food
6369,Running,2025-05-20,7942.32,Sports
6370,Subscription,2025-05-08,6745.81,Others
6371,Utilities,2025-05-01,4828.21,Home
6372,Pants,2025-05-10,3797.11,Clothing
6373,Miscellaneous,2025-05-19,1026.97,Others
6374,Train Ticket,2025-05-15,5767.44,Transportation
6375,Tuition,2025-05-02,271.83,Education
6376,Dinner,2025-05-11,3610.65,Food
6377,Restaurant,2025-05-02,9371.95,Food
6378,Equipment,2025-05-05,8298.66,Sports
6379,Laundry,2025-05-15,4527.77,Others
6380,Messenger App,2025-05-25,4179.91,Communication
6381,Fax,2025-05-21,6956.32,Communication
6382,Lecture,2025-05-19,5123.87,Education
6383,Delivery,2025-05-03,159.2,Food
6384,Delivery,2025-05-20,8403.02,Food
6385,VPN,2025-05-15,2601.42,Communication
6386,Medicine,2025-05-23,1547.63,Medical
6387,Lecture,2025-05-14,4785.72,Education
6388,Breakfast,2025-05-13,8458.09,Food
6389,Suit,2025-05-16,4518.64,Clothing
6390,Rental Car,2025-05-08,2347.86,Travel
6391,Lottery,2025-05-20,8255.49,Others
6392,Taxi,2025-05-26,8119.34,Transportation
6393,Fast Food,2025-05-20,5233.17,Food
6394,Fast Food,2025-05-07,5922.35,Food
6395,Utilities,2025-05-16,9318.98,Home
6396,Scarf,2025-05-27,7023.51,Clothing
6397,Subscription,2025-05-21,8020.63,Others
6398,Bus,2025-05-25,7393.15,Transportation
6399,Restaurant,2025-05-13,4247.84,Food
6400,Dress,2025-05-27,4400.5,Clothing